{"type":"FeatureCollection","name":"aurora-natural-earth-10m-nordic-baltic","bbox":[4.0,53.0,33.0,71.5],"aurora":{"source":"Natural Earth 1:10m","version":"5.1.2","clip":"4E–33E, 53N–71.5N","simplification_degrees":0.004},"features":[{"type":"Feature","properties":{"layer":"land","name":"Aland","name_sv":"Aland","iso":"ALD","focus":false},"geometry":{"type":"MultiPolygon","coordinates":[[[[20.2776,60.14216],[20.29762,60.12153],[20.26889,60.08601],[20.2776,60.06647],[20.26629,60.06049],[20.20191,60.08755],[20.19825,60.10407],[20.22242,60.1496],[20.25807,60.10798],[20.26393,60.11823],[20.25327,60.13858],[20.25571,60.14541],[20.2776,60.14216]]],[[[19.6395,60.22093],[19.67091,60.19058],[19.67107,60.15811],[19.64698,60.15583],[19.59164,60.19676],[19.60328,60.16401],[19.59962,60.14912],[19.58481,60.13532],[19.5652,60.12995],[19.54461,60.13475],[19.52703,60.14863],[19.51319,60.18378],[19.53728,60.20112],[19.53517,60.22207],[19.54225,60.23696],[19.57887,60.26048],[19.59376,60.26048],[19.6281,60.24665],[19.63836,60.23163],[19.6395,60.22093]]],[[[20.42791,60.26569],[20.43897,60.2582],[20.44142,60.24518],[20.39291,60.19676],[20.38087,60.19888],[20.38771,60.22187],[20.38266,60.24071],[20.35304,60.22883],[20.34539,60.2377],[20.34702,60.25288],[20.3589,60.26569],[20.37965,60.26968],[20.41098,60.25951],[20.42791,60.26569]]],[[[20.81886,60.23216],[20.79054,60.23871],[20.7811,60.26366],[20.78728,60.28632],[20.80519,60.2862],[20.85304,60.26569],[20.8506,60.25361],[20.83888,60.24681],[20.81137,60.24518],[20.81886,60.23216]]],[[[20.20875,60.22468],[20.22975,60.20425],[20.20094,60.19941],[20.17457,60.17011],[20.16196,60.16714],[20.13697,60.17634],[20.09547,60.17634],[20.08709,60.1822],[20.08888,60.19587],[20.10231,60.22093],[20.12289,60.23078],[20.17237,60.23282],[20.18824,60.24518],[20.11101,60.23945],[20.08188,60.22337],[20.06471,60.19062],[20.05787,60.19062],[20.06088,60.21475],[20.03191,60.2364],[20.02369,60.25511],[20.05714,60.29316],[20.06129,60.31005],[20.02369,60.31346],[20.03386,60.29389],[20.02491,60.27643],[20.00327,60.26703],[19.97592,60.27871],[19.97975,60.26105],[19.99399,60.24144],[20.03053,60.21723],[20.0149,60.20234],[20.01629,60.18374],[19.96412,60.19481],[19.94801,60.20425],[19.95574,60.21284],[19.95484,60.22468],[19.91456,60.21821],[19.91725,60.20767],[19.94361,60.18623],[19.98731,60.17304],[20.01002,60.15583],[20.0442,60.17634],[20.03297,60.14435],[20.03053,60.11481],[20.05047,60.09781],[20.04477,60.08747],[20.00636,60.09439],[19.96599,60.09113],[19.94899,60.08389],[19.95818,60.05378],[19.9485,60.04767],[19.93775,60.05036],[19.94117,60.06025],[19.924,60.09154],[19.91033,60.10106],[19.88657,60.10122],[19.8733,60.09642],[19.86834,60.08552],[19.84506,60.07868],[19.83172,60.0795],[19.82325,60.0843],[19.82447,60.09439],[19.80698,60.09984],[19.78891,60.09626],[19.76303,60.07392],[19.69467,60.17011],[19.68238,60.21198],[19.67091,60.21723],[19.64698,60.26569],[19.68287,60.26435],[19.69142,60.25654],[19.68849,60.23835],[19.70932,60.26887],[19.77052,60.2862],[19.74936,60.30663],[19.79656,60.29979],[19.76515,60.24897],[19.78419,60.22468],[19.792,60.20014],[19.81422,60.19062],[19.82179,60.19599],[19.8235,60.20848],[19.81764,60.23216],[19.85182,60.21723],[19.85865,60.24518],[19.87973,60.25886],[19.89283,60.30663],[19.90553,60.2718],[19.93434,60.28242],[19.924,60.31428],[19.8895,60.34467],[19.87599,60.33763],[19.85768,60.31322],[19.81918,60.34683],[19.77735,60.35505],[19.79298,60.36054],[19.81764,60.38858],[19.83815,60.40046],[19.88234,60.40559],[19.90642,60.40217],[19.9275,60.35643],[19.96998,60.3614],[19.99562,60.35643],[20.03679,60.33393],[20.02369,60.36127],[20.07203,60.34992],[20.09303,60.35513],[20.12615,60.33393],[20.17807,60.32298],[20.19207,60.31232],[20.18141,60.2862],[20.20191,60.29295],[20.23805,60.28156],[20.2776,60.27871],[20.23601,60.23216],[20.20875,60.22468]]],[[[20.87525,59.91413],[20.86207,59.92817],[20.87086,59.93675],[20.89747,59.94013],[20.92018,59.90925],[20.91236,59.90449],[20.88771,59.90913],[20.87525,59.91413]]],[[[20.98357,59.94278],[20.96925,59.94208],[20.99122,59.92674],[20.98276,59.92154],[20.93214,59.93586],[20.91326,59.94843],[20.93474,59.95799],[20.98976,59.95189],[20.99659,59.94501],[20.98357,59.94278]]],[[[20.61012,60.04499],[20.61793,60.04222],[20.60092,60.03921],[20.60825,60.03596],[20.60629,60.02265],[20.58717,60.00812],[20.57748,60.00666],[20.55047,60.01887],[20.52703,60.00507],[20.50082,60.01268],[20.50554,60.02424],[20.54493,60.0561],[20.58286,60.05915],[20.5879,60.05195],[20.60865,60.04759],[20.61012,60.04499]]],[[[20.42408,60.05524],[20.46258,60.0668],[20.45102,60.04011],[20.43214,60.02509],[20.40235,60.02131],[20.39015,60.02822],[20.40349,60.04051],[20.42408,60.05524]]],[[[20.52117,60.04804],[20.50034,60.03636],[20.47136,60.04133],[20.46974,60.05736],[20.5254,60.0655],[20.51645,60.06696],[20.53338,60.07364],[20.54184,60.07099],[20.52622,60.05683],[20.52117,60.04804]]],[[[20.68336,60.13052],[20.68824,60.11701],[20.67156,60.1092],[20.63868,60.13133],[20.63551,60.14395],[20.65358,60.15135],[20.67945,60.1363],[20.68336,60.13052]]],[[[20.68377,60.2294],[20.71632,60.2093],[20.70769,60.19965],[20.68678,60.19457],[20.67066,60.1992],[20.66407,60.20502],[20.66847,60.22671],[20.68377,60.2294]]],[[[20.77735,60.32648],[20.73268,60.31436],[20.73268,60.33275],[20.75717,60.36612],[20.78736,60.36196],[20.792,60.35277],[20.78533,60.33356],[20.77735,60.32648]]],[[[20.28131,59.97662],[20.30191,59.99898],[20.33945,60.02011],[20.43675,60.00499],[20.44706,59.99518],[20.39858,59.98135],[20.32482,59.9772],[20.32237,59.96269],[20.30665,59.95362],[20.28371,59.95847],[20.28131,59.97662]]],[[[20.03365,60.06363],[20.06819,60.07265],[20.10127,60.09497],[20.13004,60.08693],[20.16326,60.08785],[20.19319,60.06557],[20.22522,60.00548],[20.21179,59.99115],[20.17512,59.97144],[20.18404,59.99294],[20.1715,59.99875],[20.12318,59.98887],[20.10525,59.99647],[20.12132,60.01663],[20.10426,60.02825],[20.07826,60.02822],[20.05846,60.0394],[20.02526,60.04248],[20.03365,60.06363]]],[[[21.08863,60.48013],[21.09669,60.46345],[21.08823,60.45222],[21.07838,60.44896],[21.06495,60.45478],[21.05926,60.46674],[21.0643,60.47435],[21.08465,60.48078],[21.08863,60.48013]]]]}},{"type":"Feature","properties":{"layer":"land","name":"Belarus","name_sv":"Belarus","iso":"BLR","focus":false},"geometry":{"type":"Polygon","coordinates":[[[23.91033,53.0],[23.90968,53.01273],[23.86793,53.05103],[23.85935,53.06798],[23.86069,53.08748],[23.89139,53.12771],[23.89366,53.15195],[23.84808,53.18381],[23.81863,53.22797],[23.80064,53.24246],[23.74297,53.36548],[23.6758,53.45571],[23.59094,53.61125],[23.56707,53.68101],[23.56479,53.7424],[23.5404,53.76359],[23.52986,53.78416],[23.52066,53.83734],[23.48687,53.90999],[23.48562,53.93929],[23.52014,53.93397],[23.62712,53.89821],[23.75445,53.91676],[23.78721,53.92792],[23.82834,53.92007],[23.91981,53.94777],[23.98131,53.9304],[24.04538,53.93087],[24.16962,53.95893],[24.20114,53.95247],[24.22915,53.93237],[24.25705,53.89402],[24.37787,53.88684],[24.41404,53.89769],[24.52866,53.95836],[24.5791,53.97562],[24.64297,53.98301],[24.66684,53.99386],[24.6779,53.99231],[24.69082,53.97283],[24.7056,53.9642],[24.80637,53.97531],[24.81939,53.99257],[24.82136,54.01991],[24.7825,54.09287],[24.81815,54.11013],[24.82156,54.13453],[24.85598,54.14672],[24.90228,54.14977],[24.94827,54.1459],[25.02713,54.12786],[25.07199,54.1322],[25.1156,54.14879],[25.15653,54.17571],[25.20624,54.25679],[25.22412,54.25855],[25.28758,54.24522],[25.36975,54.2479],[25.39404,54.25715],[25.43414,54.29183],[25.45935,54.29891],[25.47868,54.29333],[25.55398,54.23127],[25.50168,54.22176],[25.4993,54.21183],[25.52338,54.20424],[25.52896,54.19566],[25.48576,54.1754],[25.49331,54.15752],[25.51604,54.14476],[25.54302,54.13696],[25.6535,54.12874],[25.69061,54.14822],[25.74001,54.14626],[25.76306,54.15644],[25.77102,54.17215],[25.77195,54.21788],[25.78921,54.23622],[25.73929,54.28258],[25.71924,54.28155],[25.69598,54.32097],[25.68234,54.32563],[25.60741,54.30485],[25.564,54.30315],[25.5423,54.30806],[25.52865,54.32097],[25.53,54.34614],[25.61258,54.4218],[25.61991,54.4881],[25.63087,54.50835],[25.64616,54.52039],[25.70735,54.54153],[25.74042,54.56851],[25.74559,54.5884],[25.73991,54.60773],[25.70838,54.66302],[25.72461,54.71568],[25.7212,54.76674],[25.7243,54.78012],[25.73495,54.78906],[25.77846,54.80529],[25.78228,54.82198],[25.77226,54.85086],[25.7827,54.86968],[25.84667,54.90621],[25.85845,54.93298],[25.87023,54.93882],[25.90786,54.94807],[25.98113,54.94269],[26.10257,54.95701],[26.13864,54.96895],[26.18784,55.00874],[26.22463,55.05488],[26.233,55.11162],[26.26442,55.1401],[26.30948,55.14464],[26.42875,55.12821],[26.45914,55.14475],[26.4734,55.14568],[26.57893,55.11855],[26.60094,55.12082],[26.61634,55.1354],[26.63391,55.19219],[26.65696,55.21534],[26.70109,55.23684],[26.76558,55.24671],[26.78966,55.2572],[26.80072,55.27332],[26.79157,55.29017],[26.76863,55.30024],[26.6027,55.31688],[26.52539,55.3081],[26.45004,55.32706],[26.4455,55.3375],[26.48601,55.39083],[26.49924,55.42809],[26.54327,55.45961],[26.54647,55.47124],[26.52766,55.49217],[26.53211,55.51625],[26.59557,55.56803],[26.60766,55.61645],[26.59453,55.66699],[26.61561,55.68797],[26.64011,55.69557],[26.74305,55.68286],[26.82284,55.70611],[26.84278,55.71934],[26.90015,55.77871],[26.95782,55.81858],[26.98107,55.82688],[27.11078,55.83628],[27.15145,55.83246],[27.26302,55.78722],[27.28245,55.79187],[27.34963,55.83122],[27.37459,55.81484],[27.43882,55.79874],[27.59271,55.79424],[27.61013,55.83096],[27.61716,55.87855],[27.64501,55.92284],[27.74443,55.95974],[27.77699,55.9924],[27.78123,56.01637],[27.88065,56.06387],[27.91145,56.10025],[27.92706,56.10937],[27.98101,56.11802],[28.11098,56.15681],[28.14891,56.14241],[28.26936,56.05821],[28.31091,56.04268],[28.33344,56.05025],[28.36652,56.07911],[28.38977,56.08857],[28.53782,56.09771],[28.61146,56.08846],[28.68061,56.02738],[28.70639,55.95984],[28.73192,55.94679],[28.80897,55.93457],[28.83088,55.93767],[28.83305,55.96098],[28.85972,55.97646],[29.03076,56.02418],[29.08864,56.02322],[29.14543,56.01203],[29.22404,55.97819],[29.3956,55.94772],[29.43157,55.92418],[29.44443,55.90693],[29.44056,55.90054],[29.39963,55.89189],[29.38413,55.87995],[29.37193,55.83639],[29.34361,55.78698],[29.36341,55.75148],[29.41307,55.72776],[29.46102,55.6873],[29.48087,55.6811],[29.5081,55.68549],[29.58536,55.73802],[29.68416,55.7706],[29.71083,55.77375],[29.77987,55.76381],[29.8057,55.77146],[29.86947,55.83055],[29.90782,55.84321],[29.98823,55.8468],[30.10626,55.82192],[30.13235,55.82688],[30.20025,55.85799],[30.27079,55.83065],[30.46882,55.79352],[30.4774,55.78773],[30.47781,55.77913],[30.46928,55.76264],[30.4807,55.75396],[30.56959,55.72952],[30.58747,55.71831],[30.5916,55.7057],[30.58375,55.67914],[30.59635,55.66529],[30.61661,55.65743],[30.69371,55.65216],[30.74218,55.59439],[30.77071,55.59154],[30.84766,55.61102],[30.88616,55.60048],[30.91282,55.5716],[30.91974,55.53449],[30.89938,55.49915],[30.91944,55.49233],[30.91323,55.47971],[30.88719,55.46809],[30.8813,55.45145],[30.8891,55.43341],[30.91861,55.40763],[30.9183,55.38778],[30.90595,55.376],[30.84564,55.35115],[30.81123,55.32308],[30.79717,55.30427],[30.79427,55.28551],[30.80409,55.27296],[30.8568,55.25348],[30.86983,55.24154],[30.88652,55.20454],[30.95979,55.16258],[30.95881,55.14444],[30.98403,55.1309],[30.97029,55.10144],[31.00641,55.04243],[31.00563,55.023],[30.98062,55.01866],[30.91323,55.0246],[30.90662,55.01256],[30.93607,54.97324],[30.91737,54.95396],[30.89949,54.94636],[30.83861,54.93918],[30.81484,54.92802],[30.82745,54.90254],[30.82611,54.87748],[30.76813,54.82994],[30.76265,54.80198],[30.77061,54.78601],[30.8273,54.77103],[30.98062,54.70565],[30.9955,54.68984],[30.99902,54.67134],[31.10516,54.66829],[31.12862,54.64039],[31.16795,54.62158],[31.13947,54.58287],[31.08955,54.5359],[31.06465,54.49228],[31.09359,54.47942],[31.1679,54.46706],[31.17921,54.45311],[31.20903,54.44805],[31.22536,54.42805],[31.24872,54.37678],[31.28479,54.34738],[31.29202,54.33126],[31.29915,54.27261],[31.3098,54.24434],[31.32468,54.22925],[31.50638,54.14393],[31.58312,54.12951],[31.66693,54.10187],[31.73675,54.09417],[31.74812,54.08631],[31.77127,54.04854],[31.78352,54.0458],[31.81385,54.05706],[31.82264,54.05345],[31.84651,53.99231],[31.83793,53.96213],[31.81013,53.8826],[31.7538,53.81961],[31.74466,53.79486],[31.78729,53.79439],[31.87317,53.77713],[32.0836,53.80964],[32.10603,53.80695],[32.16484,53.78168],[32.29041,53.76085],[32.32581,53.74545],[32.3718,53.7144],[32.44213,53.71393],[32.46156,53.7068],[32.49019,53.67714],[32.48058,53.66241],[32.39909,53.63538],[32.41149,53.58236],[32.42942,53.56159],[32.45293,53.5464],[32.55427,53.51079],[32.5768,53.48604],[32.61814,53.49426],[32.65029,53.48764],[32.64166,53.46899],[32.64677,53.45798],[32.70124,53.46211],[32.71953,53.43948],[32.70444,53.36641],[32.71746,53.33494],[32.69793,53.32589],[32.64987,53.33367],[32.57995,53.32437],[32.59592,53.30827],[32.56915,53.29884],[32.50564,53.29719],[32.48058,53.30517],[32.45484,53.30044],[32.4472,53.28876],[32.45598,53.27778],[32.47913,53.27492],[32.45567,53.23667],[32.42363,53.2044],[32.40555,53.19267],[32.35284,53.18045],[32.26798,53.12477],[32.21569,53.12552],[32.20111,53.09756],[32.15233,53.09635],[32.11729,53.0811],[32.08277,53.08196],[32.00991,53.09996],[31.93074,53.08834],[31.8555,53.11025],[31.79628,53.11239],[31.78047,53.12787],[31.76972,53.16926],[31.75628,53.18657],[31.73856,53.19254],[31.67495,53.19523],[31.59361,53.21068],[31.53593,53.19487],[31.41636,53.19998],[31.37853,53.18203],[31.35993,53.13384],[31.36706,53.09893],[31.3637,53.08878],[31.3192,53.07637],[31.24706,53.01439],[31.27624,53.0],[23.91033,53.0]]]}},{"type":"Feature","properties":{"layer":"land","name":"Denmark","name_sv":"Danmark","iso":"DNK","focus":false},"geometry":{"type":"MultiPolygon","coordinates":[[[[8.66078,54.89631],[8.66879,54.91352],[8.66139,54.92032],[8.67482,54.94794],[8.64096,55.02338],[8.64479,55.05573],[8.6819,55.1332],[8.56365,55.14338],[8.55738,55.09638],[8.49936,55.06558],[8.4839,55.06761],[8.47022,55.0786],[8.45883,55.10346],[8.47022,55.17756],[8.48894,55.19717],[8.53053,55.20075],[8.5726,55.19367],[8.59376,55.18098],[8.56951,55.17377],[8.55209,55.16055],[8.55519,55.14936],[8.66928,55.13691],[8.68946,55.14159],[8.68718,55.16059],[8.66879,55.19465],[8.65593,55.23749],[8.64845,55.28026],[8.65935,55.30581],[8.65968,55.32722],[8.63209,55.41877],[8.61769,55.43793],[8.59254,55.44929],[8.44191,55.46393],[8.40113,55.48566],[8.31039,55.56269],[8.31121,55.56977],[8.33237,55.57201],[8.33237,55.57827],[8.31316,55.58271],[8.26783,55.58051],[8.2505,55.57201],[8.23902,55.55793],[8.24203,55.54853],[8.27174,55.53046],[8.24366,55.51679],[8.29396,55.50434],[8.31674,55.48941],[8.32618,55.47211],[8.31332,55.46931],[8.19361,55.52595],[8.11061,55.54023],[8.09522,55.54906],[8.094,55.56391],[8.15024,55.64924],[8.18165,55.72907],[8.18336,55.7696],[8.12778,55.98762],[8.13673,55.98859],[8.15056,55.97704],[8.17547,55.90034],[8.19337,55.87385],[8.19361,55.85322],[8.18165,55.82836],[8.18507,55.81464],[8.19361,55.81184],[8.34783,55.86933],[8.38771,55.89289],[8.39332,55.90917],[8.37289,55.94343],[8.31951,55.98603],[8.31951,56.01703],[8.30812,56.05292],[8.2824,56.07587],[8.24773,56.08983],[8.14967,56.11115],[8.14064,56.10273],[8.13478,55.99396],[8.12013,55.99657],[8.10792,56.02432],[8.10646,56.11945],[8.13063,56.18195],[8.1338,56.20547],[8.12241,56.55166],[8.1338,56.58564],[8.17872,56.67207],[8.19899,56.69888],[8.21388,56.71182],[8.21998,56.70917],[8.23316,56.69546],[8.23243,56.68838],[8.20216,56.6402],[8.23316,56.63398],[8.25392,56.60611],[8.30592,56.59781],[8.29152,56.593],[8.29249,56.56769],[8.30738,56.55435],[8.31804,56.56363],[8.31202,56.5788],[8.3921,56.58527],[8.43653,56.58023],[8.51466,56.54466],[8.52849,56.54816],[8.56577,56.5788],[8.59604,56.53181],[8.59457,56.51048],[8.60108,56.50113],[8.63697,56.47972],[8.66554,56.4759],[8.72657,56.48322],[8.74203,56.49775],[8.75082,56.55207],[8.76254,56.56338],[8.75758,56.57197],[8.70899,56.58857],[8.6985,56.61123],[8.68149,56.61628],[8.6819,56.62653],[8.69516,56.63325],[8.7409,56.63495],[8.80543,56.69546],[8.86158,56.70746],[8.91676,56.70881],[8.84083,56.72236],[8.85011,56.74018],[8.87664,56.76431],[8.95574,56.80297],[9.0149,56.79784],[9.04558,56.8122],[9.06316,56.81257],[9.10597,56.80012],[9.12045,56.76459],[9.16285,56.72964],[9.17604,56.70856],[9.1482,56.70474],[9.11883,56.67878],[9.09343,56.67499],[9.0975,56.65843],[9.05934,56.63398],[9.04884,56.60716],[9.05299,56.57538],[9.06056,56.56574],[9.077,56.56737],[9.09343,56.57807],[9.10678,56.61078],[9.15545,56.61294],[9.14112,56.62604],[9.12135,56.62035],[9.14861,56.66132],[9.15545,56.66132],[9.14943,56.63886],[9.27622,56.63296],[9.28533,56.62035],[9.2824,56.61054],[9.25034,56.5788],[9.26124,56.57636],[9.27084,56.5583],[9.32618,56.53034],[9.34669,56.55207],[9.36085,56.54474],[9.37306,56.55272],[9.37273,56.56538],[9.35035,56.57197],[9.31284,56.55777],[9.29371,56.56102],[9.30063,56.60912],[9.32602,56.66942],[9.30568,56.69546],[9.2907,56.70384],[9.27084,56.70234],[9.19907,56.67658],[9.17791,56.67585],[9.16912,56.68867],[9.18035,56.70075],[9.22641,56.71625],[9.24252,56.74706],[9.24049,56.75397],[9.21551,56.75886],[9.19654,56.77045],[9.17498,56.80606],[9.17604,56.81843],[9.21144,56.85151],[9.21062,56.8631],[9.19956,56.87983],[9.16285,56.89411],[9.20021,56.93891],[9.25147,56.97256],[9.27996,56.9798],[9.28875,56.99714],[9.43702,57.0244],[9.47006,57.02383],[9.58676,56.99714],[9.58676,56.98969],[9.57399,56.98501],[9.57309,56.97883],[9.59425,56.96918],[9.60792,56.96988],[9.68897,57.03913],[9.76124,57.05858],[9.80909,57.05174],[9.91578,57.05858],[9.85662,57.08869],[9.79566,57.10639],[9.73325,57.0668],[9.71193,57.06126],[9.67514,57.07917],[9.58082,57.0493],[9.49399,57.04857],[9.24537,57.00235],[9.11451,57.05858],[9.12086,57.0454],[9.1128,57.03864],[9.04265,57.01773],[9.02573,57.01756],[9.03199,57.02383],[9.01401,57.03018],[8.99676,57.02806],[8.96315,57.0102],[8.94695,57.01118],[8.90162,56.98627],[8.89308,56.99966],[8.85043,57.00348],[8.83334,56.99714],[8.84799,56.98847],[8.8117,56.96988],[8.76206,56.95547],[8.72641,56.96125],[8.67953,56.95254],[8.66879,56.9453],[8.66334,56.92593],[8.6211,56.89411],[8.60792,56.84968],[8.56959,56.81843],[8.53631,56.81452],[8.49138,56.79426],[8.4839,56.78115],[8.49147,56.73139],[8.47641,56.72215],[8.47641,56.71597],[8.52556,56.71597],[8.53305,56.7038],[8.52703,56.6953],[8.50099,56.68867],[8.45289,56.70234],[8.40821,56.68867],[8.40821,56.68122],[8.4559,56.68867],[8.50099,56.67499],[8.57154,56.69196],[8.58627,56.68867],[8.58627,56.65388],[8.60808,56.63105],[8.58302,56.60932],[8.54664,56.60171],[8.55958,56.593],[8.53932,56.59276],[8.51149,56.607],[8.48699,56.62531],[8.4673,56.65205],[8.44483,56.66405],[8.37338,56.68024],[8.35222,56.69294],[8.31951,56.72215],[8.30201,56.76374],[8.24366,56.77741],[8.26319,56.71894],[8.26075,56.70539],[8.24586,56.70401],[8.23829,56.72504],[8.23618,56.77119],[8.24789,56.81244],[8.27036,56.84325],[8.44972,57.00397],[8.50359,57.03465],[8.58627,57.10639],[8.61801,57.12287],[8.78395,57.1048],[8.87436,57.11612],[8.91456,57.12743],[8.96258,57.15656],[8.98048,57.16104],[9.23064,57.1411],[9.32154,57.14704],[9.41212,57.16543],[9.49781,57.19701],[9.57325,57.24291],[9.78842,57.4593],[9.82643,57.48994],[9.89536,57.53156],[9.92986,57.56745],[9.96697,57.59138],[10.01539,57.59663],[10.10768,57.59296],[10.1976,57.60122],[10.27955,57.62092],[10.3506,57.64899],[10.4725,57.71699],[10.53907,57.74384],[10.59604,57.75117],[10.64894,57.73701],[10.59441,57.7259],[10.54249,57.69892],[10.46046,57.63056],[10.43043,57.57054],[10.45834,57.52546],[10.50896,57.48404],[10.54656,57.43529],[10.51743,57.3913],[10.51791,57.33918],[10.53907,57.23672],[10.52198,57.22175],[10.47088,57.20116],[10.44679,57.18488],[10.41147,57.14444],[10.39552,57.11726],[10.38404,57.0742],[10.34718,57.0102],[10.31967,56.9975],[10.23976,56.99283],[10.15602,57.02383],[10.094,57.06049],[9.99464,57.09272],[9.97446,57.08649],[9.94614,57.06118],[9.92693,57.05858],[9.94549,57.05732],[9.96656,57.07221],[10.00196,57.08389],[10.02263,57.07909],[10.12127,57.02212],[10.19239,56.99404],[10.29509,56.98859],[10.31373,56.98286],[10.27955,56.95551],[10.26588,56.9077],[10.29542,56.77888],[10.32,56.73648],[10.34059,56.71735],[10.3187,56.70824],[10.28256,56.71597],[10.23756,56.71597],[10.20387,56.70234],[10.16814,56.72004],[10.14649,56.72236],[9.9909,56.67695],[9.94557,56.65815],[9.80592,56.64704],[9.80592,56.6402],[9.85133,56.63573],[10.00147,56.66132],[10.04957,56.67499],[10.06284,56.68867],[10.10133,56.68268],[10.12379,56.69233],[10.13478,56.71239],[10.15056,56.71442],[10.18336,56.70856],[10.17579,56.69546],[10.24195,56.68838],[10.28354,56.68977],[10.33424,56.70384],[10.35279,56.68183],[10.35768,56.64875],[10.34034,56.62035],[10.27296,56.5917],[10.21437,56.5583],[10.20387,56.51667],[10.21144,56.50532],[10.2068,56.49095],[10.18336,56.46955],[10.2256,56.47574],[10.22755,56.54108],[10.23764,56.55439],[10.33033,56.60322],[10.35092,56.59589],[10.36524,56.55842],[10.4699,56.5209],[10.55152,56.51557],[10.78907,56.53636],[10.82228,56.53425],[10.85499,56.52416],[10.90211,56.48322],[10.96412,56.44843],[10.96412,56.44221],[10.94093,56.42951],[10.92848,56.40648],[10.92262,56.35627],[10.91163,56.33405],[10.81959,56.26093],[10.77296,56.24299],[10.75538,56.22931],[10.75001,56.21605],[10.75262,56.18496],[10.73862,56.15453],[10.70704,56.15087],[10.67221,56.16519],[10.64894,56.18838],[10.68523,56.19623],[10.69044,56.20889],[10.68767,56.22223],[10.62859,56.23754],[10.54916,56.17821],[10.57374,56.11262],[10.54803,56.10126],[10.51857,56.10273],[10.49122,56.13996],[10.5254,56.15363],[10.50945,56.17011],[10.46811,56.17707],[10.4087,56.16486],[10.35467,56.20205],[10.37696,56.20332],[10.42921,56.22248],[10.47779,56.20234],[10.49122,56.2163],[10.47429,56.23224],[10.47543,56.2447],[10.50473,56.27778],[10.47682,56.28091],[10.44264,56.29865],[10.41676,56.2919],[10.40301,56.29825],[10.39381,56.27652],[10.36378,56.26557],[10.33693,56.23273],[10.31251,56.21516],[10.25847,56.19025],[10.23422,56.17133],[10.22022,56.14789],[10.25904,56.09903],[10.26564,56.07372],[10.26149,56.05443],[10.23113,56.01703],[10.27272,56.02485],[10.27752,56.01777],[10.25245,55.98623],[10.24537,55.91462],[10.21754,55.88984],[10.18336,55.87373],[10.19939,55.85074],[10.18214,55.83369],[10.15105,55.83812],[10.12379,55.87328],[10.10182,55.88239],[10.00465,55.87987],[9.99171,55.87735],[9.97047,55.85944],[9.94451,55.85358],[9.86744,55.852],[9.89259,55.83625],[10.04575,55.81395],[10.01735,55.76557],[10.01979,55.75788],[10.05983,55.75641],[10.05983,55.7495],[10.01881,55.73627],[10.00685,55.72504],[10.01824,55.70856],[10.00522,55.70112],[9.9817,55.70942],[9.79225,55.67446],[9.73097,55.68814],[9.68653,55.70856],[9.55641,55.71158],[9.55274,55.70112],[9.57358,55.69546],[9.65854,55.69038],[9.7103,55.66014],[9.73829,55.62971],[9.85377,55.62665],[9.75766,55.5716],[9.71241,55.56029],[9.70688,55.5373],[9.60727,55.51679],[9.55958,55.52363],[9.56642,55.51679],[9.55193,55.50511],[9.49806,55.48945],[9.53443,55.48383],[9.60239,55.4958],[9.66017,55.47797],[9.66424,55.4667],[9.64894,55.44107],[9.58676,55.42744],[9.60792,55.39326],[9.60084,55.36591],[9.64527,55.34272],[9.64828,55.33291],[9.63461,55.32502],[9.63461,55.31757],[9.6819,55.27464],[9.70607,55.26508],[9.7103,55.24868],[9.68442,55.19758],[9.6421,55.18842],[9.56983,55.19253],[9.54591,55.17414],[9.48634,55.15624],[9.48634,55.14741],[9.49464,55.14008],[9.51189,55.14008],[9.51189,55.1332],[9.48243,55.13377],[9.45655,55.12572],[9.52133,55.11587],[9.55958,55.08539],[9.51661,55.05654],[9.43434,55.03754],[9.44288,55.02338],[9.45525,55.02318],[9.51189,55.03636],[9.54591,55.03636],[9.57993,55.05069],[9.60157,55.0454],[9.66261,55.00971],[9.73097,54.99543],[9.76319,54.90046],[9.75196,54.89301],[9.71144,54.89859],[9.70346,54.88618],[9.72787,54.87946],[9.74448,54.86628],[9.75025,54.84626],[9.74594,54.83601],[9.73121,54.83153],[9.71957,54.83584],[9.69662,54.85887],[9.65504,54.85708],[9.6233,54.8653],[9.63461,54.87934],[9.61036,54.90322],[9.64422,54.91327],[9.63884,54.92475],[9.615,54.93268],[9.58676,54.92772],[9.54591,54.87934],[9.52215,54.8793],[9.45639,54.84382],[9.44288,54.83153],[9.43692,54.81014],[9.40519,54.80839],[9.38504,54.81939],[9.31703,54.80162],[9.22639,54.80591],[9.21151,54.84182],[9.19477,54.8504],[8.98269,54.87934],[8.90414,54.89794],[8.82425,54.9059],[8.73278,54.88905],[8.69588,54.88998],[8.66078,54.89631]]],[[[11.84522,54.73192],[11.81471,54.71869],[11.80698,54.70799],[11.84645,54.69782],[11.84262,54.67621],[11.81072,54.6551],[11.76612,54.64655],[11.61053,54.66641],[11.51222,54.64655],[11.47438,54.62613],[11.45183,54.62836],[11.35873,54.66055],[11.2977,54.69156],[11.18775,54.73224],[11.03053,54.76065],[11.00929,54.77163],[10.9992,54.78677],[11.00571,54.80366],[11.03077,54.81216],[11.08969,54.81061],[11.10816,54.83153],[11.07838,54.84113],[11.01881,54.88618],[11.01881,54.90339],[11.0324,54.91926],[11.07399,54.94819],[11.08815,54.94416],[11.2317,54.96125],[11.33888,54.91913],[11.36891,54.88109],[11.59474,54.8111],[11.57277,54.84797],[11.59474,54.85887],[11.65626,54.86628],[11.64479,54.88963],[11.64943,54.91352],[11.72576,54.87336],[11.73194,54.85887],[11.75563,54.84113],[11.78728,54.83153],[11.77296,54.82469],[11.78761,54.80687],[11.84864,54.77318],[11.85548,54.7436],[11.84522,54.73192]]],[[[10.45021,54.89981],[10.4992,54.87458],[10.49871,54.85887],[10.51857,54.852],[10.44012,54.8415],[10.40626,54.82469],[10.38347,54.83076],[10.21144,54.93936],[10.18922,54.97748],[10.28875,54.94074],[10.31373,54.92772],[10.34962,54.89672],[10.39137,54.89545],[10.39584,54.90347],[10.38884,54.92032],[10.40309,54.90839],[10.41521,54.87848],[10.42604,54.8725],[10.46095,54.8745],[10.46363,54.88247],[10.45021,54.89981]]],[[[12.41717,55.03022],[12.50473,55.01976],[12.53761,55.00239],[12.55372,54.96809],[12.55177,54.95718],[12.54265,54.95116],[12.50278,54.94819],[12.38461,54.96308],[12.3484,54.96003],[12.28004,54.93456],[12.22682,54.89265],[12.20777,54.88618],[12.115,54.90729],[12.115,54.91352],[12.12916,54.91352],[12.12468,54.92373],[12.12892,54.93163],[12.1491,54.94082],[12.12916,54.95441],[12.1644,54.97264],[12.17701,54.96809],[12.18434,54.97553],[12.17701,54.9892],[12.23219,54.97553],[12.28688,54.9892],[12.28126,55.00715],[12.2942,55.01655],[12.2942,55.02338],[12.2527,55.04385],[12.24757,55.05386],[12.25099,55.06074],[12.28004,55.06428],[12.30177,55.04206],[12.3353,55.03327],[12.41717,55.03022]]],[[[10.0114,54.97553],[10.06512,54.89082],[10.06446,54.88101],[10.02198,54.87934],[9.96803,54.85952],[9.95362,54.86262],[9.89112,54.8793],[9.87428,54.88618],[9.87428,54.89301],[9.90089,54.9007],[9.99155,54.8725],[9.99155,54.87934],[9.9437,54.90363],[9.89828,54.91299],[9.87794,54.91132],[9.85377,54.89981],[9.81471,54.90107],[9.78093,54.91681],[9.76124,54.94306],[9.76441,54.97553],[9.75815,54.97553],[9.75815,54.98176],[9.8274,54.94546],[9.8475,54.94819],[9.83277,54.96516],[9.84213,54.97028],[9.78679,55.00015],[9.79908,55.00971],[9.79908,55.01655],[9.72055,55.01227],[9.67416,55.02106],[9.66879,55.03022],[9.69662,55.05069],[9.64552,55.04487],[9.62843,55.05069],[9.62843,55.05805],[9.71664,55.08222],[9.79347,55.08076],[9.85304,55.04011],[9.88478,55.03022],[9.92905,55.02619],[9.96095,55.01504],[9.98658,54.99775],[10.0114,54.97553]]],[[[10.85499,55.04385],[10.86199,55.07209],[10.89552,55.12153],[10.93426,55.15965],[10.95672,55.15371],[10.90895,55.03022],[10.8899,54.99738],[10.83774,54.93724],[10.74106,54.75239],[10.73129,54.74006],[10.69386,54.7353],[10.6819,54.74482],[10.65642,54.80366],[10.60108,54.83832],[10.64088,54.84321],[10.66928,54.86628],[10.68442,54.88784],[10.6989,54.88117],[10.72446,54.88618],[10.71778,54.90729],[10.70037,54.90156],[10.68295,54.90729],[10.69703,54.93134],[10.7741,54.98656],[10.79819,54.99657],[10.85499,55.04385]]],[[[15.15138,55.1332],[15.13771,55.11953],[15.14772,55.09561],[15.14471,55.0871],[15.10662,55.04466],[15.11324,55.0183],[15.07267,54.99164],[14.98287,55.00101],[14.85861,55.03823],[14.78083,55.05113],[14.68417,55.10135],[14.69704,55.12265],[14.70924,55.23583],[14.73707,55.26667],[14.76092,55.30927],[14.85142,55.2482],[14.9268,55.2158],[14.9734,55.21613],[15.0005,55.18842],[15.08454,55.15458],[15.1316,55.14545],[15.15138,55.1332]]],[[[8.47641,55.34544],[8.45167,55.33975],[8.4253,55.35554],[8.40235,55.38003],[8.37094,55.42744],[8.36427,55.44904],[8.37436,55.46328],[8.40821,55.46841],[8.41196,55.43871],[8.4489,55.43553],[8.46339,55.42744],[8.45021,55.39338],[8.46746,55.3537],[8.47641,55.34544]]],[[[10.66627,55.06428],[10.60475,55.06257],[10.56886,55.04987],[10.53826,55.02973],[10.47755,55.04385],[10.38884,55.05069],[10.36256,55.06273],[10.31275,55.06367],[10.23422,55.09223],[10.20525,55.09369],[10.1976,55.08609],[10.19703,55.06428],[10.14178,55.09223],[10.08351,55.08698],[10.06593,55.09223],[10.14259,55.1258],[10.15602,55.14008],[10.11297,55.18378],[10.094,55.18842],[10.03932,55.18098],[10.00359,55.19733],[9.99155,55.18842],[9.99448,55.1728],[10.02914,55.1424],[10.02565,55.12572],[9.98553,55.12775],[9.98878,55.15184],[9.97202,55.18472],[9.9795,55.21284],[9.91139,55.2285],[9.88396,55.25348],[9.88396,55.26561],[9.89536,55.28026],[9.88168,55.31444],[9.88478,55.34886],[9.82985,55.35228],[9.80242,55.36237],[9.77809,55.38028],[9.83009,55.3889],[9.8401,55.40009],[9.78549,55.41376],[9.81959,55.41376],[9.80926,55.42548],[9.79103,55.43183],[9.73732,55.43818],[9.70346,55.46214],[9.70346,55.46841],[9.78631,55.4372],[9.81218,55.44107],[9.71339,55.49103],[9.67628,55.49567],[9.68393,55.50605],[9.71778,55.51679],[9.75514,55.54413],[9.8274,55.54841],[9.8401,55.52363],[9.88819,55.50869],[9.94028,55.51923],[10.03932,55.55777],[10.16863,55.58226],[10.23732,55.60554],[10.27215,55.60554],[10.27955,55.58511],[10.29363,55.58808],[10.29379,55.61612],[10.30763,55.61823],[10.4074,55.58295],[10.44418,55.55317],[10.51881,55.53343],[10.48683,55.53718],[10.47527,55.53197],[10.47071,55.52021],[10.48911,55.5091],[10.48601,55.49478],[10.45704,55.48945],[10.41961,55.45881],[10.43605,55.44212],[10.47153,55.44306],[10.49122,55.46528],[10.50245,55.46357],[10.60914,55.49258],[10.60231,55.50625],[10.56691,55.52363],[10.56983,55.53242],[10.60108,55.51679],[10.61378,55.5279],[10.59425,55.57827],[10.61459,55.5646],[10.60857,55.61298],[10.62762,55.61359],[10.65691,55.59488],[10.70411,55.55028],[10.70924,55.52705],[10.73813,55.50935],[10.74236,55.48749],[10.65748,55.4597],[10.5713,55.46125],[10.55942,55.45531],[10.55405,55.44257],[10.56332,55.43623],[10.59425,55.44107],[10.58855,55.44941],[10.59596,55.45966],[10.68295,55.4479],[10.69793,55.44025],[10.79664,55.35855],[10.83432,55.29027],[10.79689,55.30768],[10.78028,55.30492],[10.77296,55.2871],[10.77866,55.27485],[10.81332,55.23558],[10.81267,55.19428],[10.79078,55.15693],[10.78338,55.12421],[10.7588,55.10529],[10.73365,55.07185],[10.70558,55.06257],[10.66627,55.06428]]],[[[12.61573,55.68814],[12.67457,55.60126],[12.63941,55.57827],[12.55633,55.55048],[12.53484,55.56932],[12.52052,55.59675],[12.52019,55.61921],[12.56739,55.654],[12.59506,55.69135],[12.60841,55.70112],[12.61411,55.69245],[12.61573,55.68814]]],[[[10.55942,55.86628],[10.58107,55.89452],[10.58025,55.91153],[10.56691,55.92829],[10.52833,55.94062],[10.51539,55.95124],[10.51857,55.97614],[10.54396,55.99799],[10.55681,55.9958],[10.56422,55.95384],[10.58025,55.93651],[10.62827,55.92084],[10.61541,55.90034],[10.62143,55.87987],[10.63868,55.86612],[10.66627,55.8867],[10.66928,55.88003],[10.62827,55.84577],[10.62436,55.79434],[10.61459,55.77684],[10.58221,55.75975],[10.54713,55.7652],[10.52027,55.78856],[10.51157,55.82526],[10.51726,55.84553],[10.54217,55.85814],[10.55942,55.86628]]],[[[12.04037,54.89301],[12.09645,54.8981],[12.17018,54.84455],[12.17018,54.83832],[12.06715,54.78681],[12.02272,54.7353],[11.9607,54.69408],[11.96022,54.66234],[11.97145,54.60562],[11.969,54.56977],[11.94907,54.56859],[11.92823,54.58397],[11.92368,54.59813],[11.86915,54.65961],[11.87062,54.68037],[11.91017,54.72167],[11.87582,54.72972],[11.87233,54.73994],[11.88282,54.75641],[11.80909,54.80492],[11.79347,54.84455],[11.74968,54.87311],[11.74203,54.92544],[11.73194,54.93529],[11.71144,54.94082],[11.71144,54.94819],[11.75929,54.96809],[11.80397,54.94819],[11.83758,54.96613],[11.84832,54.95913],[11.86248,54.96369],[11.88282,54.97553],[11.88282,54.98176],[11.84181,55.03022],[11.75563,55.05069],[11.72877,55.06428],[11.66554,55.06639],[11.6159,55.09223],[11.82748,55.05069],[11.80535,55.07388],[11.74342,55.10053],[11.71762,55.12572],[11.80397,55.13483],[11.80958,55.13886],[11.80698,55.14688],[11.78541,55.15721],[11.72853,55.15477],[11.71144,55.16791],[11.73471,55.18867],[11.73308,55.20014],[11.71762,55.20832],[11.69508,55.20808],[11.64943,55.18098],[11.50603,55.20832],[11.49236,55.20417],[11.42319,55.22191],[11.36891,55.20832],[11.29998,55.20832],[11.29998,55.20148],[11.32049,55.19465],[11.261,55.20059],[11.24537,55.21479],[11.23854,55.24242],[11.26783,55.23591],[11.28004,55.24234],[11.28631,55.25609],[11.24195,55.24868],[11.24155,55.27851],[11.15284,55.32844],[11.18824,55.33527],[11.19012,55.34544],[11.16798,55.35277],[11.14235,55.35228],[11.12355,55.33185],[11.10816,55.33185],[11.08774,55.35855],[11.08774,55.36595],[11.12892,55.36518],[11.15919,55.38129],[11.20436,55.39183],[11.2142,55.4038],[11.21315,55.41576],[11.20094,55.42121],[11.20485,55.43134],[11.19646,55.45384],[11.16391,55.5019],[11.13559,55.51512],[11.115,55.51679],[11.08578,55.50755],[11.0809,55.51309],[11.08855,55.53384],[11.13795,55.54291],[11.14845,55.55732],[11.14568,55.57612],[11.13209,55.59528],[11.0879,55.62694],[11.03924,55.64346],[10.92994,55.66014],[10.92994,55.66763],[11.08774,55.66014],[11.07106,55.67695],[10.98463,55.70112],[10.96022,55.72435],[10.89145,55.73127],[10.8755,55.73652],[10.8755,55.74274],[11.03305,55.72907],[11.16277,55.7495],[11.16277,55.74274],[11.12184,55.73652],[11.13754,55.71906],[11.16342,55.70539],[11.19264,55.70034],[11.21803,55.70856],[11.17644,55.72907],[11.19012,55.73652],[11.21616,55.72875],[11.25221,55.72907],[11.35222,55.75581],[11.36402,55.76512],[11.37566,55.80793],[11.3484,55.83832],[11.39845,55.8264],[11.42172,55.83198],[11.44337,55.84577],[11.47755,55.84154],[11.50522,55.86872],[11.51051,55.90827],[11.47739,55.94135],[11.38429,55.95083],[11.30453,55.96784],[11.28191,55.97895],[11.27263,55.99657],[11.40056,55.96198],[11.42693,55.96552],[11.58107,55.95185],[11.59938,55.94208],[11.64088,55.94343],[11.76832,55.97053],[11.7798,55.96186],[11.73878,55.92084],[11.7505,55.91039],[11.74399,55.90375],[11.71144,55.90717],[11.71762,55.92084],[11.6858,55.91987],[11.6631,55.90717],[11.71266,55.8581],[11.73162,55.83071],[11.71762,55.81098],[11.65626,55.81098],[11.62623,55.7906],[11.60776,55.79047],[11.60776,55.78303],[11.6736,55.78303],[11.72039,55.79865],[11.73878,55.79735],[11.75587,55.77293],[11.76271,55.7495],[11.6823,55.74128],[11.65724,55.73086],[11.68434,55.72163],[11.72926,55.72358],[11.74635,55.73102],[11.78728,55.70112],[11.79444,55.68793],[11.7798,55.66014],[11.81056,55.6791],[11.85548,55.73282],[11.84181,55.75641],[11.86915,55.80476],[11.88404,55.81367],[11.93735,55.82526],[11.95362,55.8535],[11.90952,55.91547],[11.91684,55.93452],[11.93474,55.93366],[11.99822,55.90282],[11.99203,55.87373],[12.03126,55.8166],[12.049,55.77534],[12.05193,55.73664],[12.02613,55.7154],[11.97267,55.72142],[11.95818,55.69343],[11.92303,55.67414],[11.91017,55.66014],[11.93043,55.65762],[11.95916,55.66511],[11.98219,55.6789],[11.9852,55.69489],[12.00115,55.69868],[12.03191,55.6872],[12.04037,55.67446],[12.00929,55.68049],[12.00514,55.67817],[12.0114,55.66901],[12.06031,55.654],[12.09205,55.70673],[12.09506,55.72907],[12.05348,55.83832],[12.04982,55.88801],[12.02613,55.94135],[12.01059,55.95527],[11.99244,55.9606],[11.86549,55.93936],[11.84864,55.94819],[11.86557,55.97272],[11.91733,55.99763],[12.01246,56.03071],[12.16537,56.1037],[12.24513,56.12873],[12.32846,56.1269],[12.41489,56.09903],[12.4861,56.09903],[12.62192,56.04377],[12.56739,55.99657],[12.51271,55.92829],[12.51271,55.92084],[12.55445,55.88288],[12.57602,55.82917],[12.60222,55.79735],[12.5879,55.72907],[12.60222,55.70856],[12.54103,55.64887],[12.50327,55.63402],[12.48715,55.60985],[12.46502,55.60554],[12.42368,55.61884],[12.40358,55.61921],[12.33131,55.5954],[12.24822,55.54613],[12.19809,55.48749],[12.22486,55.43488],[12.27345,55.41022],[12.36883,55.40009],[12.43474,55.36367],[12.46502,55.29027],[12.39243,55.25532],[12.18279,55.2272],[12.14137,55.20799],[12.1211,55.19107],[12.10906,55.17072],[12.115,55.15371],[12.09897,55.14142],[12.08074,55.14688],[12.08815,55.16836],[12.07667,55.18195],[12.05641,55.1857],[12.01466,55.16747],[12.01246,55.15713],[12.04664,55.14008],[12.16863,55.12848],[12.17701,55.10529],[12.16505,55.0913],[12.1185,55.07355],[12.16334,55.02338],[12.16228,55.00438],[12.14894,54.99413],[12.10499,54.9892],[12.03297,54.96809],[11.99806,54.97651],[11.94386,55.00609],[11.91017,55.00971],[11.91684,55.00288],[11.89715,54.99543],[11.90154,54.97639],[11.88502,54.95515],[11.88282,54.94082],[11.89015,54.92963],[11.91847,54.92194],[11.93116,54.92772],[11.92368,54.94082],[11.95786,54.94819],[11.98219,54.92032],[12.02394,54.89802],[12.04037,54.89301]]],[[[11.51222,56.69546],[11.50953,56.71015],[11.52084,56.7154],[11.60613,56.7204],[11.64943,56.72964],[11.64943,56.72215],[11.61801,56.71133],[11.58107,56.68122],[11.54371,56.67866],[11.52459,56.68472],[11.51222,56.69546]]],[[[8.82586,56.74384],[8.77125,56.71597],[8.76612,56.69872],[8.65838,56.67813],[8.64845,56.68106],[8.62176,56.71393],[8.58627,56.73648],[8.55592,56.74384],[8.51466,56.73823],[8.5228,56.75507],[8.55323,56.76813],[8.54526,56.79108],[8.57301,56.80256],[8.64381,56.80805],[8.66879,56.82583],[8.6211,56.83202],[8.65512,56.86685],[8.64975,56.87425],[8.65162,56.89419],[8.76246,56.90542],[8.79176,56.91454],[8.81365,56.91035],[8.86744,56.96296],[8.89039,56.95482],[8.91627,56.97907],[8.92888,56.97663],[8.90846,56.94872],[8.9227,56.92202],[8.9004,56.87482],[8.88795,56.86685],[8.88266,56.88638],[8.86744,56.89411],[8.83961,56.87983],[8.83644,56.86929],[8.84702,56.8531],[8.85515,56.81977],[8.86394,56.80952],[8.88111,56.80537],[8.85328,56.79784],[8.86744,56.79108],[8.83912,56.75727],[8.82586,56.74384]]],[[[11.14235,57.33234],[11.18149,57.33031],[11.19728,57.31338],[11.1965,57.30282],[11.18911,57.29428],[11.14323,57.30135],[11.06658,57.29133],[11.08269,57.28388],[11.09417,57.269],[11.0911,57.25278],[11.02884,57.20191],[10.9979,57.19791],[10.97796,57.20673],[10.95181,57.23373],[10.8888,57.24534],[10.85499,57.26463],[10.85499,57.2709],[10.88842,57.27486],[10.9466,57.30464],[11.01008,57.30987],[11.02772,57.32069],[11.10193,57.32042],[11.14235,57.33234]]]]}},{"type":"Feature","properties":{"layer":"land","name":"Estonia","name_sv":"Estland","iso":"EST","focus":false},"geometry":{"type":"MultiPolygon","coordinates":[[[[24.30616,57.86819],[24.32439,57.88679],[24.33383,57.92133],[24.38111,57.98383],[24.39829,58.02326],[24.46412,58.07217],[24.46412,58.12055],[24.47291,58.15473],[24.45509,58.18525],[24.45484,58.19644],[24.46754,58.21784],[24.47096,58.25092],[24.49147,58.26569],[24.54851,58.28929],[24.56039,58.31232],[24.55104,58.33373],[24.52882,58.35065],[24.44418,58.38614],[24.36183,58.39728],[24.31593,58.37995],[24.29575,58.35497],[24.28688,58.31855],[24.24334,58.28022],[24.21079,58.27139],[24.15602,58.27684],[24.11166,58.24103],[24.08351,58.25088],[24.05323,58.27827],[23.98024,58.31843],[23.85467,58.33967],[23.83351,58.35395],[23.80568,58.3465],[23.77711,58.35497],[23.75563,58.34003],[23.74098,58.34309],[23.71892,58.39956],[23.68336,58.42219],[23.67742,58.43525],[23.68434,58.49966],[23.67897,58.52416],[23.66383,58.5362],[23.62241,58.52912],[23.58432,58.54487],[23.5735,58.55195],[23.56121,58.58316],[23.54615,58.5799],[23.51637,58.55463],[23.50147,58.56249],[23.49806,58.57221],[23.51824,58.60375],[23.49318,58.67341],[23.49773,58.6966],[23.50652,58.70539],[23.5359,58.70279],[23.54664,58.70962],[23.53004,58.72285],[23.52735,58.73615],[23.53305,58.74746],[23.58448,58.73794],[23.69703,58.75117],[23.75522,58.73359],[23.8025,58.7307],[23.80486,58.74799],[23.78338,58.75585],[23.77955,58.76642],[23.78549,58.77798],[23.79949,58.78535],[23.81617,58.78461],[23.87436,58.77167],[23.81568,58.79995],[23.78419,58.80097],[23.75766,58.78535],[23.73951,58.798],[23.67652,58.79218],[23.60336,58.79483],[23.56031,58.78583],[23.54274,58.77538],[23.48552,58.77733],[23.42945,58.76484],[23.46656,58.80073],[23.48569,58.80964],[23.51881,58.81265],[23.52613,58.81977],[23.46363,58.86416],[23.45509,58.883],[23.42237,58.90868],[23.42205,58.9287],[23.4437,58.94404],[23.5101,58.9416],[23.53191,58.95669],[23.54916,58.95083],[23.58448,58.95356],[23.61671,58.96768],[23.6277,58.97915],[23.62159,59.01533],[23.60548,59.03266],[23.55983,59.0528],[23.61443,59.0113],[23.58033,59.00507],[23.55983,58.9914],[23.55299,58.97089],[23.54331,58.96988],[23.52565,58.98395],[23.46127,58.99238],[23.43483,59.00381],[23.40838,59.02558],[23.43629,59.02558],[23.42921,59.04361],[23.43491,59.0561],[23.49073,59.08828],[23.51824,59.07331],[23.51938,59.12499],[23.48618,59.17414],[23.47088,59.21214],[23.52565,59.23041],[23.57846,59.2263],[23.64186,59.25739],[23.66228,59.25829],[23.71551,59.23168],[23.73048,59.23041],[23.7422,59.23941],[23.74293,59.25015],[23.72364,59.26508],[23.73487,59.27774],[23.75685,59.28364],[23.84539,59.28465],[23.88884,59.27875],[24.03859,59.29328],[24.08058,59.27131],[24.10011,59.2945],[24.09205,59.31257],[24.01938,59.36726],[24.02223,59.37812],[24.03484,59.38866],[24.063,59.39737],[24.08058,59.39545],[24.16489,59.35407],[24.19386,59.34772],[24.22193,59.35517],[24.21339,59.37226],[24.1631,59.40229],[24.18287,59.40876],[24.27125,59.4121],[24.30616,59.41909],[24.31772,59.43098],[24.33383,59.47061],[24.42254,59.47744],[24.4983,59.44383],[24.54819,59.46296],[24.64259,59.43643],[24.66049,59.44062],[24.65659,59.4499],[24.62184,59.46312],[24.62184,59.47061],[24.65854,59.47207],[24.66627,59.49209],[24.67498,59.49604],[24.69752,59.49103],[24.7444,59.44721],[24.77263,59.4501],[24.79005,59.45893],[24.81577,59.48933],[24.80681,59.50471],[24.78354,59.51984],[24.77263,59.55996],[24.80348,59.5705],[24.84164,59.55443],[24.90919,59.51154],[24.93442,59.50804],[25.01222,59.51838],[25.09783,59.49787],[25.11647,59.50312],[25.10792,59.529],[25.12208,59.5395],[25.14552,59.53913],[25.1941,59.52265],[25.40943,59.49103],[25.40235,59.51431],[25.41578,59.52709],[25.54371,59.53514],[25.53614,59.5493],[25.49708,59.57087],[25.48194,59.61115],[25.47853,59.65152],[25.48487,59.66983],[25.50245,59.66226],[25.53533,59.62897],[25.57504,59.61689],[25.62233,59.58047],[25.67677,59.56607],[25.7059,59.56928],[25.71852,59.58759],[25.71079,59.60456],[25.68483,59.62865],[25.69068,59.64936],[25.67066,59.6555],[25.69467,59.67088],[25.72535,59.66584],[25.78053,59.63569],[25.77312,59.62824],[25.78541,59.61547],[25.79371,59.59121],[25.82618,59.57526],[25.86134,59.58613],[25.87623,59.6009],[25.86883,59.60773],[25.88307,59.63133],[25.90447,59.62401],[25.94451,59.59467],[25.96502,59.59732],[25.96437,59.62141],[25.98854,59.63435],[26.03639,59.62324],[26.07447,59.60431],[26.08172,59.58731],[26.09099,59.58564],[26.28004,59.58731],[26.49781,59.53998],[26.53647,59.54267],[26.58473,59.55996],[26.66505,59.55195],[26.73902,59.52582],[26.82691,59.47695],[26.93767,59.4501],[27.11622,59.44204],[27.40903,59.45189],[27.56316,59.43207],[27.71705,59.42715],[27.8733,59.40762],[27.95346,59.42817],[27.98316,59.44697],[28.01905,59.48176],[28.03858,59.46299],[28.10483,59.43921],[28.1378,59.40035],[28.18648,59.37493],[28.18182,59.35607],[28.15754,59.36403],[28.11356,59.34542],[28.03238,59.34196],[28.00065,59.33374],[28.09687,59.31943],[28.07661,59.30527],[27.95972,59.30646],[27.90391,59.29039],[27.88231,59.27566],[27.89078,59.25804],[27.87352,59.23649],[27.84241,59.1612],[27.78433,59.07717],[27.72439,59.01443],[27.71333,58.9919],[27.69441,58.97594],[27.47779,58.87543],[27.41061,58.75486],[27.55489,58.39525],[27.49412,58.31954],[27.48285,58.26864],[27.49535,58.22146],[27.57969,58.12586],[27.63044,58.08829],[27.63659,58.0592],[27.63013,58.033],[27.63157,58.00416],[27.66909,57.99197],[27.67519,57.96781],[27.65938,57.93246],[27.66496,57.9184],[27.77441,57.8907],[27.79084,57.88086],[27.79932,57.86107],[27.78681,57.84758],[27.76345,57.83867],[27.70072,57.82484],[27.5246,57.8073],[27.55385,57.79477],[27.52615,57.78728],[27.50243,57.77255],[27.49783,57.75567],[27.50889,57.72746],[27.50776,57.71477],[27.49039,57.70462],[27.40771,57.68899],[27.39143,57.6802],[27.37702,57.65671],[27.38699,57.62765],[27.38208,57.60269],[27.3366,57.59173],[27.32803,57.58315],[27.33557,57.5539],[27.35293,57.5276],[27.31996,57.51613],[27.16566,57.54669],[27.08535,57.54943],[27.06153,57.55566],[27.00464,57.59891],[26.98107,57.60899],[26.89612,57.61499],[26.87265,57.62718],[26.85415,57.62256],[26.81633,57.58119],[26.79576,57.57132],[26.70047,57.57075],[26.66698,57.56486],[26.60476,57.54031],[26.59009,57.52037],[26.57985,57.51783],[26.54224,57.52817],[26.49955,57.51582],[26.43092,57.56171],[26.33863,57.58315],[26.29718,57.59915],[26.26318,57.62083],[26.16851,57.70405],[26.02475,57.77436],[26.01607,57.78668],[26.01307,57.8073],[26.02526,57.82841],[26.01451,57.84283],[25.79262,57.85598],[25.7675,57.86892],[25.74538,57.90918],[25.7303,57.92313],[25.65009,57.91143],[25.60152,57.9122],[25.55832,57.93424],[25.54168,57.96282],[25.45718,57.98406],[25.39662,58.02318],[25.35652,58.03475],[25.32458,58.03475],[25.29957,58.0656],[25.28169,58.07341],[25.2635,58.07514],[25.25069,58.0685],[25.24955,58.05119],[25.27756,58.02411],[25.28438,58.00814],[25.26453,57.99419],[25.2325,57.98538],[25.20211,57.99197],[25.16697,58.05873],[25.14103,58.06801],[25.09421,58.06731],[25.04884,58.0562],[24.94931,58.00644],[24.87252,58.00044],[24.81681,57.97667],[24.73351,57.9922],[24.71883,57.98184],[24.70043,57.95419],[24.68483,57.94758],[24.53383,57.94507],[24.48133,57.91931],[24.44164,57.90809],[24.40154,57.86647],[24.34965,57.85864],[24.30616,57.86819]]],[[[23.94337,58.11319],[23.938,58.13727],[23.95533,58.1518],[23.98422,58.15713],[24.01336,58.15351],[24.02215,58.12987],[24.00245,58.10855],[23.97071,58.0996],[23.94337,58.11319]]],[[[23.23064,58.50483],[23.28859,58.48819],[23.31837,58.47248],[23.33326,58.45637],[23.32496,58.44229],[23.2614,58.46589],[23.23764,58.45637],[23.26173,58.45161],[23.27801,58.43651],[23.23487,58.43989],[23.19606,58.45637],[23.1819,58.47468],[23.1565,58.47752],[23.13038,58.43952],[23.10865,58.42902],[23.08424,58.42963],[23.08058,58.41852],[23.08676,58.39496],[23.04249,58.37149],[23.02198,58.36323],[22.97755,58.38166],[22.95484,58.38105],[22.94752,58.37263],[22.96949,58.36017],[22.90268,58.31184],[22.85402,58.29873],[22.81121,58.27342],[22.7212,58.27033],[22.71013,58.25776],[22.75668,58.24226],[22.72315,58.22541],[22.6692,58.2215],[22.65496,58.2447],[22.62135,58.25275],[22.58619,58.24779],[22.56495,58.23517],[22.535,58.25406],[22.51759,58.23041],[22.50416,58.22354],[22.49724,58.22305],[22.49098,58.2447],[22.47682,58.2451],[22.42164,58.22163],[22.38795,58.22675],[22.29509,58.19286],[22.27174,58.17426],[22.26987,58.13703],[22.25685,58.09325],[22.22926,58.05219],[22.19988,58.02603],[22.20297,57.99396],[22.04835,57.91511],[22.01686,57.9145],[21.99008,57.93561],[21.99073,57.95824],[21.96412,57.97138],[21.96339,57.98404],[21.99757,57.98404],[22.02133,58.02123],[22.0857,58.08259],[22.0962,58.08641],[22.13551,58.07673],[22.14772,58.07958],[22.16505,58.11689],[22.20297,58.14789],[22.18035,58.16083],[22.14186,58.1695],[22.07228,58.17585],[22.05299,58.18659],[22.01686,58.23387],[21.99383,58.2447],[21.8965,58.25072],[21.86785,58.26459],[21.84376,58.29361],[21.84327,58.30215],[21.85564,58.30687],[21.90821,58.29873],[21.8733,58.34162],[21.89454,58.3465],[21.94459,58.31875],[21.96339,58.32661],[21.95493,58.34406],[21.96803,58.35456],[22.01124,58.35395],[21.99008,58.38695],[21.94597,58.43228],[21.90113,58.46841],[21.83237,58.51097],[21.90138,58.49799],[21.91627,58.50117],[21.92848,58.51838],[21.99562,58.51252],[22.02076,58.49925],[22.06422,58.45669],[22.07358,58.42691],[22.08937,58.42219],[22.09848,58.42609],[22.09311,58.44953],[22.10369,58.48721],[22.11362,58.49799],[22.17189,58.52155],[22.18775,58.54287],[22.2129,58.54637],[22.22885,58.51056],[22.2732,58.50202],[22.28289,58.52204],[22.28834,58.56932],[22.32195,58.58478],[22.46306,58.59292],[22.5503,58.62958],[22.58318,58.63451],[22.61264,58.6057],[22.64812,58.58674],[22.68214,58.60033],[22.73634,58.58808],[22.75799,58.59292],[22.81137,58.62295],[22.84636,58.61343],[22.89967,58.62027],[22.92205,58.61742],[23.09108,58.57095],[23.13356,58.529],[23.18865,58.5104],[23.23064,58.50483]]],[[[23.3816,58.5799],[23.40024,58.55541],[23.36215,58.53246],[23.31373,58.54466],[23.27858,58.54637],[23.23487,58.53465],[23.13461,58.5799],[23.08326,58.59052],[23.05934,58.60346],[23.06284,58.62458],[23.07545,58.62983],[23.10613,58.62421],[23.12094,58.62832],[23.13461,58.66181],[23.15463,58.67593],[23.19777,58.68061],[23.28834,58.66649],[23.33025,58.65306],[23.34913,58.63508],[23.3475,58.60716],[23.37403,58.58637],[23.3816,58.5799]]],[[[23.36402,59.02896],[23.38966,59.00751],[23.39373,58.99624],[23.38478,58.98054],[23.37428,58.97553],[23.3401,58.98395],[23.29908,58.97089],[23.2234,58.98395],[23.21079,58.97297],[23.16326,58.96894],[23.14829,58.97403],[23.11411,59.0218],[23.11891,59.03352],[23.1482,59.04442],[23.20802,59.04409],[23.27801,59.03238],[23.34425,59.03929],[23.36402,59.02896]]],[[[22.29176,58.89521],[22.195,58.88801],[22.06251,58.92585],[22.04469,58.93618],[22.05551,58.9527],[22.09425,58.95604],[22.16822,58.95038],[22.46306,58.97089],[22.44353,58.97773],[22.44207,58.98469],[22.48845,58.98115],[22.48756,59.01642],[22.55926,59.0384],[22.57293,59.0528],[22.5783,59.07844],[22.58717,59.08698],[22.66668,59.08491],[22.71412,59.06957],[22.69158,59.04116],[22.70134,59.02497],[22.73666,59.00507],[22.83717,59.00861],[22.93409,58.98404],[22.94956,58.97089],[22.94956,58.93618],[23.01515,58.89179],[23.02174,58.86408],[23.03907,58.86103],[23.04054,58.84077],[23.03354,58.83031],[23.01905,58.82909],[22.9568,58.8474],[22.94223,58.83422],[22.92921,58.83999],[22.87957,58.83271],[22.8672,58.82005],[22.88697,58.81184],[22.88673,58.79047],[22.84539,58.77652],[22.79005,58.78099],[22.77833,58.79218],[22.82691,58.81916],[22.81935,58.82966],[22.7776,58.82437],[22.73666,58.80646],[22.71518,58.78205],[22.681,58.72407],[22.65496,58.70279],[22.61118,58.6905],[22.55568,58.687],[22.50172,58.69477],[22.46306,58.71646],[22.49724,58.73754],[22.44947,58.78681],[22.43979,58.84138],[22.38209,58.88227],[22.32496,58.89663],[22.29176,58.89521]]],[[[24.51588,59.59809],[24.55006,59.55777],[24.54282,59.5478],[24.51629,59.54426],[24.48911,59.55964],[24.48731,59.57852],[24.5005,59.59626],[24.51588,59.59809]]],[[[23.26051,57.81354],[23.27508,57.79873],[23.27019,57.78563],[23.25025,57.78437],[23.2295,57.79169],[23.21778,57.80093],[23.22055,57.81769],[23.22429,57.82372],[23.23959,57.82258],[23.26051,57.81354]]]]}},{"type":"Feature","properties":{"layer":"land","name":"Finland","name_sv":"Finland","iso":"FIN","focus":false},"geometry":{"type":"MultiPolygon","coordinates":[[[[28.95408,69.02726],[28.83346,68.98447],[28.71326,68.96804],[28.45623,68.90014],[28.41023,68.89853],[28.41313,68.88009],[28.44424,68.86582],[28.64567,68.87166],[28.72825,68.86505],[28.80148,68.83549],[28.74727,68.76014],[28.71637,68.72795],[28.44791,68.52972],[28.44744,68.51489],[28.46098,68.49107],[28.66376,68.204],[28.69032,68.18318],[28.72722,68.17269],[29.33085,68.07269],[29.36015,68.05673],[29.65119,67.82356],[29.71382,67.7925],[30.00941,67.68584],[29.97768,67.66223],[29.95991,67.57159],[29.91624,67.50813],[29.51983,67.29817],[29.49068,67.26298],[29.4294,67.23277],[29.09991,66.99113],[29.05154,66.9078],[29.08916,66.83755],[29.32222,66.68006],[29.36397,66.62459],[29.3924,66.60529],[29.39643,66.58663],[29.40945,66.56847],[29.52448,66.49121],[29.5697,66.37817],[29.59321,66.34593],[29.65088,66.28789],[29.79237,66.18087],[29.87536,66.13359],[29.90017,66.10806],[29.95846,65.97388],[29.99794,65.93153],[30.03928,65.86539],[30.07515,65.82281],[30.11173,65.71201],[30.1139,65.6655],[30.0985,65.65638],[30.00301,65.67814],[29.76426,65.64809],[29.70287,65.62938],[29.73232,65.60871],[29.80674,65.58486],[29.83857,65.56489],[29.82576,65.55197],[29.74545,65.5114],[29.72633,65.49151],[29.71816,65.45417],[29.73057,65.36536],[29.72013,65.32909],[29.61512,65.2694],[29.58009,65.2354],[29.6267,65.21522],[29.76684,65.21736],[29.8332,65.20501],[29.83929,65.1669],[29.80911,65.14522],[29.80819,65.1353],[29.82033,65.12652],[29.8502,65.1215],[29.8456,65.10802],[29.82048,65.09365],[29.66783,65.07794],[29.62732,65.06223],[29.59838,65.03438],[29.58815,64.99143],[29.63362,64.90715],[29.69832,64.83914],[29.78028,64.79558],[29.87785,64.78483],[30.06254,64.78416],[30.11886,64.76793],[30.10915,64.72008],[30.13137,64.70122],[30.17054,64.68169],[30.1878,64.66236],[30.18082,64.64277],[30.13643,64.61539],[29.9658,64.57864],[29.95484,64.56898],[29.96849,64.56283],[29.97898,64.51834],[29.99153,64.51322],[29.9905,64.50418],[30.03577,64.49147],[30.07039,64.47188],[30.0628,64.44842],[30.04104,64.42294],[30.03246,64.39695],[30.05298,64.37809],[30.09313,64.36124],[30.16444,64.34191],[30.32113,64.31768],[30.37048,64.30083],[30.44598,64.25076],[30.50344,64.24378],[30.5362,64.23468],[30.55848,64.2197],[30.55026,64.19887],[30.53248,64.17918],[30.53279,64.16254],[30.56214,64.1274],[30.58643,64.08467],[30.58049,64.05108],[30.55233,64.02173],[30.50933,63.99139],[30.32857,63.896],[30.26557,63.83068],[30.20155,63.79265],[30.05127,63.76376],[29.98079,63.74154],[30.00115,63.71534],[30.24247,63.58181],[30.38045,63.53245],[30.46107,63.47287],[30.82094,63.37567],[30.97494,63.28916],[31.20397,63.21268],[31.22567,63.19604],[31.24076,63.13573],[31.26277,63.10059],[31.38034,63.04794],[31.44447,63.00194],[31.48064,62.98634],[31.50545,62.9682],[31.53583,62.91952],[31.56952,62.90593],[31.44126,62.7887],[31.41057,62.74653],[31.36334,62.65158],[31.34701,62.62933],[31.30277,62.59602],[31.28406,62.57298],[31.24376,62.50334],[31.16862,62.47601],[31.15296,62.46735],[31.12335,62.43482],[30.98062,62.3588],[30.92564,62.30212],[30.79381,62.253],[30.70384,62.21039],[30.64772,62.19277],[30.60721,62.15127],[30.4807,62.06768],[30.33957,61.99167],[29.97768,61.72817],[29.84224,61.66016],[29.82188,61.64458],[29.77914,61.59311],[29.63512,61.5111],[29.51704,61.47506],[29.4634,61.41382],[29.3184,61.33843],[29.20316,61.2459],[29.13009,61.21342],[28.98085,61.1681],[28.85548,61.11268],[28.7976,61.09684],[28.75016,61.06136],[28.68898,61.02739],[28.61456,60.96194],[28.5264,60.95023],[28.48093,60.93346],[28.33592,60.85939],[28.24394,60.79159],[28.14813,60.75771],[27.98101,60.64948],[27.80787,60.55305],[27.76206,60.58015],[27.73951,60.57416],[27.75318,60.55988],[27.73618,60.55557],[27.73341,60.54426],[27.75318,60.51895],[27.73268,60.51211],[27.75318,60.50585],[27.70541,60.48542],[27.63649,60.49226],[27.64576,60.50357],[27.69166,60.51895],[27.63217,60.52167],[27.61598,60.51211],[27.60825,60.49994],[27.61085,60.49213],[27.62965,60.47114],[27.59246,60.47736],[27.50847,60.51386],[27.47267,60.50585],[27.48634,60.50194],[27.49318,60.49226],[27.47267,60.47797],[27.50668,60.45746],[27.4568,60.46369],[27.36931,60.49787],[27.23243,60.51211],[27.23081,60.52631],[27.30812,60.52578],[27.21193,60.55988],[27.22771,60.57958],[27.21461,60.58495],[27.19174,60.57974],[27.17775,60.56733],[27.20069,60.52326],[27.17775,60.51211],[27.16969,60.52863],[27.13771,60.52904],[27.11256,60.54682],[27.08839,60.52578],[27.05437,60.54682],[27.02443,60.53608],[27.02711,60.51992],[27.01173,60.50947],[26.99822,60.48802],[26.93141,60.48542],[26.96534,60.45848],[26.96241,60.44721],[26.91472,60.47456],[26.79363,60.45746],[26.81471,60.48542],[26.79705,60.48591],[26.74244,60.468],[26.73902,60.43696],[26.68735,60.41816],[26.63592,60.45063],[26.59441,60.4523],[26.57716,60.44733],[26.57447,60.43696],[26.5534,60.43301],[26.52735,60.43989],[26.48268,60.468],[26.47486,60.48725],[26.53663,60.51553],[26.56365,60.54336],[26.56739,60.58096],[26.62501,60.60961],[26.66668,60.60643],[26.75318,60.57416],[26.73178,60.61286],[26.69923,60.6402],[26.65919,60.6518],[26.61549,60.64305],[26.59181,60.62857],[26.46583,60.50812],[26.45623,60.47456],[26.48569,60.44379],[26.46941,60.42748],[26.45151,60.41649],[26.41635,60.41193],[26.42416,60.39598],[26.38331,60.41649],[26.3812,60.39875],[26.35141,60.39281],[26.34205,60.37556],[26.32399,60.383],[26.29021,60.42333],[26.24562,60.45087],[26.23178,60.45063],[26.22934,60.43842],[26.27345,60.40217],[26.17897,60.41063],[26.14243,60.39598],[26.09457,60.42333],[26.04916,60.43749],[26.01368,60.46259],[25.98097,60.47577],[25.91725,60.48542],[25.91725,60.47797],[25.97185,60.46491],[26.00375,60.4405],[26.02898,60.43334],[26.04005,60.40595],[26.03248,60.40062],[26.00685,60.40054],[26.01222,60.38858],[26.06056,60.36811],[26.08863,60.34394],[26.10816,60.33592],[26.09986,60.31208],[26.09132,60.30663],[26.04005,60.29979],[26.03883,60.32266],[25.99708,60.35493],[26.00587,60.36811],[25.95655,60.35602],[25.88836,60.38915],[25.84205,60.40217],[25.8777,60.37792],[25.91725,60.36127],[25.90724,60.34097],[25.88429,60.32001],[25.88307,60.30663],[25.92123,60.26529],[25.93019,60.24518],[25.89487,60.24958],[25.86883,60.26569],[25.87623,60.27253],[25.86101,60.284],[25.80055,60.29295],[25.75375,60.32075],[25.73902,60.31346],[25.74537,60.2958],[25.84889,60.26569],[25.78053,60.25141],[25.78053,60.24518],[25.76197,60.24038],[25.73552,60.24726],[25.64967,60.29979],[25.65089,60.31346],[25.67058,60.32746],[25.64967,60.33393],[25.64967,60.34138],[25.70436,60.34138],[25.6902,60.36286],[25.66863,60.36465],[25.60271,60.33857],[25.52613,60.32709],[25.52613,60.32095],[25.54127,60.31635],[25.54509,60.2923],[25.54038,60.27871],[25.52223,60.27139],[25.51686,60.25454],[25.50278,60.24616],[25.36166,60.24518],[25.36345,60.26008],[25.35092,60.26724],[25.31381,60.27253],[25.3213,60.25141],[25.19752,60.24518],[25.19215,60.24384],[25.1858,60.22313],[25.15626,60.23216],[25.15504,60.22378],[25.20395,60.20425],[25.18141,60.20051],[25.19711,60.19062],[25.17701,60.1833],[25.09474,60.17634],[25.10157,60.19062],[25.0586,60.17731],[25.04786,60.16889],[25.06739,60.16266],[25.02931,60.14785],[25.01075,60.15135],[24.99789,60.16266],[25.01075,60.16987],[25.02589,60.19945],[25.01905,60.21109],[24.99879,60.21284],[24.98455,60.19945],[24.96119,60.15156],[24.95094,60.14346],[24.84522,60.14374],[24.83416,60.15583],[24.87094,60.16169],[24.86883,60.17976],[24.84246,60.19465],[24.80681,60.19062],[24.82732,60.16266],[24.77263,60.14216],[24.6797,60.13011],[24.67335,60.12543],[24.67026,60.10122],[24.65642,60.10098],[24.64226,60.1291],[24.63063,60.1363],[24.55405,60.15595],[24.549,60.15278],[24.56039,60.14216],[24.59685,60.12727],[24.58766,60.11481],[24.54802,60.09968],[24.54038,60.08755],[24.60816,60.10122],[24.59425,60.08495],[24.57399,60.07392],[24.59449,60.06647],[24.59449,60.06025],[24.52703,60.03535],[24.46811,59.99641],[24.44565,59.99226],[24.41627,59.99136],[24.46412,60.04658],[24.44614,60.04751],[24.37477,60.00495],[24.36769,60.02204],[24.31267,59.9975],[24.3191,60.01415],[24.35768,60.03604],[24.36793,60.07392],[24.31967,60.07583],[24.29591,60.07221],[24.27858,60.06025],[24.29225,60.0528],[24.25245,60.03974],[24.17652,60.04804],[24.15846,60.04304],[24.15797,60.03449],[24.18295,60.02546],[24.16424,60.01944],[24.10597,60.03193],[24.06813,60.02058],[24.0464,60.02546],[24.02817,60.00935],[24.00961,60.01056],[24.00261,60.02098],[24.01922,60.03229],[24.01922,60.03974],[24.00082,60.03827],[23.95533,60.00357],[23.87306,59.99307],[23.79949,59.95661],[23.77125,59.96796],[23.60759,59.95661],[23.5735,59.97769],[23.42945,59.95661],[23.48357,60.0113],[23.54086,60.02912],[23.53435,60.0537],[23.54615,60.07392],[23.4983,60.0633],[23.47877,60.03612],[23.45379,60.02798],[23.43971,59.99445],[23.40797,59.98041],[23.32643,59.92304],[23.23715,59.89802],[23.22234,59.88622],[23.22218,59.86783],[23.23316,59.852],[23.25131,59.84797],[23.25131,59.84113],[23.08058,59.82685],[23.06813,59.82079],[23.00685,59.82616],[22.90512,59.81123],[22.88819,59.81318],[22.94614,59.84797],[22.98658,59.85195],[23.12745,59.88638],[23.16814,59.8889],[23.16114,59.91022],[23.16586,59.91767],[23.22242,59.91608],[23.24708,59.92243],[23.29371,59.95869],[23.32643,60.00935],[23.33286,60.02985],[23.31593,60.02241],[23.24977,59.94847],[23.2234,59.92988],[23.20362,59.92988],[23.20973,59.94355],[23.18881,59.95018],[23.16814,59.94355],[23.17123,59.93643],[23.13185,59.94294],[23.11785,59.92377],[23.11069,59.92328],[23.1006,59.94042],[23.11134,59.97427],[23.12818,59.9831],[23.20362,59.9975],[23.24138,60.03311],[23.25758,60.03974],[23.20509,60.04971],[23.10621,60.03905],[23.03549,60.04458],[22.99692,60.06208],[22.99073,60.07734],[22.99724,60.08967],[23.04591,60.12165],[23.0254,60.13532],[23.00489,60.10737],[22.96949,60.09439],[22.96827,60.11083],[22.95867,60.12157],[22.90789,60.13178],[22.87468,60.1496],[22.88559,60.16934],[22.8672,60.18374],[22.92156,60.23115],[23.00758,60.277],[23.0254,60.29295],[23.04591,60.32709],[23.08286,60.34589],[23.08058,60.35505],[23.06031,60.35733],[23.03419,60.34394],[22.99806,60.30663],[22.94117,60.31647],[22.87713,60.30109],[22.73618,60.23819],[22.52508,60.20425],[22.59343,60.23216],[22.5735,60.23493],[22.57203,60.24266],[22.59034,60.26227],[22.64812,60.27871],[22.57456,60.27082],[22.50359,60.24706],[22.44947,60.24518],[22.45777,60.25239],[22.45916,60.26496],[22.46941,60.27692],[22.54029,60.319],[22.54566,60.33393],[22.62761,60.37539],[22.63136,60.38955],[22.62428,60.39908],[22.58082,60.37592],[22.54347,60.37255],[22.46306,60.37556],[22.48357,60.40217],[22.29152,60.38264],[22.18149,60.43049],[22.11671,60.43696],[22.10109,60.46214],[22.06446,60.43635],[22.04705,60.43879],[22.01808,60.45746],[22.01808,60.47114],[21.98194,60.47675],[21.9839,60.49226],[21.93539,60.49226],[21.95037,60.51895],[21.90317,60.52888],[21.85353,60.52578],[21.84392,60.51553],[21.87403,60.47797],[21.806,60.48599],[21.78533,60.47797],[21.80299,60.52513],[21.80787,60.57559],[21.81959,60.58503],[21.84604,60.58784],[21.82846,60.60639],[21.84051,60.62873],[21.73178,60.58173],[21.67897,60.57648],[21.66179,60.56733],[21.66017,60.55907],[21.66896,60.54523],[21.65561,60.52595],[21.65431,60.50898],[21.64145,60.49575],[21.61207,60.48884],[21.55812,60.49226],[21.58375,60.50503],[21.56967,60.52643],[21.51775,60.56733],[21.57862,60.55988],[21.57862,60.56733],[21.48609,60.57416],[21.44264,60.56733],[21.40854,60.58039],[21.40854,60.58784],[21.4284,60.59406],[21.41481,60.6083],[21.46266,60.60175],[21.46998,60.6083],[21.37965,60.64704],[21.35328,60.67658],[21.35328,60.69017],[21.43897,60.68033],[21.44565,60.69286],[21.42213,60.725],[21.46998,60.725],[21.46998,60.73115],[21.42709,60.73652],[21.38738,60.75235],[21.42213,60.7591],[21.40024,60.77456],[21.37428,60.77961],[21.38087,60.7934],[21.37428,60.8076],[21.36085,60.81623],[21.34645,60.81314],[21.32887,60.82754],[21.32594,60.83487],[21.33644,60.84471],[21.31853,60.86469],[21.40789,60.86457],[21.4284,60.8758],[21.38087,60.88202],[21.35328,60.90253],[21.3908,60.91681],[21.4284,60.90253],[21.41277,60.9335],[21.39259,60.93903],[21.3357,61.00458],[21.31853,61.01236],[21.33904,61.0266],[21.31153,61.03754],[21.29868,61.06013],[21.32032,61.06021],[21.38738,61.04027],[21.40886,61.04328],[21.40772,61.05073],[21.36695,61.06013],[21.39527,61.0694],[21.45387,61.055],[21.48227,61.06013],[21.45484,61.07819],[21.45045,61.09077],[21.46315,61.10114],[21.44606,61.13516],[21.43523,61.14273],[21.46998,61.14956],[21.44264,61.15575],[21.45631,61.16999],[21.44264,61.16999],[21.47104,61.17817],[21.50343,61.17744],[21.49659,61.19111],[21.55812,61.20417],[21.54347,61.22508],[21.47609,61.24575],[21.50831,61.26683],[21.50343,61.27985],[21.54444,61.27985],[21.54444,61.32087],[21.53077,61.33446],[21.52426,61.37531],[21.50343,61.38911],[21.4489,61.40278],[21.47788,61.41157],[21.54168,61.40839],[21.57244,61.41641],[21.54225,61.44212],[21.51027,61.45799],[21.42213,61.48534],[21.55568,61.47516],[21.59213,61.48534],[21.5656,61.51948],[21.51027,61.51948],[21.46998,61.54682],[21.46013,61.5624],[21.48227,61.56786],[21.50799,61.57014],[21.62338,61.54588],[21.68686,61.52448],[21.71632,61.51948],[21.71632,61.52692],[21.64812,61.56029],[21.61427,61.58543],[21.59181,61.62812],[21.53761,61.64985],[21.54412,61.67284],[21.51775,61.71125],[21.57032,61.69501],[21.58595,61.69766],[21.55934,61.71332],[21.48927,61.73696],[21.46998,61.75971],[21.48902,61.79914],[21.48609,61.81118],[21.44459,61.82632],[21.4489,61.84162],[21.40317,61.87641],[21.39422,61.88939],[21.41407,61.90689],[21.39356,61.91324],[21.38054,61.93781],[21.31251,61.93985],[21.27752,61.95148],[21.29493,61.97134],[21.28053,61.97956],[21.23658,61.98501],[21.27622,62.0502],[21.28907,62.12157],[21.2964,62.13044],[21.31227,62.10912],[21.32911,62.13813],[21.33253,62.15257],[21.32594,62.16376],[21.38396,62.19449],[21.3899,62.20816],[21.35328,62.232],[21.37428,62.26679],[21.35231,62.26602],[21.31227,62.232],[21.33277,62.29409],[21.33904,62.35554],[21.28533,62.34528],[21.27068,62.34931],[21.26043,62.37197],[21.27752,62.39647],[21.27068,62.41079],[21.20509,62.35969],[21.2024,62.34919],[21.21608,62.33503],[21.19435,62.33706],[21.18979,62.35244],[21.2024,62.39033],[21.18133,62.39647],[21.2024,62.41763],[21.18605,62.42357],[21.16676,62.42133],[21.13356,62.40396],[21.13136,62.41669],[21.15455,62.46479],[21.12428,62.45482],[21.11638,62.46015],[21.11557,62.4958],[21.12428,62.51],[21.15455,62.52749],[21.12672,62.55414],[21.18816,62.58487],[21.20924,62.5821],[21.19353,62.6009],[21.12159,62.60944],[21.10621,62.62303],[21.08326,62.6127],[21.0652,62.59577],[21.06788,62.6201],[21.08318,62.65925],[21.07895,62.67829],[21.12574,62.69017],[21.14967,62.7038],[21.16082,62.71931],[21.16017,62.73017],[21.14039,62.7329],[21.11647,62.74966],[21.10792,62.76703],[21.11354,62.78119],[21.15089,62.79438],[21.18336,62.78238],[21.21608,62.81485],[21.22674,62.85847],[21.24342,62.86945],[21.3357,62.85545],[21.3567,62.85952],[21.3908,62.88032],[21.42213,62.9418],[21.46315,62.9514],[21.44654,62.98701],[21.4441,63.04092],[21.45631,63.04755],[21.48048,63.04304],[21.48227,63.05817],[21.49513,63.07172],[21.52345,63.06395],[21.5652,63.04076],[21.62574,63.02387],[21.65675,63.01789],[21.68849,63.02709],[21.64568,63.05524],[21.55958,63.09512],[21.55323,63.10859],[21.57244,63.12336],[21.54591,63.11791],[21.52084,63.12678],[21.51612,63.15546],[21.50343,63.15746],[21.51051,63.1684],[21.55193,63.17113],[21.55193,63.17792],[21.51287,63.185],[21.50099,63.19245],[21.49659,63.20897],[21.52377,63.22541],[21.55812,63.23261],[21.61541,63.20392],[21.64723,63.19766],[21.66798,63.21955],[21.71469,63.20234],[21.74236,63.19965],[21.76417,63.20588],[21.70265,63.21955],[21.70265,63.22577],[21.74366,63.23941],[21.79835,63.23941],[21.86988,63.25943],[21.89454,63.26048],[21.88266,63.23591],[21.89145,63.1966],[21.88087,63.17792],[21.90553,63.17544],[21.9839,63.14321],[21.9559,63.18476],[21.9944,63.19644],[22.02475,63.23941],[22.04314,63.24559],[22.07203,63.22577],[22.12721,63.23941],[22.17506,63.23261],[22.1819,63.24681],[22.20297,63.23941],[22.24464,63.26708],[22.27809,63.30146],[22.28492,63.30146],[22.30763,63.27587],[22.33009,63.28384],[22.37371,63.32136],[22.33383,63.35969],[22.2505,63.41132],[22.21827,63.41437],[22.19557,63.43122],[22.19093,63.45844],[22.21339,63.47089],[22.24676,63.46963],[22.30494,63.43586],[22.40162,63.41816],[22.31821,63.46052],[22.27996,63.48762],[22.27125,63.51374],[22.28142,63.52619],[22.29225,63.52973],[22.33741,63.52334],[22.33334,63.49323],[22.38022,63.48542],[22.39682,63.47695],[22.39479,63.45234],[22.4074,63.45694],[22.4358,63.47281],[22.4284,63.48876],[22.43149,63.49738],[22.46306,63.55476],[22.49318,63.57347],[22.49724,63.58576],[22.54566,63.57518],[22.49724,63.62299],[22.53199,63.64411],[22.52508,63.6577],[22.56739,63.65314],[22.5857,63.65705],[22.59343,63.67451],[22.58904,63.70332],[22.61329,63.69929],[22.63706,63.68309],[22.65406,63.70376],[22.6753,63.70238],[22.70232,63.68342],[22.70704,63.67133],[22.70265,63.6577],[22.73406,63.62759],[22.74049,63.62299],[22.77345,63.62751],[22.82927,63.64623],[22.84034,63.67764],[22.90187,63.70551],[22.83302,63.72602],[22.90187,63.72602],[22.87468,63.74653],[22.9004,63.74006],[22.92579,63.74339],[22.92921,63.76435],[22.90772,63.77241],[22.89877,63.78327],[22.90252,63.79487],[22.92237,63.8017],[22.94288,63.80048],[22.97315,63.77098],[22.99,63.7613],[23.00066,63.76362],[23.0018,63.77375],[22.99073,63.7875],[22.99073,63.81538],[23.06284,63.85297],[23.07496,63.85737],[23.12135,63.84956],[23.15349,63.86347],[23.14161,63.86945],[23.14186,63.87596],[23.16733,63.88695],[23.27524,63.8889],[23.30649,63.89423],[23.32643,63.91096],[23.35076,63.89883],[23.37281,63.90062],[23.41578,63.92463],[23.37086,63.94652],[23.37875,63.96894],[23.36744,63.99726],[23.3816,64.04816],[23.3965,64.05614],[23.44996,64.04816],[23.47731,64.0351],[23.5066,64.04165],[23.53834,64.03189],[23.6045,64.02765],[23.6198,64.03803],[23.60597,64.0611],[23.56609,64.09658],[23.57358,64.10725],[23.62208,64.10712],[23.65602,64.13007],[23.66033,64.1433],[23.72364,64.17853],[23.71681,64.17853],[23.72438,64.20893],[23.73569,64.21621],[23.77272,64.20893],[23.8191,64.22065],[23.83351,64.22687],[23.86109,64.26789],[23.94337,64.24677],[23.92758,64.27119],[23.92905,64.30142],[23.98422,64.3498],[24.0044,64.38911],[24.06861,64.40559],[24.08473,64.41474],[24.08058,64.43171],[24.10483,64.43122],[24.12501,64.44233],[24.16928,64.45222],[24.20574,64.45222],[24.21778,64.48701],[24.25758,64.48599],[24.26889,64.49006],[24.28598,64.51496],[24.34409,64.53075],[24.36109,64.54841],[24.35499,64.57241],[24.37387,64.57954],[24.36793,64.59687],[24.3755,64.61726],[24.40886,64.65144],[24.42286,64.67561],[24.47096,64.69929],[24.53028,64.71784],[24.54607,64.73338],[24.5324,64.75385],[24.54371,64.76472],[24.58766,64.78119],[24.53842,64.80532],[24.57838,64.80793],[24.66831,64.78913],[24.67652,64.79487],[24.66277,64.81257],[24.67066,64.82974],[24.7317,64.83584],[24.73634,64.85537],[24.77312,64.86579],[24.89698,64.87311],[25.09474,64.91836],[25.11231,64.91446],[25.14324,64.88422],[25.16668,64.88841],[25.17726,64.88422],[25.18727,64.86066],[25.21762,64.84146],[25.25929,64.83584],[25.25929,64.82958],[25.22511,64.82274],[25.25953,64.81647],[25.35483,64.82958],[25.36215,64.83307],[25.35043,64.85171],[25.35182,64.86066],[25.3685,64.89851],[25.35955,64.91112],[25.3213,64.90473],[25.2798,64.92231],[25.24122,64.92902],[25.19093,64.96678],[25.21144,64.98041],[25.20395,64.98664],[25.22096,64.99055],[25.32163,64.98359],[25.3991,64.95189],[25.42156,64.94888],[25.43816,64.95307],[25.44353,64.96678],[25.41676,64.9986],[25.42311,65.01459],[25.4131,65.02448],[25.41627,65.03506],[25.38087,65.05598],[25.36997,65.08442],[25.35548,65.0965],[25.32407,65.10981],[25.21144,65.12377],[25.22584,65.15664],[25.25929,65.17219],[25.28248,65.19139],[25.28565,65.20478],[25.2798,65.21996],[25.32748,65.22687],[25.30014,65.23363],[25.31381,65.25414],[25.2798,65.26097],[25.2942,65.27115],[25.30787,65.30215],[25.3213,65.31623],[25.30698,65.32982],[25.33497,65.34349],[25.26612,65.37763],[25.3213,65.38508],[25.35548,65.41181],[25.34449,65.42853],[25.35865,65.46552],[25.35182,65.48412],[25.32358,65.50678],[25.219,65.55728],[25.19711,65.56265],[25.12485,65.5611],[25.10157,65.57689],[25.07423,65.61416],[25.03582,65.61416],[25.00489,65.62702],[24.93718,65.62409],[24.89552,65.65135],[24.85914,65.65913],[24.78028,65.65973],[24.7068,65.63329],[24.67579,65.63544],[24.66774,65.69086],[24.584,65.71686],[24.55486,65.7451],[24.55047,65.7635],[24.57537,65.80817],[24.64576,65.87946],[24.67026,65.89159],[24.70753,65.89924],[24.71062,65.91209],[24.69459,65.904],[24.61793,65.88923],[24.61451,65.86616],[24.58717,65.85431],[24.54363,65.80899],[24.51881,65.79605],[24.45297,65.79694],[24.43051,65.78913],[24.42286,65.7766],[24.4048,65.76923],[24.35711,65.7792],[24.31666,65.80223],[24.23829,65.8227],[24.25123,65.79413],[24.24431,65.78156],[24.22462,65.77489],[24.20623,65.77875],[24.1631,65.81586],[24.16341,65.84079],[24.12445,65.8689],[24.10233,65.90859],[24.05479,65.94791],[24.05531,65.98517],[24.01965,66.04894],[23.97459,66.07282],[23.91144,66.14862],[23.88932,66.16111],[23.78555,66.17669],[23.75,66.18966],[23.72416,66.20663],[23.68944,66.25699],[23.66277,66.31652],[23.67704,66.36362],[23.66587,66.40556],[23.64231,66.43626],[23.65244,66.45884],[23.67683,66.47401],[23.73109,66.48716],[23.73109,66.50312],[23.78587,66.51842],[23.80612,66.52814],[23.80767,66.53925],[23.88188,66.56354],[23.89149,66.57888],[23.89325,66.59604],[23.88188,66.6318],[23.90317,66.68632],[23.89242,66.75091],[23.92477,66.77298],[23.93924,66.79112],[23.98441,66.79298],[23.99919,66.79629],[24.00404,66.8052],[23.93335,66.88876],[23.87361,66.92465],[23.81667,66.9755],[23.79207,66.98893],[23.7438,67.00103],[23.72034,67.01687],[23.67673,67.05849],[23.6666,67.09792],[23.58133,67.15314],[23.57399,67.17303],[23.59756,67.19027],[23.61492,67.21399],[23.59673,67.21797],[23.59146,67.22502],[23.60272,67.26026],[23.62226,67.26902],[23.73543,67.28969],[23.76323,67.30649],[23.78566,67.33752],[23.75145,67.34623],[23.75135,67.36953],[23.76323,67.39754],[23.76519,67.42007],[23.75259,67.42731],[23.66267,67.43622],[23.59456,67.45361],[23.47715,67.44382],[23.44366,67.46103],[23.43126,67.48552],[23.44346,67.50472],[23.48469,67.54296],[23.47343,67.555],[23.55353,67.58704],[23.55032,67.61091],[23.5188,67.65282],[23.48459,67.73716],[23.48469,67.79623],[23.47674,67.84134],[23.48128,67.86464],[23.49885,67.88216],[23.53255,67.89317],[23.63611,67.91348],[23.66122,67.93286],[23.66215,67.95043],[23.64314,67.96319],[23.57368,67.97332],[23.48469,68.0159],[23.383,68.05125],[23.33091,68.12778],[23.30652,68.14561],[23.2721,68.14499],[23.18725,68.12225],[23.16565,68.12204],[23.15169,68.13026],[23.14942,68.13941],[23.15975,68.17873],[23.14942,68.19403],[23.15521,68.21744],[23.14001,68.23418],[23.08162,68.26529],[23.06694,68.29025],[22.90375,68.33661],[22.87512,68.35107],[22.83337,68.38477],[22.80825,68.3949],[22.74862,68.38549],[22.66221,68.4274],[22.60764,68.42492],[22.45685,68.45179],[22.37799,68.45412],[22.37107,68.46838],[22.30306,68.47613],[22.07217,68.47701],[22.03837,68.48828],[22.0361,68.50652],[21.91921,68.56822],[21.7371,68.58791],[21.71684,68.61922],[21.57246,68.66739],[21.49567,68.6755],[21.46363,68.68687],[21.40637,68.74888],[21.3054,68.7558],[21.21662,68.81725],[21.07213,68.86944],[20.90573,68.89461],[20.88454,68.9067],[20.88764,68.92706],[20.91782,68.93295],[20.93426,68.94902],[20.93457,68.96695],[20.91121,68.9807],[20.86398,68.98628],[20.79535,69.01124],[20.67546,69.01817],[20.62317,69.03636],[20.7166,69.09878],[20.7444,69.10436],[21.07151,69.03667],[21.099,69.0438],[21.15636,69.08762],[21.03358,69.18121],[21.07967,69.23014],[21.09838,69.2395],[21.31356,69.29143],[21.63881,69.27138],[21.66289,69.26322],[22.02308,69.01202],[22.16074,68.9561],[22.20023,68.90846],[22.27722,68.85745],[22.35681,68.83275],[22.37138,68.82262],[22.3967,68.73183],[22.40921,68.71291],[22.42874,68.71007],[22.57013,68.72681],[22.85166,68.67571],[23.0193,68.68671],[23.07149,68.68087],[23.17536,68.62165],[23.19758,68.61804],[23.48159,68.68563],[23.64158,68.69498],[23.73481,68.71545],[23.76798,68.75596],[23.78721,68.79978],[23.85263,68.81668],[23.92901,68.81621],[24.13117,68.77617],[24.18688,68.74454],[24.3325,68.70862],[24.66343,68.66609],[24.75418,68.63788],[24.82963,68.59411],[24.86094,68.56341],[24.87924,68.55483],[24.90518,68.55695],[24.92709,68.57039],[24.95179,68.60506],[24.98125,68.61509],[25.00688,68.61457],[25.11757,68.63767],[25.13245,68.64765],[25.14423,68.66801],[25.13214,68.67658],[25.14309,68.69596],[25.14961,68.76464],[25.16273,68.78459],[25.20128,68.81265],[25.38722,68.87456],[25.43393,68.88386],[25.48106,68.88773],[25.60245,68.87213],[25.62777,68.87414],[25.65164,68.8835],[25.69485,68.92561],[25.72637,68.94246],[25.75386,68.97837],[25.79582,68.99331],[25.80471,69.00612],[25.80109,69.01315],[25.76585,69.03067],[25.76513,69.04338],[25.75024,69.05925],[25.75903,69.08204],[25.76047,69.11516],[25.77122,69.13511],[25.73412,69.19133],[25.73722,69.2182],[25.77453,69.29882],[25.78662,69.31277],[25.87737,69.37081],[25.8414,69.41778],[25.88667,69.45519],[25.88574,69.47912],[25.90641,69.50186],[25.88667,69.52087],[25.90021,69.53204],[25.96026,69.54868],[25.9862,69.56542],[26.00397,69.58718],[26.00511,69.61084],[25.96439,69.64267],[25.9617,69.65255],[25.98134,69.67487],[26.00511,69.68934],[26.19828,69.71544],[26.31682,69.79491],[26.41873,69.83563],[26.44787,69.85605],[26.43588,69.87424],[26.48105,69.8994],[26.50069,69.91832],[26.53386,69.92524],[26.70698,69.93506],[26.77189,69.92839],[26.86459,69.93808],[26.9511,69.92015],[27.00753,69.92245],[27.10034,69.90175],[27.3118,69.92948],[27.35242,69.9487],[27.32317,69.95968],[27.33454,69.96862],[27.38094,69.97426],[27.44523,70.00322],[27.56331,70.02358],[27.57091,70.04089],[27.61256,70.06206],[27.66506,70.06828],[27.79218,70.05893],[27.86691,70.07531],[27.89729,70.07068],[27.92716,70.05327],[27.98101,70.0096],[28.16736,69.89434],[28.18927,69.88604],[28.38119,69.8562],[28.37974,69.82235],[28.40455,69.80225],[28.44269,69.79145],[29.13122,69.6742],[29.14714,69.66391],[29.20316,69.58599],[29.34454,69.46439],[29.22925,69.37685],[28.86478,69.2166],[28.85217,69.20353],[28.84411,69.18126],[28.82695,69.10684],[28.82757,69.09077],[28.83961,69.08028],[28.95408,69.02726]]],[[[22.40838,60.0528],[22.40187,60.07575],[22.41179,60.08519],[22.43043,60.08185],[22.44947,60.06647],[22.44264,59.9975],[22.40952,60.00935],[22.39454,60.00503],[22.38282,59.99258],[22.3532,60.03229],[22.34889,60.06322],[22.35483,60.07563],[22.37062,60.08076],[22.38266,60.07453],[22.38722,60.05166],[22.40838,60.0528]]],[[[21.49659,60.13532],[21.5298,60.15941],[21.57106,60.17036],[21.61451,60.16889],[21.65431,60.15583],[21.64747,60.14509],[21.61329,60.1291],[21.63697,60.12368],[21.62631,60.10737],[21.61313,60.10212],[21.57203,60.10737],[21.51441,60.09736],[21.48227,60.11481],[21.51856,60.12287],[21.55812,60.12165],[21.549,60.13345],[21.53305,60.13703],[21.49659,60.13532]]],[[[21.74366,60.19062],[21.85353,60.19676],[21.88771,60.18374],[21.88771,60.17634],[21.84604,60.17011],[21.86785,60.15583],[21.79152,60.15583],[21.82618,60.1496],[21.79656,60.14138],[21.80568,60.13532],[21.78321,60.12324],[21.72022,60.11371],[21.69581,60.12165],[21.70688,60.12958],[21.70265,60.14216],[21.7225,60.1496],[21.7225,60.15583],[21.70509,60.16071],[21.70818,60.17178],[21.72348,60.18358],[21.74366,60.19062]]],[[[21.35328,60.21109],[21.36891,60.1966],[21.4489,60.19062],[21.4489,60.18374],[21.40935,60.18452],[21.39422,60.17866],[21.38738,60.16266],[21.38054,60.16266],[21.35711,60.17446],[21.27068,60.19062],[21.28517,60.20384],[21.30641,60.2097],[21.35328,60.21109]]],[[[22.05893,60.21109],[22.07203,60.19676],[22.01124,60.17011],[22.03785,60.15583],[22.00929,60.13727],[21.97771,60.13548],[21.95069,60.14908],[21.93539,60.17634],[21.99757,60.19062],[22.04176,60.21141],[22.05893,60.21109]]],[[[25.81422,60.20767],[25.82203,60.2163],[25.87623,60.21723],[25.85206,60.19977],[25.82065,60.19721],[25.81422,60.20767]]],[[[22.20924,60.20425],[22.24586,60.24307],[22.27166,60.253],[22.29176,60.24518],[22.29689,60.22126],[22.2693,60.19587],[22.23227,60.18496],[22.20924,60.20425]]],[[[25.62233,60.23835],[25.59205,60.24258],[25.57016,60.25804],[25.56446,60.27827],[25.58172,60.29637],[25.68442,60.24518],[25.64373,60.2281],[25.6338,60.21833],[25.636,60.20425],[25.60336,60.2154],[25.60816,60.2224],[25.62233,60.23835]]],[[[22.84352,60.24177],[22.89096,60.28555],[22.92075,60.2967],[22.95639,60.29295],[22.94947,60.27045],[22.88453,60.2353],[22.86687,60.20746],[22.83985,60.20112],[22.83351,60.19306],[22.84034,60.17011],[22.81935,60.16266],[22.84034,60.15583],[22.83302,60.14216],[22.84685,60.11103],[22.81316,60.0821],[22.73048,60.04658],[22.73048,60.03974],[22.75799,60.03229],[22.72983,60.00495],[22.70541,60.0069],[22.68214,59.9975],[22.65496,60.03229],[22.60841,60.00015],[22.60646,59.98452],[22.60027,59.98452],[22.59897,60.00804],[22.59148,60.01093],[22.57911,60.00495],[22.57488,60.01703],[22.58961,60.03278],[22.59343,60.04658],[22.52996,60.00825],[22.4699,59.9975],[22.46957,60.02367],[22.47731,60.04658],[22.47145,60.05899],[22.47364,60.09097],[22.42213,60.11481],[22.48048,60.13231],[22.60027,60.13532],[22.60027,60.14216],[22.41521,60.1496],[22.44809,60.22138],[22.47731,60.22468],[22.45102,60.18854],[22.46648,60.18374],[22.56658,60.19331],[22.62062,60.21109],[22.81495,60.227],[22.84352,60.24177]]],[[[22.10678,60.31346],[22.24977,60.31147],[22.3213,60.29707],[22.33961,60.2862],[22.3318,60.26944],[22.31284,60.26569],[22.28981,60.27314],[22.261,60.25886],[22.21551,60.25312],[22.20086,60.25434],[22.21664,60.26569],[22.20395,60.27631],[22.18116,60.28132],[22.14088,60.27871],[22.1819,60.27871],[22.16334,60.25922],[22.10963,60.27131],[22.08009,60.26948],[22.07667,60.28352],[22.08383,60.30146],[22.10678,60.31346]]],[[[22.38795,60.32095],[22.3506,60.31367],[22.31284,60.32095],[22.35027,60.34785],[22.3982,60.35505],[22.40162,60.34138],[22.469,60.33153],[22.47731,60.32095],[22.4253,60.29906],[22.36744,60.29295],[22.37989,60.3061],[22.38795,60.32095]]],[[[21.99757,60.33393],[21.96062,60.32754],[21.92172,60.33393],[21.90138,60.32709],[21.90138,60.34138],[21.79412,60.37397],[21.78533,60.38544],[21.79225,60.39696],[21.80885,60.40522],[21.84604,60.40965],[21.84604,60.41649],[21.79835,60.44379],[21.80812,60.4667],[21.83237,60.47114],[21.89234,60.4492],[21.90463,60.43163],[21.93198,60.42333],[21.95037,60.39598],[21.90699,60.40176],[21.89454,60.39598],[21.95037,60.37556],[21.94223,60.36811],[21.98862,60.36591],[21.99757,60.35505],[21.96339,60.3476],[21.99757,60.34138],[21.99757,60.33393]]],[[[21.72592,60.48168],[21.70069,60.4597],[21.688,60.45531],[21.68165,60.46491],[21.69093,60.48408],[21.7142,60.50861],[21.74187,60.52643],[21.76417,60.52578],[21.75082,60.50165],[21.72592,60.48168]]],[[[21.3191,60.48168],[21.26596,60.49006],[21.25025,60.49844],[21.26059,60.51972],[21.22918,60.55988],[21.25025,60.55988],[21.27849,60.5423],[21.30494,60.51895],[21.32488,60.48208],[21.3191,60.48168]]],[[[21.39422,60.55988],[21.41098,60.54291],[21.46193,60.53937],[21.48227,60.52578],[21.46315,60.52578],[21.45631,60.50678],[21.46315,60.49226],[21.4336,60.48908],[21.43068,60.48115],[21.44264,60.47114],[21.39226,60.48998],[21.37127,60.50837],[21.36012,60.53319],[21.33611,60.51944],[21.32862,60.52534],[21.32594,60.54316],[21.33383,60.55736],[21.35255,60.56184],[21.39422,60.55988]]],[[[21.29868,60.56733],[21.28102,60.56635],[21.26441,60.58784],[21.23316,60.5939],[21.21388,60.61636],[21.24342,60.62873],[21.25929,60.64753],[21.27068,60.64305],[21.27491,60.62678],[21.29119,60.61514],[21.27833,60.58613],[21.2815,60.57563],[21.29868,60.57416],[21.29868,60.56733]]],[[[21.26441,60.88202],[21.2024,60.88947],[21.22779,60.89973],[21.27662,60.88911],[21.29868,60.8957],[21.29119,60.90998],[21.31227,60.923],[21.28321,60.94282],[21.24342,60.95087],[21.27003,60.96796],[21.30494,60.97138],[21.33709,60.94672],[21.37428,60.93041],[21.32789,60.91014],[21.32594,60.88947],[21.31813,60.88019],[21.27524,60.88329],[21.26441,60.88202]]],[[[21.42213,63.24681],[21.41481,63.22044],[21.4284,63.19843],[21.37745,63.19013],[21.36394,63.19367],[21.38054,63.20588],[21.3628,63.20624],[21.29119,63.17792],[21.29119,63.17113],[21.31853,63.16494],[21.30152,63.15615],[21.24342,63.1507],[21.20737,63.18334],[21.18881,63.1916],[21.14723,63.1822],[21.13356,63.19843],[21.15455,63.19843],[21.15455,63.20588],[21.10279,63.23599],[21.07895,63.28779],[21.12029,63.27196],[21.24342,63.28099],[21.24342,63.27481],[21.21518,63.26386],[21.19508,63.23941],[21.19947,63.23029],[21.19508,63.22577],[21.26441,63.21955],[21.28679,63.21137],[21.29786,63.22305],[21.29119,63.23941],[21.31577,63.25194],[21.35597,63.26073],[21.39633,63.26069],[21.42213,63.24681]]],[[[21.31853,63.28779],[21.31528,63.30402],[21.27752,63.30146],[21.22918,63.3288],[21.34596,63.36376],[21.37428,63.34927],[21.37387,63.3334],[21.35825,63.31566],[21.31853,63.28779]]],[[[24.99344,65.0551],[25.03359,65.05751],[25.06182,65.04348],[25.02801,65.03462],[24.96222,65.03478],[24.87738,65.04525],[24.81966,65.04328],[24.80155,65.02427],[24.72237,65.00347],[24.75078,64.97597],[24.81239,64.97919],[24.82732,64.97297],[24.78012,64.96678],[24.73471,64.95091],[24.70069,64.95816],[24.71062,64.97297],[24.68393,64.99657],[24.65838,64.97199],[24.6316,64.96784],[24.57901,65.00954],[24.56275,65.03718],[24.65419,65.08022],[24.83451,65.0948],[24.8831,65.0869],[24.89698,65.07242],[24.87301,65.06583],[24.88284,65.05914],[24.93627,65.05914],[24.99344,65.0551]]],[[[23.91521,59.97346],[23.92351,59.96931],[23.92042,59.95942],[23.89422,59.94969],[23.87078,59.94672],[23.84742,59.95466],[23.87029,59.97281],[23.89226,59.97651],[23.91521,59.97346]]],[[[22.88738,60.06778],[22.92661,60.06538],[22.91098,60.04157],[22.8934,60.03315],[22.87224,60.00605],[22.85955,60.01142],[22.85109,60.0279],[22.85572,60.04133],[22.88331,60.04312],[22.8838,60.04808],[22.85515,60.05557],[22.86329,60.06257],[22.88738,60.06778]]],[[[22.95753,60.11078],[22.96315,60.09687],[22.94679,60.0847],[22.92791,60.08991],[22.89894,60.081],[22.84547,60.08222],[22.8733,60.10985],[22.89161,60.11909],[22.917,60.12507],[22.95004,60.11864],[22.95753,60.11078]]],[[[21.99155,60.12995],[22.01238,60.12275],[22.00734,60.11547],[21.97136,60.1114],[21.94386,60.11347],[21.92994,60.12458],[21.96209,60.13788],[21.97722,60.13076],[21.99155,60.12995]]],[[[22.31316,60.19196],[22.37501,60.20405],[22.38559,60.19526],[22.36793,60.17739],[22.32,60.16405],[22.33693,60.14851],[22.32374,60.14688],[22.28834,60.14985],[22.30454,60.18879],[22.31316,60.19196]]],[[[21.98316,60.28498],[21.97291,60.28535],[22.00831,60.29731],[21.99578,60.2873],[21.98316,60.28498]]],[[[21.95688,60.2814],[21.90968,60.2801],[21.89601,60.2897],[21.88494,60.2895],[21.87534,60.30488],[21.87973,60.31053],[21.95981,60.31216],[21.97381,60.30931],[21.97535,60.30256],[21.95688,60.2814]]],[[[22.29965,60.36758],[22.28956,60.35798],[22.19109,60.34174],[22.15724,60.35187],[22.16424,60.36164],[22.28492,60.37499],[22.29965,60.36758]]],[[[22.20623,60.38255],[22.20753,60.37556],[22.10426,60.35415],[22.12208,60.37165],[22.14682,60.38044],[22.20623,60.38255]]],[[[21.33806,60.38337],[21.35231,60.37043],[21.35532,60.35179],[21.33839,60.3531],[21.33106,60.36518],[21.30388,60.36424],[21.29444,60.37051],[21.30779,60.38959],[21.31984,60.39151],[21.33806,60.38337]]],[[[26.60206,60.44652],[26.6526,60.42691],[26.63649,60.41486],[26.57309,60.40534],[26.55893,60.39741],[26.54859,60.37836],[26.52613,60.38516],[26.50717,60.40347],[26.51344,60.41128],[26.57472,60.42178],[26.59343,60.44595],[26.60206,60.44652]]],[[[22.02622,63.32221],[22.0608,63.30215],[22.04664,63.28217],[22.01384,63.27774],[22.00457,63.29116],[21.98992,63.27757],[21.97828,63.28001],[21.97771,63.29865],[21.98902,63.31037],[22.02996,63.30842],[22.00758,63.3249],[22.02223,63.32343],[22.02622,63.32221]]],[[[22.14422,63.25141],[22.07936,63.2663],[22.08318,63.27045],[22.06707,63.279],[22.0687,63.28388],[22.08888,63.29462],[22.06918,63.31855],[22.1102,63.32892],[22.13209,63.32591],[22.15821,63.31102],[22.16969,63.31916],[22.19565,63.30976],[22.22169,63.33857],[22.23129,63.33881],[22.24627,63.30707],[22.22267,63.27998],[22.20867,63.27326],[22.18727,63.27351],[22.1565,63.28856],[22.11443,63.28417],[22.15854,63.27408],[22.1631,63.26333],[22.14405,63.25414],[22.14422,63.25141]]],[[[21.9572,63.33161],[21.94899,63.33381],[21.95134,63.34365],[21.99643,63.38471],[22.05983,63.38837],[22.09604,63.38349],[22.07944,63.37686],[22.08513,63.36701],[22.07618,63.36005],[22.01271,63.36371],[21.99708,63.34846],[21.96608,63.33316],[21.9572,63.33161]]],[[[22.80795,63.77953],[22.82887,63.77631],[22.80209,63.73819],[22.78207,63.74482],[22.77605,63.72818],[22.73959,63.72053],[22.70289,63.7364],[22.68149,63.76341],[22.76384,63.79145],[22.78175,63.79043],[22.79566,63.77766],[22.80445,63.77822],[22.80795,63.77953]]],[[[22.49855,59.87763],[22.51287,59.87373],[22.4437,59.85147],[22.41603,59.85293],[22.41383,59.86123],[22.42189,59.86567],[22.48813,59.87665],[22.49855,59.87763]]],[[[21.60043,60.25483],[21.62672,60.25259],[21.60174,60.22256],[21.56349,60.22622],[21.56227,60.23994],[21.57106,60.25593],[21.58693,60.26935],[21.60467,60.26879],[21.60678,60.26069],[21.59742,60.25702],[21.60043,60.25483]]],[[[21.25953,60.8531],[21.26734,60.85106],[21.26319,60.83027],[21.20533,60.84325],[21.18629,60.85651],[21.20655,60.86319],[21.22153,60.85895],[21.22657,60.84711],[21.25196,60.84711],[21.25953,60.8531]]],[[[21.42189,61.17674],[21.43165,61.17145],[21.38884,61.18098],[21.35239,61.17601],[21.34295,61.19062],[21.36313,61.20856],[21.38006,61.21402],[21.39137,61.20962],[21.38575,61.20099],[21.38917,61.19221],[21.42189,61.17674]]],[[[21.52125,61.63398],[21.52613,61.6291],[21.50782,61.61807],[21.47836,61.62084],[21.45997,61.62934],[21.48455,61.64045],[21.52125,61.63398]]],[[[21.20851,62.94623],[21.19142,62.95392],[21.16814,62.94599],[21.14666,62.95327],[21.13649,62.96723],[21.15056,62.96357],[21.15935,62.97541],[21.14039,62.98457],[21.13038,63.0008],[21.15162,63.01032],[21.19565,62.99437],[21.21599,62.97516],[21.22193,62.95136],[21.21656,62.94709],[21.20851,62.94623]]]]}},{"type":"Feature","properties":{"layer":"land","name":"Germany","name_sv":"Tyskland","iso":"DEU","focus":false},"geometry":{"type":"MultiPolygon","coordinates":[[[[7.19291,53.0],[7.18507,53.10544],[7.17194,53.13771],[7.19541,53.185],[7.19459,53.24502],[7.21583,53.2556],[7.23357,53.27363],[7.23699,53.28555],[7.2295,53.29658],[7.25473,53.31952],[7.29152,53.32392],[7.36655,53.3028],[7.34254,53.32404],[7.30291,53.33275],[7.07521,53.33759],[7.03826,53.34858],[7.02361,53.37641],[7.02328,53.45051],[7.05974,53.52172],[7.11964,53.5163],[7.14177,53.53718],[7.13999,53.54979],[7.13111,53.55695],[7.08888,53.57372],[7.08676,53.58686],[7.22609,53.66649],[7.30502,53.6848],[7.45883,53.69514],[7.48024,53.68203],[7.50392,53.67866],[7.65138,53.69697],[7.95143,53.72191],[8.03142,53.70808],[8.02491,53.67255],[8.05291,53.6363],[8.09409,53.60472],[8.12762,53.59077],[8.11915,53.57193],[8.15675,53.56367],[8.16798,53.55321],[8.16489,53.53522],[8.15545,53.52603],[8.11573,53.51073],[8.05877,53.50202],[8.077,53.46869],[8.09978,53.44741],[8.12387,53.45401],[8.15235,53.44977],[8.1867,53.42951],[8.20533,53.41071],[8.2365,53.40672],[8.25945,53.4123],[8.29282,53.4405],[8.31512,53.47492],[8.32049,53.50922],[8.29152,53.52936],[8.23121,53.52521],[8.24887,53.59028],[8.27068,53.61286],[8.32936,53.61811],[8.34848,53.61286],[8.38771,53.57713],[8.42807,53.56477],[8.51344,53.55476],[8.55209,53.54361],[8.55209,53.5362],[8.5062,53.50796],[8.49,53.4864],[8.4839,53.45734],[8.48504,53.40119],[8.4909,53.37645],[8.50441,53.35806],[8.50733,53.3828],[8.49757,53.47476],[8.51287,53.49649],[8.55665,53.51821],[8.56577,53.5467],[8.50831,53.62515],[8.48707,53.66694],[8.4861,53.70043],[8.52963,53.7707],[8.55616,53.83096],[8.58758,53.87043],[8.62924,53.88939],[8.6727,53.89159],[8.74464,53.85415],[8.78248,53.84248],[8.86069,53.831],[8.97625,53.84243],[9.01629,53.84052],[9.035,53.85358],[9.11451,53.86514],[9.19361,53.86469],[9.2107,53.87197],[9.22429,53.86591],[9.28338,53.86164],[9.40268,53.74242],[9.48471,53.69009],[9.49838,53.65986],[9.58237,53.5913],[9.63722,53.581],[9.69662,53.55663],[9.81902,53.54035],[9.83204,53.54361],[9.81959,53.55663],[9.78207,53.56973],[9.69239,53.57591],[9.58367,53.61245],[9.55079,53.63459],[9.53224,53.71117],[9.4358,53.74868],[9.41245,53.77875],[9.39666,53.81102],[9.39519,53.831],[9.35873,53.83955],[9.25782,53.88556],[9.09343,53.89248],[9.02996,53.90713],[9.00782,53.89248],[8.98463,53.89704],[8.94947,53.91291],[8.91603,53.9374],[8.83334,54.03644],[8.89064,54.0478],[8.97535,54.02408],[8.99724,54.03022],[9.01303,54.06098],[9.01832,54.09789],[8.97446,54.12808],[8.97731,54.1457],[8.95289,54.15009],[8.91798,54.14631],[8.86069,54.12519],[8.81284,54.18049],[8.84669,54.23355],[8.83961,54.25556],[8.92205,54.27424],[8.96315,54.31761],[8.94028,54.31501],[8.88111,54.29027],[8.88795,54.30394],[8.77467,54.29027],[8.73894,54.29389],[8.67848,54.26919],[8.65187,54.27485],[8.62338,54.29011],[8.60271,54.31208],[8.59986,54.33808],[8.61402,54.34837],[8.69557,54.35859],[8.69557,54.36542],[8.65065,54.378],[8.63478,54.36542],[8.62623,54.37641],[8.62916,54.38768],[8.64845,54.4064],[8.66977,54.40082],[8.75082,54.4138],[8.88608,54.41779],[9.00473,54.46589],[9.01149,54.48212],[9.01157,54.50633],[8.9861,54.52928],[8.90447,54.58063],[8.88795,54.60187],[8.85816,54.60615],[8.82586,54.59813],[8.81902,54.60562],[8.85328,54.61929],[8.81837,54.67365],[8.80543,54.68757],[8.68873,54.7353],[8.69435,54.76024],[8.64845,54.81786],[8.64275,54.84418],[8.66078,54.89631],[8.73278,54.88905],[8.82425,54.9059],[9.19477,54.8504],[9.21151,54.84182],[9.22639,54.80591],[9.24407,54.80177],[9.33202,54.80322],[9.38504,54.81939],[9.40519,54.80839],[9.45143,54.81037],[9.511,54.82783],[9.52996,54.8415],[9.55437,54.84711],[9.57993,54.86628],[9.58318,54.83027],[9.6316,54.81989],[9.69304,54.81802],[9.73463,54.80732],[9.80177,54.78339],[9.82374,54.75674],[9.89536,54.76948],[9.89145,54.79027],[9.91505,54.7912],[9.94752,54.77953],[9.97047,54.76264],[9.99049,54.72053],[10.01824,54.70124],[10.00538,54.6955],[9.97047,54.70124],[9.93238,54.68525],[9.92945,54.6739],[9.99635,54.67878],[10.0114,54.66706],[10.03354,54.67292],[10.03907,54.66681],[10.03191,54.65278],[10.03761,54.61909],[10.02687,54.55996],[10.01043,54.53433],[9.96559,54.50617],[9.9253,54.49311],[9.8401,54.48212],[9.8401,54.47529],[9.88331,54.4621],[10.12468,54.49575],[10.1434,54.49185],[10.20387,54.46101],[10.18393,54.44937],[10.19703,54.4101],[10.19125,54.39672],[10.15903,54.37531],[10.14178,54.37226],[10.14828,54.36518],[10.14178,54.35859],[10.15553,54.34341],[10.14178,54.32441],[10.16375,54.32917],[10.18035,54.34113],[10.22438,54.4138],[10.27215,54.42007],[10.31837,54.44331],[10.36085,54.44111],[10.44337,54.4064],[10.60108,54.36542],[10.6902,54.31623],[10.73129,54.31021],[10.77711,54.31513],[10.86793,54.35859],[10.93531,54.37954],[11.01881,54.38589],[11.01881,54.3791],[10.97584,54.3784],[11.01051,54.37718],[11.03395,54.36762],[11.10418,54.39289],[11.13551,54.38589],[11.08774,54.35175],[11.06658,54.35859],[11.0774,54.34223],[11.09449,54.28352],[11.08709,54.2709],[11.09449,54.22508],[11.09018,54.20799],[11.06658,54.18391],[10.95045,54.13947],[10.89283,54.10252],[10.83611,54.08999],[10.82228,54.09736],[10.80543,54.09488],[10.75262,54.05012],[10.78045,54.00995],[10.82691,53.99543],[10.8755,53.99543],[10.88738,53.96393],[10.90211,53.96137],[10.92262,53.96137],[10.96469,53.98542],[11.05348,54.00849],[11.17506,54.01801],[11.19077,54.01032],[11.20436,53.98924],[11.24537,53.97842],[11.24293,53.94522],[11.29371,53.94086],[11.33416,53.96137],[11.35825,53.94086],[11.39991,53.94086],[11.43873,53.90913],[11.45769,53.90615],[11.47682,53.9527],[11.47242,53.96882],[11.49789,53.98184],[11.49171,54.00235],[11.52589,54.02277],[11.51905,54.03644],[11.55323,54.03022],[11.5735,54.03905],[11.59132,54.06562],[11.62452,54.08364],[11.62957,54.09602],[11.62208,54.09956],[11.62525,54.10981],[11.65789,54.14224],[11.68971,54.15522],[11.72877,54.15852],[11.81227,54.14981],[12.05063,54.17992],[12.08815,54.19408],[12.09164,54.114],[12.115,54.09789],[12.10532,54.11001],[12.09506,54.1457],[12.10548,54.15738],[12.13429,54.16698],[12.14283,54.18049],[12.10133,54.17365],[12.1089,54.18301],[12.18686,54.24335],[12.2894,54.27509],[12.34213,54.30394],[12.37818,54.34492],[12.43832,54.39582],[12.51344,54.48224],[12.53387,54.48827],[12.53387,54.48212],[12.52703,54.48212],[12.54835,54.46206],[12.59148,54.45173],[12.8191,54.45173],[12.85662,54.44111],[12.87965,54.4488],[12.90838,54.44465],[12.92115,54.4335],[12.89633,54.42007],[12.87078,54.41681],[12.76368,54.42219],[12.69459,54.43366],[12.67042,54.42007],[12.6242,54.42292],[12.61451,54.41974],[12.60841,54.4064],[12.60222,54.4138],[12.58172,54.4064],[12.58766,54.39403],[12.60222,54.39208],[12.59474,54.38589],[12.55405,54.39082],[12.53598,54.38373],[12.52703,54.37226],[12.49098,54.39008],[12.43849,54.38752],[12.41847,54.36066],[12.424,54.34492],[12.39674,54.35175],[12.3899,54.34492],[12.39649,54.33295],[12.39161,54.32111],[12.36256,54.31021],[12.38014,54.27709],[12.36883,54.26919],[12.41245,54.25141],[12.43678,54.24771],[12.45818,54.25556],[12.44264,54.25519],[12.41033,54.26919],[12.42628,54.28962],[12.47242,54.31021],[12.47869,54.33185],[12.56056,54.35859],[12.54078,54.36542],[12.54078,54.37226],[12.55934,54.37629],[12.57423,54.37226],[12.57423,54.3791],[12.59295,54.36933],[12.67726,54.39208],[12.67042,54.4064],[12.68084,54.41087],[12.71754,54.4138],[12.71754,54.4064],[12.69239,54.39619],[12.68409,54.37226],[12.7046,54.3996],[12.73504,54.37816],[12.7461,54.38589],[12.76857,54.38007],[12.78712,54.39208],[12.79469,54.37714],[12.81804,54.35798],[12.85467,54.35786],[12.87599,54.36542],[12.90382,54.3996],[12.92937,54.41437],[13.0088,54.43806],[13.03419,54.43366],[13.02149,54.42646],[13.02858,54.40184],[13.04037,54.39208],[13.09555,54.37226],[13.07667,54.35252],[13.08074,54.33714],[13.10922,54.31021],[13.11492,54.28001],[13.17066,54.2766],[13.17066,54.26919],[13.1434,54.26301],[13.17612,54.26484],[13.28883,54.23428],[13.32179,54.19452],[13.34889,54.18049],[13.32154,54.16681],[13.34653,54.16694],[13.3838,54.17813],[13.40349,54.17365],[13.38299,54.15314],[13.39479,54.14891],[13.41774,54.15314],[13.4651,54.09846],[13.50709,54.09105],[13.50709,54.09789],[13.47926,54.11835],[13.47926,54.12519],[13.60271,54.13947],[13.71193,54.17365],[13.71469,54.16405],[13.69825,54.15933],[13.69825,54.15314],[13.80812,54.10468],[13.7732,54.04633],[13.7461,54.03644],[13.79762,53.99893],[13.83863,53.98631],[13.84913,53.9676],[13.84864,53.95555],[13.90602,53.94306],[13.90756,53.93354],[13.89015,53.91291],[13.81853,53.878],[13.80812,53.86514],[13.81707,53.85293],[13.8628,53.84125],[13.86915,53.83031],[13.89991,53.80915],[13.91066,53.81049],[13.98422,53.77399],[14.01735,53.76952],[14.03745,53.75528],[14.06886,53.75528],[14.10613,53.74335],[14.18653,53.73981],[14.21469,53.74486],[14.23414,53.76179],[14.2645,53.75161],[14.26743,53.73542],[14.25953,53.72797],[14.21274,53.70808],[14.2639,53.69998],[14.26097,53.65621],[14.29704,53.59776],[14.29694,53.52914],[14.30417,53.50852],[14.35988,53.44408],[14.37032,53.3923],[14.39801,53.31522],[14.40329,53.27879],[14.44163,53.25184],[14.38065,53.18986],[14.37786,53.17655],[14.38954,53.13167],[14.34334,53.04862],[14.25096,53.0],[7.19291,53.0]]],[[[14.21005,53.93846],[14.19307,53.91149],[14.17529,53.90648],[14.19276,53.89377],[14.20082,53.87816],[14.08741,53.87043],[14.04835,53.87938],[13.99586,53.85375],[13.93849,53.84467],[13.87525,53.84406],[13.8401,53.85029],[13.82179,53.86514],[13.93165,53.89932],[13.93897,53.92821],[13.90187,53.96979],[13.90447,53.99543],[13.97267,53.98924],[13.96583,53.98184],[13.95899,53.94086],[13.97462,53.95734],[13.98748,53.96141],[14.02784,53.96137],[14.01433,53.94709],[14.04835,53.94086],[14.04029,53.95384],[14.05307,53.97842],[14.05128,54.00507],[14.03745,54.02172],[14.01433,54.01602],[13.9817,54.05634],[13.94606,54.0666],[13.91586,54.05638],[13.92482,54.03644],[13.89088,54.01016],[13.85597,54.00235],[13.85808,54.01577],[13.87631,54.03644],[13.8711,54.04865],[13.86362,54.04999],[13.82301,54.03791],[13.7942,54.01813],[13.7741,54.02277],[13.78207,54.04214],[13.80926,54.0751],[13.81495,54.10126],[13.80616,54.11664],[13.75294,54.15314],[13.7776,54.17402],[13.79615,54.17829],[13.81495,54.17365],[13.85597,54.11835],[13.8825,54.10244],[14.01661,54.06],[14.20948,53.93863],[14.21005,53.93846]]],[[[6.79811,53.60444],[6.72242,53.59077],[6.72242,53.58462],[6.7422,53.57836],[6.75652,53.56289],[6.72609,53.57713],[6.69508,53.5703],[6.67709,53.57563],[6.65952,53.59911],[6.74733,53.61835],[6.78468,53.62006],[6.79811,53.60444]]],[[[6.87379,53.67276],[6.91082,53.68366],[7.04705,53.69416],[7.08546,53.687],[6.87379,53.67276]]],[[[7.13315,53.70808],[7.17897,53.72407],[7.23292,53.72944],[7.3462,53.72797],[7.34506,53.72207],[7.29575,53.71101],[7.17359,53.7014],[7.13315,53.70808]]],[[[7.36655,53.72797],[7.40349,53.73672],[7.43556,53.72797],[7.42124,53.72114],[7.3812,53.7285],[7.36655,53.72797]]],[[[8.12013,53.72114],[8.13266,53.73404],[8.15235,53.73916],[8.19597,53.72797],[8.17172,53.72557],[8.15089,53.7143],[8.13071,53.71845],[8.12013,53.7143],[8.12013,53.72114]]],[[[7.51743,53.76211],[7.60662,53.7626],[7.62721,53.75092],[7.51393,53.74551],[7.51124,53.72797],[7.48194,53.72712],[7.47299,53.73188],[7.46957,53.74535],[7.47462,53.75682],[7.48699,53.76142],[7.51743,53.76211]]],[[[7.6609,53.76211],[7.68629,53.78099],[7.72828,53.78657],[7.81284,53.78315],[7.81284,53.77635],[7.74822,53.76093],[7.71949,53.75991],[7.695,53.76952],[7.66863,53.75788],[7.6609,53.76211]]],[[[7.87379,53.77635],[7.8545,53.78457],[7.8589,53.79092],[7.89763,53.79629],[7.95558,53.7829],[7.87526,53.7884],[7.87379,53.77635]]],[[[11.37566,53.98184],[11.39039,54.00458],[11.42661,54.02293],[11.46803,54.03095],[11.49789,54.02277],[11.45769,53.96137],[11.44532,53.96113],[11.45143,53.98554],[11.44703,53.99714],[11.43873,53.99726],[11.43328,53.98876],[11.43775,53.975],[11.42311,53.96772],[11.39096,53.97394],[11.37566,53.98184]]],[[[11.52849,54.0751],[11.53395,54.08487],[11.6159,54.11213],[11.53395,54.05695],[11.52849,54.0751]]],[[[8.96315,54.52367],[8.95631,54.51944],[8.95688,54.50943],[8.91131,54.47549],[8.88795,54.46845],[8.84449,54.4665],[8.8239,54.47085],[8.81284,54.48212],[8.82553,54.4912],[8.81284,54.50194],[8.84449,54.51972],[8.87965,54.52912],[8.9192,54.53046],[8.96315,54.52367]]],[[[11.25563,54.4787],[11.31422,54.4138],[11.18849,54.42617],[11.17018,54.42007],[11.17905,54.41421],[11.11264,54.41523],[11.10133,54.42349],[11.09864,54.45165],[11.05812,54.45527],[11.03248,54.44733],[11.02573,54.45881],[11.00847,54.45466],[11.00571,54.46845],[11.0337,54.50886],[11.07293,54.53119],[11.12127,54.53596],[11.20655,54.51447],[11.24,54.49555],[11.25563,54.4787]]],[[[13.1434,54.59813],[13.11891,54.58641],[13.10255,54.52993],[13.07504,54.50943],[13.06821,54.46845],[13.06137,54.46845],[13.06422,54.50511],[13.10231,54.5961],[13.10963,54.6031],[13.15105,54.60493],[13.15707,54.58796],[13.14967,54.59138],[13.14967,54.5777],[13.1434,54.5777],[13.1434,54.59813]]],[[[13.69825,54.39208],[13.74195,54.35049],[13.76645,54.34492],[13.74008,54.32982],[13.73015,54.31684],[13.72316,54.27839],[13.69093,54.28352],[13.71193,54.28657],[13.71599,54.29328],[13.71193,54.30394],[13.67945,54.29401],[13.65113,54.29719],[13.65113,54.30394],[13.68824,54.3133],[13.71193,54.33185],[13.65992,54.32978],[13.61695,54.31761],[13.69093,54.34492],[13.69093,54.35175],[13.65008,54.35244],[13.6268,54.3391],[13.59929,54.35175],[13.49968,54.34492],[13.42888,54.31094],[13.4061,54.28522],[13.35963,54.27546],[13.35572,54.24873],[13.3694,54.25556],[13.36313,54.26301],[13.41774,54.26606],[13.42303,54.23273],[13.40724,54.22822],[13.34702,54.23745],[13.31153,54.25113],[13.33522,54.28352],[13.30787,54.26919],[13.31471,54.26301],[13.28419,54.26284],[13.26791,54.2565],[13.21013,54.27582],[13.19923,54.28441],[13.20485,54.29719],[13.19028,54.29975],[13.14967,54.29027],[13.14283,54.298],[13.14894,54.30476],[13.1775,54.30394],[13.1775,54.31021],[13.11549,54.33808],[13.14894,54.37727],[13.17433,54.38398],[13.20485,54.37226],[13.21168,54.3791],[13.22332,54.3725],[13.26686,54.38589],[13.23927,54.39362],[13.23439,54.40339],[13.23902,54.42007],[13.22535,54.42084],[13.2116,54.4311],[13.15699,54.42683],[13.18181,54.45303],[13.25953,54.46845],[13.25953,54.47529],[13.27312,54.48212],[13.23325,54.49307],[13.22535,54.50194],[13.23365,54.50922],[13.23276,54.51626],[13.18539,54.50829],[13.16603,54.51911],[13.15887,54.54068],[13.1434,54.54291],[13.16635,54.54938],[13.25953,54.55378],[13.28826,54.53994],[13.29786,54.51968],[13.30926,54.53482],[13.30104,54.55036],[13.33367,54.57306],[13.3694,54.58515],[13.34205,54.55036],[13.36313,54.54291],[13.34889,54.52367],[13.37485,54.52558],[13.3838,54.53189],[13.38982,54.54291],[13.36313,54.55036],[13.36313,54.5572],[13.37672,54.56464],[13.41733,54.52456],[13.4109,54.50943],[13.43068,54.49274],[13.50709,54.48827],[13.49968,54.49575],[13.52076,54.51626],[13.52076,54.52367],[13.49968,54.5572],[13.52076,54.56464],[13.52076,54.57079],[13.50831,54.57038],[13.48658,54.5572],[13.44142,54.5572],[13.42384,54.57453],[13.39926,54.57958],[13.36915,54.61213],[13.27328,54.56094],[13.25327,54.56464],[13.24977,54.57648],[13.25685,54.59492],[13.28395,54.61929],[13.29347,54.64228],[13.29054,54.64655],[13.22478,54.63495],[13.23097,54.65331],[13.25359,54.66502],[13.3908,54.68818],[13.41871,54.68842],[13.44508,54.68008],[13.44508,54.6739],[13.39088,54.65054],[13.38299,54.63638],[13.39454,54.60444],[13.42457,54.58515],[13.46632,54.57689],[13.59596,54.59138],[13.64047,54.58568],[13.67066,54.56623],[13.67726,54.54047],[13.65113,54.51626],[13.58481,54.48652],[13.57545,54.47187],[13.5879,54.43757],[13.60955,54.4138],[13.67742,54.40082],[13.69825,54.39208]]],[[[8.33237,54.69379],[8.38233,54.63915],[8.40138,54.63296],[8.35369,54.61896],[8.33025,54.63141],[8.29152,54.66706],[8.32049,54.69872],[8.36036,54.71483],[8.36069,54.71003],[8.34246,54.7014],[8.33237,54.69379]]],[[[8.49757,54.75641],[8.55323,54.75446],[8.57594,54.74641],[8.59376,54.72167],[8.57407,54.6944],[8.55209,54.685],[8.51124,54.69379],[8.4852,54.68806],[8.45281,54.69383],[8.39454,54.71483],[8.41424,54.73578],[8.46412,54.75479],[8.49757,54.75641]]],[[[8.36036,54.94819],[8.3545,54.91275],[8.38836,54.89423],[8.43653,54.88727],[8.65447,54.89362],[8.62941,54.88215],[8.50441,54.88618],[8.44606,54.86628],[8.37713,54.86628],[8.36199,54.87694],[8.34392,54.8791],[8.30714,54.86538],[8.29493,54.83153],[8.29575,54.7591],[8.28443,54.74238],[8.27703,54.78278],[8.28858,54.8913],[8.29803,54.91254],[8.37371,55.03498],[8.41578,55.06533],[8.46339,55.05069],[8.40235,55.04877],[8.39454,55.04385],[8.42221,55.04218],[8.43043,55.03001],[8.42156,55.01626],[8.38087,55.00308],[8.36199,54.9868],[8.35157,54.96674],[8.36036,54.94819]]],[[[8.63453,54.54263],[8.6989,54.55858],[8.70094,54.54776],[8.69288,54.52326],[8.66977,54.5019],[8.64129,54.49238],[8.61883,54.49262],[8.59588,54.51366],[8.60206,54.52977],[8.62745,54.53994],[8.63453,54.54263]]],[[[7.90414,54.18041],[7.89918,54.17817],[7.87989,54.19391],[7.90064,54.19066],[7.90414,54.18041]]],[[[7.91236,54.19229],[7.92986,54.1953],[7.93344,54.18989],[7.91765,54.187],[7.91236,54.19229]]]]}},{"type":"Feature","properties":{"layer":"land","name":"Latvia","name_sv":"Lettland","iso":"LVA","focus":false},"geometry":{"type":"Polygon","coordinates":[[[27.35293,57.5276],[27.52817,57.52848],[27.52564,57.46838],[27.51132,57.4304],[27.53628,57.41569],[27.64082,57.389],[27.70795,57.34813],[27.82774,57.30495],[27.8403,57.29064],[27.84613,57.26731],[27.84117,57.21121],[27.82433,57.15907],[27.79405,57.14339],[27.70097,57.11879],[27.68222,57.1037],[27.69607,57.08546],[27.74547,57.06799],[27.75074,57.04236],[27.72335,56.9988],[27.71514,56.9574],[27.64873,56.87927],[27.62837,56.84415],[27.66118,56.83927],[27.74407,56.8648],[27.7864,56.87126],[27.83084,56.86428],[27.91352,56.82015],[27.91889,56.80589],[27.86546,56.74269],[27.88262,56.72548],[27.98101,56.68701],[27.99134,56.66998],[27.99744,56.60383],[28.01098,56.58756],[28.02866,56.57675],[28.12612,56.54776],[28.13221,56.53598],[28.09925,56.5134],[28.09325,56.50159],[28.10452,56.48307],[28.16426,56.43795],[28.16715,56.36987],[28.21728,56.27073],[28.21531,56.256],[28.19314,56.23104],[28.16911,56.16174],[28.14891,56.14241],[28.11098,56.15681],[27.98101,56.11802],[27.92706,56.10937],[27.91145,56.10025],[27.88065,56.06387],[27.78123,56.01637],[27.77699,55.9924],[27.74443,55.95974],[27.64501,55.92284],[27.61716,55.87855],[27.61013,55.83096],[27.59271,55.79424],[27.43882,55.79874],[27.37459,55.81484],[27.34963,55.83122],[27.28245,55.79187],[27.26302,55.78722],[27.15145,55.83246],[27.11078,55.83628],[26.98107,55.82688],[26.95782,55.81858],[26.90015,55.77871],[26.84278,55.71934],[26.82284,55.70611],[26.74305,55.68286],[26.64011,55.69557],[26.61561,55.68797],[26.59453,55.66699],[26.48105,55.67831],[26.34235,55.71634],[26.27972,55.74324],[26.17864,55.84959],[26.07942,55.89814],[26.01762,55.93736],[25.87127,55.99214],[25.76626,56.05865],[25.6966,56.0879],[25.66187,56.14081],[25.57289,56.14303],[25.52276,56.15657],[25.45481,56.14965],[25.1092,56.18308],[25.07313,56.19781],[25.04398,56.22799],[25.0262,56.26018],[24.97318,56.30075],[24.91014,56.42196],[24.89226,56.43873],[24.87097,56.4426],[24.85712,56.43537],[24.84585,56.40493],[24.80554,56.40855],[24.67863,56.37728],[24.63915,56.35997],[24.539,56.28762],[24.48133,56.26884],[24.44722,56.26052],[24.41435,56.26551],[24.31855,56.29858],[24.13892,56.25745],[24.07515,56.27119],[23.98131,56.3124],[23.85811,56.33439],[23.7561,56.32597],[23.72499,56.32881],[23.72354,56.34581],[23.7067,56.35444],[23.60986,56.35382],[23.51756,56.32866],[23.48159,56.3301],[23.28843,56.37305],[23.17257,56.35796],[23.15417,56.35139],[23.16285,56.34101],[23.11273,56.31088],[23.06229,56.30416],[23.01671,56.32385],[22.95698,56.40199],[22.92452,56.41211],[22.88897,56.40844],[22.82293,56.38286],[22.66635,56.34909],[22.60475,56.37909],[22.51173,56.39596],[22.2149,56.39038],[22.13914,56.41571],[22.09408,56.41741],[21.68449,56.3101],[21.59603,56.30788],[21.41929,56.23739],[21.35831,56.23324],[21.32762,56.22437],[21.25486,56.1852],[21.22964,56.16319],[21.20535,56.10342],[21.19036,56.08446],[21.0534,56.07262],[21.02882,56.14741],[20.98406,56.21043],[20.96909,56.25348],[20.98268,56.29076],[20.97096,56.34984],[20.97055,56.38898],[21.00318,56.4348],[21.01059,56.47574],[21.0005,56.51065],[21.00636,56.51996],[21.02426,56.51048],[21.04469,56.4621],[21.03053,56.44843],[21.04469,56.44221],[21.04469,56.42113],[21.03053,56.40811],[21.06178,56.38703],[21.07716,56.39521],[21.07976,56.40306],[21.06861,56.42406],[21.07211,56.46955],[21.05836,56.50365],[21.03053,56.52416],[21.0031,56.53001],[20.9922,56.5489],[21.00034,56.55768],[21.01051,56.5987],[21.04615,56.65619],[21.05836,56.68867],[21.0652,56.77432],[21.05275,56.82892],[21.0652,56.84634],[21.22291,56.9077],[21.2776,56.94912],[21.36012,56.98969],[21.3825,57.00894],[21.40162,57.0375],[21.41359,57.07319],[21.41481,57.11384],[21.40105,57.15131],[21.41481,57.18488],[21.41481,57.2709],[21.4336,57.30646],[21.48024,57.33364],[21.51775,57.3876],[21.58912,57.43879],[21.69923,57.55533],[21.72967,57.5738],[21.77166,57.58613],[21.9559,57.59296],[21.99928,57.60033],[22.48373,57.7425],[22.58579,57.75971],[22.61036,57.75462],[22.60027,57.74384],[22.59083,57.70612],[22.59099,57.64476],[22.60076,57.63011],[22.6561,57.58576],[22.87892,57.48127],[22.95037,57.43281],[23.03142,57.39448],[23.13022,57.3708],[23.13803,57.34317],[23.17457,57.29735],[23.19874,57.22419],[23.22242,57.20702],[23.2505,57.11445],[23.26092,57.09894],[23.29265,57.08893],[23.3401,57.05858],[23.42286,57.04023],[23.50856,57.03124],[23.58513,56.97907],[23.69516,56.96727],[23.86606,56.99018],[23.95289,57.01325],[23.99122,57.03124],[24.03565,57.069],[24.07456,57.07494],[24.21079,57.12373],[24.21925,57.13801],[24.27858,57.16104],[24.27882,57.17178],[24.28875,57.1789],[24.37916,57.23021],[24.40065,57.25812],[24.40886,57.29816],[24.40553,57.34447],[24.37517,57.52855],[24.35857,57.55036],[24.37477,57.61347],[24.35768,57.68549],[24.29957,57.74384],[24.28598,57.83259],[24.30616,57.86819],[24.34965,57.85864],[24.37818,57.85944],[24.40154,57.86647],[24.44164,57.90809],[24.48133,57.91931],[24.53383,57.94507],[24.68483,57.94758],[24.70043,57.95419],[24.71883,57.98184],[24.73351,57.9922],[24.81681,57.97667],[24.87252,58.00044],[24.94931,58.00644],[25.04884,58.0562],[25.09421,58.06731],[25.14103,58.06801],[25.16697,58.05873],[25.20211,57.99197],[25.21679,57.98538],[25.26453,57.99419],[25.28438,58.00814],[25.27756,58.02411],[25.24955,58.05119],[25.25069,58.0685],[25.2635,58.07514],[25.28169,58.07341],[25.29957,58.0656],[25.32458,58.03475],[25.35652,58.03475],[25.39662,58.02318],[25.45718,57.98406],[25.54168,57.96282],[25.55832,57.93424],[25.60152,57.9122],[25.65009,57.91143],[25.7303,57.92313],[25.74538,57.90918],[25.7675,57.86892],[25.79262,57.85598],[26.01451,57.84283],[26.02526,57.82841],[26.01307,57.8073],[26.01607,57.78668],[26.02475,57.77436],[26.16851,57.70405],[26.26318,57.62083],[26.29718,57.59915],[26.33863,57.58315],[26.43092,57.56171],[26.49955,57.51582],[26.54224,57.52817],[26.57985,57.51783],[26.59009,57.52037],[26.60476,57.54031],[26.66698,57.56486],[26.70047,57.57075],[26.79576,57.57132],[26.81633,57.58119],[26.85415,57.62256],[26.87265,57.62718],[26.89612,57.61499],[26.98107,57.60899],[27.00464,57.59891],[27.06153,57.55566],[27.08535,57.54943],[27.16566,57.54669],[27.31996,57.51613],[27.35293,57.5276]]]}},{"type":"Feature","properties":{"layer":"land","name":"Lithuania","name_sv":"Litauen","iso":"LTU","focus":false},"geometry":{"type":"MultiPolygon","coordinates":[[[[26.59453,55.66699],[26.60766,55.61645],[26.60518,55.5901],[26.59557,55.56803],[26.53211,55.51625],[26.52766,55.49217],[26.54647,55.47124],[26.54327,55.45961],[26.49924,55.42809],[26.48601,55.39083],[26.4455,55.3375],[26.45004,55.32706],[26.52539,55.3081],[26.6027,55.31688],[26.76863,55.30024],[26.79157,55.29017],[26.80072,55.27332],[26.78966,55.2572],[26.76558,55.24671],[26.70109,55.23684],[26.65696,55.21534],[26.63391,55.19219],[26.61634,55.1354],[26.60094,55.12082],[26.57893,55.11855],[26.4734,55.14568],[26.45914,55.14475],[26.42875,55.12821],[26.30948,55.14464],[26.26442,55.1401],[26.233,55.11162],[26.22463,55.05488],[26.18784,55.00874],[26.13864,54.96895],[26.10257,54.95701],[25.98113,54.94269],[25.90786,54.94807],[25.87023,54.93882],[25.85845,54.93298],[25.84667,54.90621],[25.7827,54.86968],[25.77226,54.85086],[25.78228,54.82198],[25.77846,54.80529],[25.73495,54.78906],[25.7243,54.78012],[25.7212,54.76674],[25.72461,54.71568],[25.70838,54.66302],[25.73991,54.60773],[25.74559,54.5884],[25.74042,54.56851],[25.70735,54.54153],[25.64616,54.52039],[25.63087,54.50835],[25.61991,54.4881],[25.61258,54.4218],[25.53,54.34614],[25.52865,54.32097],[25.5423,54.30806],[25.564,54.30315],[25.60741,54.30485],[25.68234,54.32563],[25.69598,54.32097],[25.71924,54.28155],[25.73929,54.28258],[25.78921,54.23622],[25.77195,54.21788],[25.77102,54.17215],[25.76306,54.15644],[25.74001,54.14626],[25.69061,54.14822],[25.6535,54.12874],[25.54302,54.13696],[25.51604,54.14476],[25.49331,54.15752],[25.48576,54.1754],[25.52896,54.19566],[25.52338,54.20424],[25.4993,54.21183],[25.50168,54.22176],[25.55398,54.23127],[25.47868,54.29333],[25.45935,54.29891],[25.43414,54.29183],[25.39404,54.25715],[25.36975,54.2479],[25.28758,54.24522],[25.22412,54.25855],[25.20624,54.25679],[25.15653,54.17571],[25.1156,54.14879],[25.07199,54.1322],[25.02713,54.12786],[24.94827,54.1459],[24.90228,54.14977],[24.85598,54.14672],[24.82156,54.13453],[24.81815,54.11013],[24.7825,54.09287],[24.82136,54.01991],[24.81939,53.99257],[24.80637,53.97531],[24.7887,53.96968],[24.7056,53.9642],[24.69082,53.97283],[24.6779,53.99231],[24.66684,53.99386],[24.64297,53.98301],[24.5791,53.97562],[24.52866,53.95836],[24.41404,53.89769],[24.37787,53.88684],[24.25705,53.89402],[24.22915,53.93237],[24.20114,53.95247],[24.16962,53.95893],[24.04538,53.93087],[23.98131,53.9304],[23.91981,53.94777],[23.82834,53.92007],[23.78721,53.92792],[23.75445,53.91676],[23.62712,53.89821],[23.52014,53.93397],[23.48562,53.93929],[23.48749,53.95562],[23.45865,53.98162],[23.45927,53.99231],[23.49648,54.02197],[23.49617,54.04456],[23.47395,54.11256],[23.44904,54.15494],[23.4325,54.16931],[23.39147,54.1801],[23.35447,54.21705],[23.31602,54.23628],[23.19727,54.26785],[23.11707,54.30346],[23.0501,54.29483],[23.03211,54.30955],[23.04162,54.34097],[22.98974,54.35338],[22.96266,54.3817],[22.91884,54.38113],[22.8376,54.40092],[22.8127,54.3941],[22.78603,54.36521],[22.76722,54.35627],[22.70697,54.41875],[22.6804,54.45322],[22.67462,54.49228],[22.68175,54.5699],[22.7081,54.63563],[22.70087,54.67956],[22.72702,54.70534],[22.72484,54.72338],[22.76484,54.73712],[22.78665,54.75599],[22.83285,54.77867],[22.84577,54.79614],[22.84835,54.81381],[22.82127,54.88549],[22.74924,54.90988],[22.74097,54.91763],[22.75213,54.93112],[22.71554,54.95138],[22.63348,54.95794],[22.60837,54.99241],[22.58067,55.05762],[22.56547,55.0678],[22.54108,55.07576],[22.43628,55.05778],[22.25128,55.07085],[22.14266,55.05463],[22.09987,55.02992],[22.07682,55.02858],[22.02773,55.04439],[22.01863,55.06093],[22.01543,55.08842],[22.00344,55.09349],[21.9775,55.09199],[21.94277,55.07829],[21.87322,55.09493],[21.81989,55.11932],[21.75064,55.12795],[21.64584,55.18103],[21.60512,55.1925],[21.50394,55.19441],[21.46766,55.21115],[21.40555,55.27239],[21.37485,55.28996],[21.34984,55.28779],[21.26759,55.24868],[21.26441,55.284],[21.28533,55.28706],[21.29119,55.29707],[21.27418,55.32734],[21.25945,55.33625],[21.25709,55.36937],[21.24659,55.37018],[21.18881,55.33861],[21.18336,55.34618],[21.22429,55.39932],[21.2483,55.41787],[21.24838,55.44233],[21.22291,55.52021],[21.19939,55.53766],[21.19508,55.58511],[21.15756,55.64175],[21.14723,55.67817],[21.09938,55.72907],[21.07439,55.74494],[21.06056,55.78925],[21.04469,55.87373],[21.04469,55.91771],[21.05836,55.95185],[21.0534,56.07262],[21.19036,56.08446],[21.20535,56.10342],[21.22964,56.16319],[21.25486,56.1852],[21.32762,56.22437],[21.35831,56.23324],[21.41929,56.23739],[21.59603,56.30788],[21.68449,56.3101],[22.09408,56.41741],[22.13914,56.41571],[22.2149,56.39038],[22.51173,56.39596],[22.60475,56.37909],[22.66635,56.34909],[22.82293,56.38286],[22.88897,56.40844],[22.92452,56.41211],[22.95698,56.40199],[23.01671,56.32385],[23.06229,56.30416],[23.11273,56.31088],[23.16285,56.34101],[23.15417,56.35139],[23.17257,56.35796],[23.28843,56.37305],[23.48159,56.3301],[23.51756,56.32866],[23.60986,56.35382],[23.7067,56.35444],[23.72354,56.34581],[23.72499,56.32881],[23.7561,56.32597],[23.85811,56.33439],[23.98131,56.3124],[24.07515,56.27119],[24.13892,56.25745],[24.31855,56.29858],[24.41435,56.26551],[24.44722,56.26052],[24.48133,56.26884],[24.539,56.28762],[24.63915,56.35997],[24.67863,56.37728],[24.80554,56.40855],[24.84585,56.40493],[24.85712,56.43537],[24.87097,56.4426],[24.89226,56.43873],[24.91014,56.42196],[24.97318,56.30075],[25.0262,56.26018],[25.04398,56.22799],[25.07313,56.19781],[25.1092,56.18308],[25.45481,56.14965],[25.52276,56.15657],[25.57289,56.14303],[25.66187,56.14081],[25.6966,56.0879],[25.76626,56.05865],[25.87127,55.99214],[26.01762,55.93736],[26.07942,55.89814],[26.17864,55.84959],[26.27972,55.74324],[26.34235,55.71634],[26.48105,55.67831],[26.53748,55.66952],[26.59453,55.66699]]],[[[20.98943,55.27312],[20.92457,55.28266],[20.99952,55.357],[21.04152,55.41608],[21.08237,55.49763],[21.09938,55.5987],[21.09392,55.60346],[21.09938,55.61298],[21.09067,55.63312],[21.09352,55.69554],[21.08522,55.72285],[21.11744,55.69977],[21.13152,55.65559],[21.13356,55.56831],[21.11988,55.52705],[21.11988,55.48945],[21.09262,55.45661],[21.08717,55.44107],[21.10621,55.42744],[21.10621,55.42121],[21.0735,55.39179],[21.03785,55.3286],[20.98894,55.29133],[20.98943,55.27312]]]]}},{"type":"Feature","properties":{"layer":"land","name":"Netherlands","name_sv":"Netherlands","iso":"NLD","focus":false},"geometry":{"type":"MultiPolygon","coordinates":[[[[7.19459,53.24502],[7.19541,53.185],[7.17194,53.13771],[7.18507,53.10544],[7.19291,53.0],[5.16315,53.0],[5.31276,53.08283],[5.37924,53.09736],[5.39975,53.12206],[5.42709,53.19033],[5.44744,53.22089],[5.50424,53.25702],[5.54103,53.26659],[5.59156,53.3028],[5.65968,53.31196],[5.69459,53.33006],[5.98081,53.40607],[6.27394,53.41266],[6.31153,53.39899],[6.34555,53.41266],[6.49439,53.43871],[6.73024,53.46064],[6.82911,53.45059],[6.86687,53.43427],[6.90056,53.35179],[6.94858,53.32608],[7.02003,53.30614],[7.03777,53.30964],[7.05828,53.30195],[7.08546,53.30964],[7.08546,53.3028],[7.0735,53.29564],[7.08074,53.26679],[7.18336,53.2451],[7.19459,53.24502]]],[[[4.89259,53.11103],[4.89259,53.1048],[4.9131,53.1048],[4.89308,53.07612],[4.86524,53.0502],[4.81813,53.02676],[4.79566,53.00031],[4.72682,53.00308],[4.70769,53.02847],[4.71388,53.05463],[4.73365,53.08422],[4.75847,53.10847],[4.80567,53.133],[4.85434,53.18773],[4.88575,53.18671],[4.8921,53.17573],[4.88575,53.1662],[4.91017,53.13459],[4.90992,53.11884],[4.89259,53.11103]]],[[[4.87892,53.22089],[4.92124,53.25373],[4.9865,53.28998],[5.05445,53.31379],[5.10483,53.30964],[5.10483,53.3028],[5.07814,53.3028],[5.03647,53.29181],[4.91017,53.21247],[4.87892,53.22089]]],[[[5.42359,53.43037],[5.43702,53.43647],[5.5853,53.4536],[5.56202,53.43431],[5.47543,53.42695],[5.4817,53.41266],[5.4686,53.40852],[5.42701,53.40644],[5.20834,53.35269],[5.17986,53.3531],[5.16765,53.36823],[5.17888,53.38544],[5.23243,53.39672],[5.25017,53.40644],[5.40724,53.42255],[5.42359,53.43037]]],[[[5.674,53.46792],[5.91383,53.47386],[5.9546,53.46109],[5.85564,53.44741],[5.75278,53.44741],[5.67897,53.43012],[5.65358,53.43374],[5.63608,53.44868],[5.64194,53.46337],[5.65886,53.47187],[5.674,53.46792]]],[[[6.21176,53.50886],[6.3108,53.51415],[6.33871,53.50886],[6.33871,53.50202],[6.15317,53.46882],[6.13331,53.4536],[6.12745,53.45991],[6.13331,53.46792],[6.12281,53.48163],[6.18539,53.50487],[6.21176,53.50886]]],[[[6.44117,53.55663],[6.45509,53.55809],[6.5101,53.54361],[6.49643,53.5362],[6.44304,53.54999],[6.44117,53.55663]]]]}},{"type":"Feature","properties":{"layer":"land","name":"Norway","name_sv":"Norge","iso":"NOR","focus":false},"geometry":{"type":"MultiPolygon","coordinates":[[[[20.62317,69.03636],[20.10227,69.02214],[20.34111,68.91006],[20.34876,68.89311],[20.35651,68.80459],[20.33884,68.76547],[20.23663,68.65907],[20.15177,68.60682],[19.96222,68.54119],[20.24593,68.47737],[20.01028,68.36389],[19.97122,68.35128],[19.93101,68.3502],[19.48174,68.42404],[19.03815,68.50564],[18.70028,68.49561],[18.64458,68.50125],[18.43622,68.57385],[18.17184,68.53592],[18.16151,68.53019],[18.1368,68.42632],[18.13567,68.39572],[18.18858,68.19873],[18.16667,68.15848],[17.921,67.97285],[17.89537,67.96965],[17.32145,68.1053],[17.29996,68.09791],[17.22007,68.04009],[16.808,67.91064],[16.78288,67.89699],[16.7619,67.87715],[16.60873,67.64729],[16.58723,67.6259],[16.48295,67.55784],[16.42859,67.53402],[16.36699,67.52167],[16.19956,67.50828],[16.18075,67.4964],[16.12711,67.42276],[16.43789,67.20032],[16.44378,67.18262],[16.41557,67.0527],[16.39965,67.03596],[16.31056,67.00992],[16.12566,66.93436],[16.03884,66.88755],[15.66946,66.59942],[15.42627,66.49121],[15.42989,66.46357],[15.48208,66.34081],[15.4918,66.288],[15.48188,66.27487],[15.05338,66.15328],[14.54054,66.12545],[14.64441,65.84291],[14.64885,65.80239],[14.63707,65.78121],[14.56069,65.70105],[14.51036,65.46474],[14.51832,65.36454],[14.51429,65.31808],[14.48214,65.28868],[14.40049,65.25545],[14.38024,65.24028],[14.36598,65.21576],[14.33848,65.1229],[14.31068,65.08414],[14.1726,64.99154],[13.64276,64.58402],[13.94006,64.49131],[14.06088,64.47663],[14.09695,64.46532],[14.11555,64.44124],[14.16144,64.20544],[14.16051,64.18725],[14.1478,64.169],[13.98233,64.0195],[13.96424,64.00953],[13.23411,64.09087],[12.98244,64.05883],[12.75527,63.99139],[12.68189,63.95636],[12.48252,63.80949],[12.29318,63.65699],[12.17029,63.59813],[12.21949,63.49659],[12.2198,63.47427],[12.20492,63.45463],[11.99243,63.2889],[12.22269,63.00148],[12.10436,62.92334],[12.0933,62.90743],[12.15624,62.73369],[12.15407,62.71051],[12.09009,62.60634],[12.09123,62.58631],[12.28636,62.33542],[12.31427,62.28612],[12.31747,62.23403],[12.16172,61.72484],[12.17557,61.71153],[12.29132,61.65112],[12.33783,61.63298],[12.41648,61.58229],[12.48252,61.56914],[12.55094,61.56692],[12.5834,61.5611],[12.61378,61.54704],[12.87713,61.37098],[12.88694,61.3615],[12.88818,61.34962],[12.83981,61.22699],[12.73915,61.14245],[12.7038,61.0462],[12.68251,61.04033],[12.56965,61.05064],[12.51177,61.04912],[12.28099,61.01519],[12.25329,61.0017],[12.25608,60.98132],[12.29484,60.93533],[12.31323,60.90187],[12.35003,60.79335],[12.377,60.7541],[12.48252,60.65733],[12.59435,60.51494],[12.60862,60.48649],[12.61265,60.45538],[12.60531,60.41916],[12.57792,60.3759],[12.49172,60.31229],[12.48728,60.29591],[12.52159,60.19762],[12.52469,60.1617],[12.51095,60.11798],[12.48325,60.08124],[12.44676,60.05112],[12.2906,59.95872],[12.14373,59.89841],[12.1027,59.89397],[11.9422,59.90203],[11.89031,59.89278],[11.84959,59.87242],[11.84298,59.83842],[11.90209,59.78514],[11.89724,59.71398],[11.85248,59.67336],[11.8284,59.65972],[11.69374,59.6223],[11.67492,59.60711],[11.671,59.58055],[11.67741,59.55905],[11.78396,59.36062],[11.8068,59.29359],[11.81166,59.24967],[11.77559,59.20254],[11.74851,59.14006],[11.74531,59.09216],[11.66438,58.92007],[11.61157,58.89315],[11.54708,58.88473],[11.48259,58.8869],[11.45199,58.89604],[11.45323,58.96048],[11.43775,58.99824],[11.40358,59.03856],[11.38933,59.08076],[11.37045,59.10065],[11.34457,59.1114],[11.31381,59.11518],[11.21656,59.11042],[11.18238,59.11603],[11.17018,59.13475],[11.17465,59.14094],[11.20672,59.1457],[11.17856,59.16498],[11.17644,59.19685],[11.13551,59.18317],[11.15016,59.1752],[11.15309,59.16254],[11.13551,59.14224],[11.11883,59.14228],[11.08774,59.17577],[11.09913,59.13418],[11.09108,59.128],[11.03248,59.128],[11.03981,59.14374],[11.00782,59.15913],[10.9983,59.17231],[10.9485,59.18334],[10.93621,59.18317],[10.94483,59.16486],[10.94402,59.14932],[10.93409,59.14037],[10.91635,59.14224],[10.90065,59.16401],[10.90211,59.19685],[10.85027,59.18037],[10.84116,59.16144],[10.82293,59.16397],[10.80201,59.18879],[10.77914,59.1894],[10.78419,59.20629],[10.76637,59.23176],[10.77296,59.2521],[10.73813,59.2167],[10.73316,59.24091],[10.74366,59.26801],[10.77914,59.31293],[10.76344,59.31533],[10.73471,59.33405],[10.70069,59.30671],[10.67408,59.31574],[10.65984,59.35936],[10.64275,59.37494],[10.65968,59.40021],[10.65301,59.40819],[10.59596,59.42373],[10.59164,59.43065],[10.60108,59.4501],[10.64454,59.49315],[10.65642,59.49787],[10.66293,59.48871],[10.64894,59.44383],[10.66245,59.43789],[10.68507,59.45026],[10.69028,59.48066],[10.6631,59.50471],[10.65113,59.52643],[10.64682,59.57258],[10.65642,59.59467],[10.62599,59.63727],[10.61459,59.69717],[10.5975,59.68456],[10.57545,59.69961],[10.56023,59.72622],[10.56324,59.74836],[10.61459,59.83369],[10.65553,59.85668],[10.68035,59.82734],[10.71778,59.7381],[10.75847,59.85016],[10.74513,59.88207],[10.75262,59.8889],[10.68873,59.91177],[10.66627,59.8889],[10.62143,59.89631],[10.59425,59.88207],[10.52947,59.88231],[10.47543,59.85004],[10.47381,59.84138],[10.49871,59.83369],[10.48862,59.81631],[10.48455,59.78864],[10.49122,59.73127],[10.50221,59.70873],[10.53981,59.67504],[10.58269,59.66206],[10.59913,59.64399],[10.61459,59.60773],[10.59311,59.57038],[10.54274,59.53555],[10.48373,59.51447],[10.4367,59.51838],[10.4236,59.53384],[10.42742,59.60737],[10.4087,59.67121],[10.39763,59.68806],[10.36053,59.71101],[10.33229,59.71149],[10.29664,59.732],[10.26686,59.73973],[10.23894,59.73876],[10.22438,59.72382],[10.25709,59.70108],[10.36004,59.67276],[10.37924,59.65835],[10.39088,59.63817],[10.39487,59.61115],[10.39015,59.5583],[10.38103,59.53535],[10.36427,59.52582],[10.26938,59.55903],[10.23732,59.55996],[10.26791,59.52505],[10.33131,59.49506],[10.3694,59.45527],[10.45899,59.44086],[10.47755,59.42963],[10.48032,59.4121],[10.44679,59.36473],[10.44451,59.34894],[10.49871,59.31977],[10.51417,59.30292],[10.48707,59.28413],[10.46957,59.24779],[10.45118,59.24897],[10.41619,59.26508],[10.36085,59.27131],[10.36199,59.21955],[10.33025,59.20966],[10.31715,59.17959],[10.31373,59.128],[10.28981,59.13459],[10.28696,59.11489],[10.3069,59.05972],[10.29265,59.07014],[10.27215,59.11433],[10.26954,59.0478],[10.26246,59.03856],[10.23113,59.11433],[10.22438,59.11433],[10.21127,59.06656],[10.23219,59.04035],[10.22779,59.02896],[10.20704,59.01642],[10.1408,58.99994],[10.11451,59.00507],[10.16188,59.02753],[10.16969,59.03547],[10.16342,59.05231],[10.05942,59.01813],[10.01678,59.03368],[10.03338,58.99348],[10.01482,58.97313],[9.95737,58.95669],[9.8462,58.95563],[9.81218,58.96345],[9.83888,58.97187],[9.84522,58.98933],[9.83676,59.00935],[9.78175,59.05117],[9.76596,59.05239],[9.75815,59.03238],[9.72397,59.05972],[9.70607,59.06428],[9.70346,59.08698],[9.68849,59.09077],[9.68312,59.04605],[9.66863,59.05146],[9.64894,59.07331],[9.64137,59.10244],[9.62843,59.1081],[9.64047,59.11758],[9.63982,59.12727],[9.63063,59.13141],[9.60092,59.11567],[9.53907,59.12055],[9.55909,59.10236],[9.62135,59.07526],[9.63461,59.04946],[9.65414,59.0373],[9.69435,59.02949],[9.72682,59.0152],[9.72397,58.98395],[9.70346,58.99824],[9.68474,58.98347],[9.65577,58.98395],[9.65577,58.97712],[9.6775,58.9726],[9.68979,58.95669],[9.66334,58.95881],[9.59425,58.94302],[9.59425,58.93618],[9.60792,58.9287],[9.57594,58.92145],[9.47006,58.9287],[9.52394,58.90005],[9.51149,58.89521],[9.4559,58.89769],[9.45037,58.88154],[9.39943,58.89851],[9.37379,58.89541],[9.3602,58.88154],[9.39422,58.88988],[9.40203,58.88837],[9.40366,58.88093],[9.38453,58.86726],[9.33953,58.86262],[9.31853,58.86603],[9.29884,58.88154],[9.27084,58.83316],[9.31251,58.82632],[9.37965,58.84418],[9.45037,58.83316],[9.43621,58.8203],[9.36703,58.79218],[9.4087,58.79963],[9.4087,58.79218],[9.37094,58.77802],[9.34051,58.75117],[9.30649,58.73871],[9.24928,58.73359],[9.07097,58.7412],[9.05844,58.72704],[9.063,58.72382],[9.14357,58.70978],[9.16912,58.71646],[9.10084,58.73754],[9.21469,58.72163],[9.21632,58.70279],[9.1867,58.6916],[9.09506,58.69025],[9.05934,58.68293],[9.15602,58.68854],[9.18287,58.68635],[9.20053,58.67235],[9.15221,58.64327],[9.03384,58.59475],[8.99098,58.60033],[8.9712,58.58674],[8.94947,58.60033],[8.91334,58.60688],[8.91871,58.59663],[8.9489,58.57966],[8.95009,58.54718],[8.94388,58.52598],[8.90942,58.50089],[8.82352,58.45282],[8.7541,58.42759],[8.7073,58.37891],[8.64161,58.36392],[8.60727,58.33283],[8.58839,58.33417],[8.57936,58.34748],[8.54526,58.31297],[8.51344,58.29336],[8.50636,58.28311],[8.51808,58.27139],[8.50123,58.25723],[8.45582,58.26407],[8.43539,58.25776],[8.42351,58.27021],[8.40935,58.27204],[8.40056,58.26582],[8.40626,58.24421],[8.35353,58.2447],[8.29526,58.21271],[8.24366,58.20311],[8.27174,58.19627],[8.24887,58.17133],[8.22722,58.16315],[8.22316,58.13483],[8.20191,58.12299],[8.1727,58.14614],[8.15797,58.14448],[8.12289,58.10204],[8.0525,58.11319],[8.02459,58.14106],[8.07985,58.1621],[8.06007,58.17739],[8.02955,58.22484],[8.00408,58.22305],[8.02215,58.20283],[8.0276,58.18317],[8.02231,58.16376],[8.0075,58.14448],[7.95362,58.1247],[7.93409,58.10944],[7.95631,58.09325],[7.91578,58.08185],[7.75522,58.07001],[7.69597,58.05854],[7.66391,58.06729],[7.65358,58.06464],[7.6609,58.04548],[7.62672,58.05231],[7.62924,58.03124],[7.61476,58.02212],[7.59409,58.02635],[7.57887,58.04548],[7.57887,58.01752],[7.39064,58.01752],[7.26759,58.03596],[7.25343,58.04365],[7.24985,58.05854],[7.19044,58.04198],[7.17498,58.03119],[7.16635,58.04609],[7.15553,58.05028],[7.08277,58.03685],[7.07602,58.00654],[7.0066,57.99315],[6.99724,57.99714],[7.00359,58.01138],[6.99936,58.03071],[7.08774,58.07062],[7.11622,58.05854],[7.14747,58.09325],[7.14747,58.10008],[7.06471,58.07811],[7.03492,58.06232],[6.95875,58.04511],[6.93531,58.04548],[6.9961,58.10008],[6.98032,58.10537],[6.90056,58.05231],[6.91212,58.07502],[6.90797,58.10008],[6.86638,58.07958],[6.83221,58.0843],[6.80421,58.10008],[6.87078,58.11921],[6.94996,58.12092],[6.97478,58.12678],[6.98927,58.14106],[6.90414,58.13105],[6.87379,58.13483],[6.80152,58.17935],[6.7776,58.18203],[6.81284,58.12824],[6.80795,58.12055],[6.73146,58.11986],[6.71559,58.13483],[6.72731,58.14521],[6.72242,58.18944],[6.68824,58.12055],[6.70338,58.12043],[6.72242,58.10008],[6.78321,58.06981],[6.78256,58.06533],[6.75408,58.05809],[6.72267,58.06598],[6.6185,58.06831],[6.542,58.10765],[6.53053,58.12055],[6.56813,58.13178],[6.59702,58.1765],[6.67457,58.18203],[6.65406,58.18944],[6.67514,58.20698],[6.72527,58.22163],[6.76588,58.24628],[6.84596,58.27139],[6.80299,58.27045],[6.6985,58.22456],[6.68141,58.22305],[6.63364,58.27485],[6.64015,58.29377],[6.65626,58.3028],[6.67644,58.30219],[6.69508,58.2919],[6.70875,58.31297],[6.68727,58.32734],[6.64088,58.31635],[6.61996,58.31916],[6.6198,58.26463],[6.62623,58.2447],[6.56235,58.24311],[6.49928,58.26288],[6.40063,58.27223],[6.34751,58.28585],[6.28077,58.31297],[6.24822,58.31782],[6.20338,58.33552],[6.14031,58.33967],[6.05063,58.37946],[6.0101,58.38491],[5.97804,58.4145],[5.96437,58.46817],[5.9546,58.47748],[5.92848,58.48359],[5.83732,58.48132],[5.79665,58.48925],[5.77839,58.5209],[5.74195,58.527],[5.70417,58.52077],[5.64625,58.54865],[5.65236,58.56273],[5.57154,58.62832],[5.50692,58.7299],[5.47795,58.75475],[5.52672,58.78411],[5.53967,58.81548],[5.53053,58.86872],[5.56414,58.88154],[5.57252,58.89403],[5.55055,58.91572],[5.53566,58.94599],[5.53712,58.95612],[5.56788,58.94302],[5.59767,58.9156],[5.61736,58.90729],[5.62623,58.9256],[5.5936,58.94994],[5.55055,58.97089],[5.57065,58.98208],[5.59156,58.97712],[5.57887,58.98908],[5.54103,58.98457],[5.5232,58.9914],[5.54249,59.00959],[5.55055,59.03856],[5.71559,58.97712],[5.70102,58.91913],[5.70297,58.8876],[5.71559,58.86726],[5.73552,58.9287],[5.81813,58.93618],[5.82179,58.96345],[5.85353,58.96503],[5.91961,58.94505],[5.96998,58.90363],[6.09254,58.84723],[6.1351,58.83959],[6.22885,58.83999],[6.20623,58.84903],[6.11899,58.85358],[6.08204,58.8708],[6.06479,58.8854],[6.05763,58.90205],[6.07789,58.92829],[6.10532,58.95038],[6.19484,58.98395],[6.62623,59.0528],[6.62623,59.05972],[6.35206,59.03303],[6.29868,59.01512],[6.16041,58.99824],[6.1268,58.98371],[6.03386,58.90518],[5.97511,58.96345],[5.98406,58.98408],[6.05079,58.99824],[6.00913,59.02558],[5.93409,59.01813],[5.89186,59.04536],[5.8755,59.06623],[5.87273,59.08698],[5.89064,59.10391],[6.12648,59.14842],[6.08937,59.1529],[6.0088,59.14936],[6.0643,59.20722],[6.1714,59.26142],[6.25213,59.27725],[6.3239,59.31501],[6.36931,59.32136],[6.46168,59.31977],[6.46168,59.32657],[6.31381,59.32294],[6.2024,59.27705],[6.15414,59.26777],[6.11231,59.27456],[6.08497,59.30671],[6.23634,59.31293],[6.23634,59.31977],[6.19923,59.35155],[6.1976,59.3347],[6.17213,59.32123],[6.15846,59.33662],[6.14698,59.34024],[6.12281,59.31977],[6.09246,59.31977],[6.06918,59.33177],[6.05763,59.35391],[6.05405,59.33462],[6.03745,59.32746],[5.99545,59.33405],[5.99545,59.34024],[6.00758,59.34614],[6.04152,59.38369],[6.15382,59.42739],[6.17433,59.44383],[6.18865,59.42963],[6.21616,59.46809],[6.22267,59.49787],[6.24269,59.51056],[6.4275,59.55097],[6.5442,59.55996],[6.50522,59.57127],[6.33611,59.55362],[6.27215,59.52814],[6.23634,59.52582],[6.27858,59.57201],[6.28875,59.62914],[6.29705,59.64496],[6.31153,59.6555],[6.28647,59.64924],[6.26686,59.62564],[6.23731,59.54979],[6.15301,59.45942],[6.07814,59.41934],[6.02703,59.40229],[6.00953,59.40762],[5.9983,59.42841],[5.98259,59.42963],[5.98862,59.41596],[5.96892,59.40852],[5.96892,59.40229],[5.98609,59.3959],[5.99545,59.38117],[5.92416,59.35578],[5.91,59.38202],[5.88624,59.40229],[5.88624,59.44697],[5.92408,59.44611],[6.15317,59.47744],[6.13356,59.49006],[6.10434,59.49291],[6.02467,59.47431],[5.90187,59.47907],[5.87273,59.48798],[5.83448,59.51561],[5.81813,59.5395],[5.80738,59.53937],[5.77711,59.52582],[5.80348,59.49478],[5.80787,59.48029],[5.79754,59.46312],[5.77638,59.45091],[5.74838,59.44579],[5.72283,59.45116],[5.70826,59.47061],[5.71371,59.44668],[5.69646,59.42943],[5.64617,59.40852],[5.6644,59.40648],[5.73552,59.42963],[5.78419,59.42927],[5.85255,59.385],[5.85963,59.35077],[5.78354,59.34321],[5.76344,59.34772],[5.7527,59.33625],[5.73846,59.33478],[5.70484,59.34024],[5.69793,59.33804],[5.69516,59.31977],[5.67774,59.3098],[5.61199,59.29304],[5.60963,59.30557],[5.61866,59.31688],[5.64617,59.32657],[5.64617,59.33405],[5.62338,59.35456],[5.60727,59.39029],[5.5866,59.41649],[5.56072,59.40933],[5.5853,59.39545],[5.57781,59.37592],[5.57634,59.33299],[5.56788,59.31635],[5.52931,59.28579],[5.50538,59.27774],[5.47543,59.27875],[5.4358,59.30768],[5.42384,59.33047],[5.4406,59.36982],[5.44174,59.39224],[5.43312,59.4051],[5.41334,59.39545],[5.40431,59.37897],[5.40651,59.31635],[5.39942,59.2967],[5.39088,59.29462],[5.37273,59.3072],[5.36557,59.34024],[5.34995,59.36644],[5.35825,59.38719],[5.3484,59.41596],[5.33269,59.41153],[5.33139,59.35391],[5.29721,59.34467],[5.23121,59.42426],[5.20167,59.42963],[5.1823,59.51122],[5.19972,59.5246],[5.24269,59.52582],[5.24269,59.53205],[5.20167,59.5395],[5.20167,59.54629],[5.2378,59.55964],[5.29038,59.6009],[5.30405,59.62824],[5.34425,59.64765],[5.36752,59.65266],[5.386,59.64936],[5.40162,59.60554],[5.41334,59.59467],[5.41578,59.61127],[5.42807,59.62499],[5.42701,59.63569],[5.40162,59.66079],[5.39967,59.66983],[5.41163,59.68919],[5.48911,59.7381],[5.4817,59.72382],[5.50213,59.71015],[5.50554,59.69269],[5.49806,59.65058],[5.48048,59.62132],[5.4878,59.57502],[5.46168,59.55996],[5.45086,59.54629],[5.41676,59.54291],[5.40773,59.5218],[5.40805,59.50991],[5.41676,59.50471],[5.44125,59.51838],[5.51637,59.5395],[5.53736,59.57685],[5.54005,59.59829],[5.52662,59.60773],[5.52361,59.61791],[5.53403,59.64057],[5.56414,59.67666],[5.69459,59.66983],[5.72193,59.66348],[5.73097,59.64765],[5.71559,59.60773],[5.75441,59.60985],[5.76344,59.61457],[5.76686,59.64558],[5.78907,59.65644],[5.87941,59.6555],[5.87941,59.67666],[5.78859,59.66014],[5.76344,59.66234],[5.7461,59.67552],[5.75563,59.6883],[5.79754,59.71015],[5.81422,59.72907],[5.88624,59.7381],[5.89308,59.74567],[5.89405,59.76179],[5.90309,59.7648],[5.93409,59.74494],[5.98585,59.73575],[6.0381,59.74518],[6.17742,59.80561],[6.19174,59.80598],[6.21518,59.82746],[6.29176,59.84032],[6.31153,59.85419],[6.24431,59.84357],[6.12192,59.80476],[6.03712,59.7648],[6.00229,59.75861],[5.96388,59.75995],[5.94532,59.76594],[5.93409,59.77904],[5.93442,59.79462],[5.95582,59.80634],[5.96144,59.8166],[5.95753,59.84125],[5.96892,59.86103],[5.94679,59.85554],[5.93426,59.8415],[5.92726,59.80268],[5.9144,59.79145],[5.83172,59.7722],[5.79038,59.78925],[5.75961,59.8166],[5.7151,59.83173],[5.70753,59.83812],[5.72185,59.86103],[5.68141,59.8415],[5.65984,59.83999],[5.64617,59.85419],[5.69654,59.86225],[5.74293,59.88207],[5.74024,59.9099],[5.77223,59.93073],[5.85963,59.95099],[5.97153,59.95954],[5.98259,59.98111],[5.94777,59.9975],[6.01002,60.05744],[6.09799,60.09186],[6.29103,60.12165],[6.29103,60.1291],[6.26645,60.12763],[6.25685,60.16266],[6.23341,60.15473],[6.20053,60.12543],[6.10532,60.10737],[6.10776,60.1341],[6.08432,60.16861],[6.07496,60.19839],[6.14234,60.21548],[6.18116,60.25886],[6.20916,60.2768],[6.21339,60.28628],[6.20167,60.29979],[6.27735,60.31346],[6.30942,60.33784],[6.33334,60.3426],[6.35182,60.36811],[6.44166,60.38886],[6.47869,60.42011],[6.5027,60.43081],[6.57423,60.43195],[6.64039,60.41649],[6.59197,60.36367],[6.57179,60.33076],[6.57838,60.30663],[6.53053,60.26227],[6.5101,60.13532],[6.51694,60.08076],[6.52377,60.08076],[6.52914,60.16389],[6.57838,60.22468],[6.5818,60.23823],[6.57154,60.27253],[6.59636,60.29487],[6.63038,60.35749],[6.65406,60.38239],[6.70143,60.3994],[6.7483,60.44636],[6.80258,60.47281],[6.94215,60.49226],[7.03248,60.47785],[7.07879,60.4794],[7.10597,60.50585],[6.90056,60.50585],[6.90056,60.51211],[6.92514,60.51789],[6.93246,60.53319],[6.96266,60.53937],[7.01726,60.58784],[6.98805,60.58955],[6.91342,60.55297],[6.85597,60.50324],[6.77231,60.48534],[6.6561,60.43301],[6.60564,60.43374],[6.59205,60.44379],[6.60231,60.46524],[6.67359,60.50056],[6.69508,60.51895],[6.64772,60.51301],[6.56186,60.46296],[6.37086,60.42463],[6.29721,60.38858],[6.27076,60.38963],[6.22527,60.4123],[6.20834,60.43081],[6.19532,60.4643],[6.18865,60.47114],[6.1775,60.47102],[6.17563,60.46162],[6.18483,60.44038],[6.21176,60.40595],[6.24098,60.38788],[6.23943,60.37897],[6.22543,60.37397],[6.19215,60.38345],[6.16529,60.3736],[6.11899,60.36811],[6.18865,60.35505],[6.1797,60.33991],[6.15105,60.32103],[6.14031,60.30663],[6.16066,60.2862],[6.1399,60.25434],[6.10532,60.24518],[6.03712,60.2696],[6.01661,60.27253],[5.99643,60.26496],[5.96892,60.21723],[5.91472,60.16885],[5.88999,60.15982],[5.86052,60.16307],[5.85157,60.1496],[5.87273,60.08755],[5.87338,60.05093],[5.85597,60.02375],[5.82456,60.0078],[5.78386,60.00495],[5.7907,60.01927],[5.77166,60.02351],[5.75603,59.99067],[5.73927,59.99445],[5.70606,60.00886],[5.69484,60.03067],[5.68141,60.03974],[5.68865,60.06086],[5.69947,60.06664],[5.73552,60.06025],[5.77573,60.0655],[5.79054,60.07661],[5.79754,60.09439],[5.7566,60.09439],[5.74244,60.08283],[5.7212,60.08389],[5.70021,60.10391],[5.7256,60.11823],[5.72918,60.13239],[5.70558,60.16031],[5.70826,60.17634],[5.72478,60.18659],[5.7907,60.20425],[5.7907,60.21109],[5.75807,60.21003],[5.68116,60.19062],[5.65358,60.17634],[5.64617,60.1496],[5.61703,60.14997],[5.59303,60.13858],[5.57277,60.1413],[5.54371,60.16266],[5.57407,60.17674],[5.57814,60.18797],[5.56414,60.19676],[5.56414,60.20425],[5.60027,60.206],[5.70826,60.23216],[5.70826,60.23835],[5.5984,60.23216],[5.63819,60.26411],[5.63307,60.27253],[5.61476,60.27216],[5.57154,60.23835],[5.57496,60.25593],[5.60572,60.27558],[5.64617,60.32095],[5.66725,60.35505],[5.71901,60.37043],[5.73243,60.37897],[5.73658,60.39203],[5.67319,60.37299],[5.6399,60.3476],[5.63307,60.36811],[5.59889,60.33344],[5.57789,60.28954],[5.53004,60.22972],[5.52662,60.21723],[5.43849,60.17211],[5.40984,60.13133],[5.35182,60.15583],[5.37241,60.16266],[5.37241,60.17011],[5.30405,60.19062],[5.32488,60.20527],[5.35182,60.21109],[5.35182,60.21723],[5.32081,60.22175],[5.25082,60.20746],[5.22283,60.21109],[5.29713,60.24921],[5.31031,60.26569],[5.17066,60.27871],[5.16236,60.28364],[5.16163,60.29499],[5.17066,60.31721],[5.18133,60.32209],[5.22828,60.32095],[5.19874,60.33837],[5.14723,60.34374],[5.14096,60.35139],[5.14649,60.36811],[5.17774,60.38858],[5.26564,60.38703],[5.29786,60.39598],[5.28321,60.40103],[5.25017,60.43081],[5.26319,60.45063],[5.23707,60.47378],[5.23829,60.4892],[5.28028,60.52237],[5.30584,60.52827],[5.47625,60.43505],[5.57325,60.41494],[5.61769,60.41718],[5.65358,60.43081],[5.64967,60.44782],[5.70826,60.47114],[5.71404,60.48428],[5.70721,60.56281],[5.71062,60.6031],[5.72153,60.63939],[5.74293,60.65668],[5.72316,60.66763],[5.72584,60.68602],[5.74977,60.71817],[5.70851,60.70258],[5.66383,60.70392],[5.66179,60.71109],[5.6714,60.72712],[5.69516,60.75235],[5.67563,60.75776],[5.64763,60.72712],[5.59156,60.6977],[5.53346,60.6977],[5.5232,60.68692],[5.5359,60.63955],[5.52662,60.62873],[5.44313,60.61469],[5.37241,60.58039],[5.30006,60.56078],[5.2505,60.56342],[5.22283,60.57416],[5.09767,60.64912],[5.08497,60.66291],[5.12322,60.66022],[5.22283,60.61514],[5.22828,60.62132],[5.16179,60.66999],[5.08497,60.71137],[5.14649,60.70392],[5.12582,60.72443],[5.06137,60.7309],[5.03297,60.74168],[4.98512,60.77985],[4.95777,60.79393],[4.92677,60.80012],[4.95167,60.80874],[4.98146,60.80878],[5.01043,60.80183],[5.05641,60.779],[5.10914,60.77375],[5.17677,60.74164],[5.28012,60.72183],[5.30421,60.71198],[5.31031,60.67601],[5.32618,60.65546],[5.34799,60.64045],[5.37241,60.63565],[5.35694,60.64545],[5.35182,60.66291],[5.41228,60.63312],[5.43385,60.62873],[5.37086,60.67438],[5.37924,60.68403],[5.43385,60.66291],[5.43092,60.67377],[5.41041,60.68867],[5.41334,60.70392],[5.37241,60.71817],[5.36256,60.74164],[5.35499,60.74482],[5.28419,60.74775],[5.23894,60.76386],[5.23585,60.77619],[5.28435,60.79955],[5.35182,60.81314],[5.33814,60.83983],[5.35646,60.85285],[5.43084,60.86933],[5.49692,60.86294],[5.53688,60.8758],[5.47967,60.88459],[5.47088,60.89614],[5.49586,60.90998],[5.47169,60.90746],[5.39967,60.88202],[5.3484,60.87783],[5.32667,60.86815],[5.31772,60.84443],[5.29322,60.82274],[5.23976,60.81712],[5.18784,60.8277],[5.16765,60.85468],[5.1644,60.83088],[5.14926,60.81493],[5.13103,60.81208],[5.11842,60.82738],[5.13282,60.83487],[5.06666,60.83454],[5.04713,60.84443],[5.02858,60.88593],[5.01051,60.90982],[5.00929,60.9267],[4.98194,60.95087],[4.99057,60.96247],[5.01197,60.96503],[5.0774,60.94965],[5.08277,60.9409],[5.07814,60.90619],[5.08237,60.88882],[5.09156,60.87788],[5.10076,60.87775],[5.10483,60.89256],[5.09864,60.95087],[5.14283,60.97215],[5.14031,60.99189],[5.07789,60.97138],[5.01271,60.98192],[5.00392,61.01606],[5.01612,61.04654],[5.06861,61.07355],[5.1351,61.07673],[5.20216,61.06477],[5.31227,61.03217],[5.43385,61.0266],[5.44842,60.99543],[5.46705,61.00739],[5.45427,61.03657],[5.46022,61.04999],[5.52711,61.07543],[5.6399,61.06013],[5.6399,61.06757],[5.59767,61.08515],[5.65626,61.09414],[5.674,61.08808],[5.73609,61.10993],[5.77394,61.11445],[5.7907,61.10489],[5.78094,61.06436],[5.81764,61.08674],[5.84539,61.09431],[5.83172,61.10859],[5.86362,61.11787],[5.97657,61.1208],[6.03045,61.11473],[6.09848,61.12222],[6.25807,61.09382],[6.27076,61.07709],[6.26629,61.05874],[6.24252,61.04654],[6.27475,61.04792],[6.31202,61.06851],[6.35922,61.06757],[6.37029,61.0563],[6.33871,61.01236],[6.35597,61.01093],[6.37289,61.01236],[6.37452,61.03742],[6.43767,61.08124],[6.54566,61.10407],[6.58578,61.14273],[6.6006,61.17524],[6.64845,61.15746],[6.78679,61.15034],[6.83668,61.13935],[6.85621,61.12812],[6.86183,61.0965],[6.86817,61.09028],[6.95582,61.08808],[7.00978,61.00894],[6.98797,60.99018],[6.9393,60.97321],[6.87379,60.93724],[6.96502,60.96552],[7.011,60.97114],[7.05144,60.96455],[7.11459,60.93936],[7.13014,60.9267],[7.1316,60.91218],[7.10597,60.86156],[7.15748,60.89745],[7.17156,60.92402],[7.16131,60.95087],[7.09352,60.96381],[7.04396,61.0266],[7.01384,61.05174],[7.00034,61.09292],[7.01726,61.10114],[7.05974,61.107],[7.16627,61.11005],[7.20924,61.13882],[7.22267,61.14037],[7.30445,61.13028],[7.33839,61.11201],[7.36915,61.10468],[7.43556,61.10114],[7.43556,61.10859],[7.39226,61.11628],[7.3462,61.14273],[7.40528,61.16743],[7.42701,61.18586],[7.45436,61.19278],[7.60621,61.19831],[7.65528,61.20685],[7.695,61.23208],[7.63356,61.2246],[7.60035,61.21235],[7.44923,61.19733],[7.38844,61.19819],[7.3589,61.20563],[7.3462,61.2215],[7.3357,61.27436],[7.31202,61.2873],[7.31381,61.30842],[7.35581,61.32624],[7.37029,61.36709],[7.38071,61.37832],[7.42124,61.39594],[7.46754,61.43846],[7.53566,61.45653],[7.57203,61.48534],[7.48862,61.46043],[7.3462,61.38911],[7.32374,61.38605],[7.26368,61.39594],[7.30885,61.36384],[7.30519,61.34813],[7.24496,61.30805],[7.23976,61.29727],[7.29819,61.26056],[7.30991,61.2176],[7.32252,61.20539],[7.35971,61.19111],[7.30519,61.16324],[7.28053,61.16376],[7.2295,61.18366],[7.21371,61.18366],[7.16131,61.16999],[7.15349,61.15461],[7.13722,61.1457],[7.00978,61.1291],[6.95314,61.11164],[6.93531,61.11473],[6.91725,61.1363],[7.00359,61.18366],[6.95053,61.16722],[6.8943,61.16324],[6.81007,61.18163],[6.66472,61.19514],[6.55787,61.2246],[6.57,61.24079],[6.62306,61.26935],[6.66033,61.32087],[6.69508,61.34471],[6.7024,61.37153],[6.71559,61.39069],[6.71461,61.40029],[6.70191,61.40278],[6.63689,61.30956],[6.60336,61.27875],[6.56471,61.26561],[6.52711,61.2873],[6.50115,61.26813],[6.49952,61.26252],[6.52377,61.23208],[6.52621,61.21235],[6.53736,61.20417],[6.4651,61.20759],[6.4983,61.19233],[6.5062,61.14696],[6.48471,61.13076],[6.43434,61.11473],[6.37233,61.11408],[6.28273,61.12543],[6.20395,61.14867],[6.17433,61.18366],[6.13014,61.15933],[6.0735,61.14802],[6.01401,61.14948],[5.96144,61.16324],[6.02784,61.18814],[6.03712,61.20417],[5.94093,61.16999],[5.87452,61.15835],[5.80445,61.15575],[5.78346,61.16498],[5.78297,61.1966],[5.77027,61.19111],[5.74977,61.15575],[5.70216,61.1555],[5.69516,61.14614],[5.67596,61.14228],[5.5573,61.13646],[5.53688,61.13129],[5.47543,61.09431],[5.42368,61.07966],[5.37664,61.08047],[5.33448,61.09687],[5.29786,61.1291],[5.25994,61.10985],[5.19386,61.10529],[5.16017,61.1291],[5.16993,61.13996],[5.22828,61.14273],[5.16188,61.15619],[5.14332,61.14614],[5.12517,61.14509],[5.04412,61.16324],[5.05934,61.18797],[5.11817,61.18598],[5.22283,61.16324],[5.21469,61.18366],[5.25017,61.18366],[5.16782,61.22077],[5.13966,61.2246],[5.02076,61.2165],[4.98878,61.2246],[5.05226,61.23379],[5.06446,61.24575],[5.01295,61.23664],[4.98276,61.25699],[4.9546,61.25259],[4.97999,61.27534],[5.01612,61.2873],[5.07399,61.29572],[5.09523,61.3072],[5.15935,61.3111],[5.17774,61.33942],[5.20151,61.34272],[5.25017,61.33446],[5.27931,61.32136],[5.29786,61.30097],[5.32065,61.25227],[5.33448,61.25601],[5.33741,61.26874],[5.32081,61.31745],[5.25636,61.34813],[5.4406,61.36742],[5.63307,61.3618],[5.59962,61.37592],[5.55453,61.37832],[5.16432,61.35611],[5.09327,61.3288],[5.05844,61.32347],[5.03663,61.32832],[5.00636,61.34748],[4.99562,61.3618],[4.99879,61.3769],[5.02833,61.40156],[5.04412,61.40278],[5.06267,61.37458],[5.07814,61.38296],[5.07814,61.41022],[5.11842,61.41641],[5.11166,61.43073],[5.07146,61.41706],[4.94793,61.41022],[4.94793,61.41641],[5.05714,61.44432],[5.16342,61.45083],[5.188,61.46483],[5.18051,61.47232],[5.3108,61.44941],[5.33758,61.46483],[5.4839,61.43171],[5.51889,61.43012],[5.54371,61.43696],[5.53688,61.44432],[5.61939,61.45799],[5.65089,61.48188],[5.66725,61.48534],[5.73601,61.48461],[5.75278,61.47574],[5.77036,61.45515],[5.80445,61.45116],[5.80445,61.45799],[5.78175,61.46564],[5.74676,61.49299],[5.72242,61.49897],[5.63787,61.49437],[5.57472,61.46483],[5.52361,61.46467],[5.49195,61.45401],[5.46095,61.45283],[5.438,61.46043],[5.44125,61.47915],[5.3978,61.48688],[5.29029,61.47964],[5.25318,61.49527],[5.17823,61.50975],[5.13893,61.52412],[5.14649,61.53998],[5.14031,61.55418],[5.20167,61.54682],[5.24643,61.55418],[5.35816,61.55418],[5.35816,61.56102],[5.17205,61.58552],[5.14649,61.5952],[5.33758,61.5952],[5.31031,61.58893],[5.31031,61.58218],[5.4026,61.58031],[5.42701,61.58893],[5.35043,61.60651],[5.27003,61.61567],[5.32016,61.62873],[5.34067,61.64313],[5.2837,61.64232],[5.22926,61.62873],[4.99269,61.63044],[4.96827,61.63614],[4.93963,61.67837],[4.96827,61.69766],[4.96046,61.70669],[4.96274,61.71711],[4.97291,61.7248],[4.98878,61.72553],[4.97446,61.73859],[4.98813,61.74689],[5.05397,61.75039],[5.07553,61.74287],[5.07814,61.73237],[5.10483,61.73237],[5.12599,61.71809],[5.14617,61.7176],[5.16765,61.72553],[5.12599,61.75218],[5.1902,61.76895],[5.06446,61.75971],[5.10385,61.78539],[5.27003,61.82795],[5.25636,61.83539],[5.33758,61.84162],[5.29152,61.85151],[5.29038,61.86213],[5.36256,61.90546],[5.39479,61.91108],[5.4878,61.90786],[5.54029,61.89688],[5.60027,61.89912],[5.63649,61.88886],[5.67579,61.88695],[5.74293,61.84846],[5.6408,61.83511],[5.61939,61.81493],[5.64715,61.81525],[5.73552,61.83539],[5.92262,61.85029],[5.94093,61.84504],[5.9463,61.83735],[5.92709,61.78242],[5.90016,61.75064],[5.89926,61.73859],[5.94223,61.7687],[5.97291,61.83112],[5.99203,61.83539],[6.05893,61.8083],[6.09864,61.77888],[6.12338,61.76992],[6.18116,61.76655],[6.17091,61.78046],[6.13771,61.78913],[6.09262,61.81786],[6.05763,61.82795],[6.05763,61.83539],[6.2907,61.83539],[6.3838,61.80744],[6.47381,61.80463],[6.52133,61.81419],[6.55047,61.84846],[6.58961,61.87084],[6.64015,61.87641],[6.66733,61.8732],[6.74635,61.85586],[6.77768,61.84125],[6.81861,61.86957],[6.81861,61.87641],[6.77101,61.87031],[6.69508,61.8832],[6.67799,61.89688],[6.65724,61.88939],[6.55551,61.87832],[6.5101,61.83539],[6.47625,61.82534],[6.25856,61.85627],[6.09547,61.84846],[6.03712,61.86957],[5.96144,61.86957],[5.88624,61.8832],[5.82862,61.86957],[5.80445,61.85586],[5.72926,61.88939],[5.72926,61.89688],[5.93328,61.90302],[5.96144,61.90986],[5.96144,61.91669],[5.64536,61.92479],[5.51661,61.93814],[5.45021,61.9252],[5.42701,61.93781],[5.27687,61.90986],[5.1937,61.91234],[5.15577,61.89606],[5.09864,61.91669],[5.12599,61.94404],[5.14031,61.97134],[5.15553,61.97602],[5.17384,61.95832],[5.20167,61.97134],[5.22828,61.95832],[5.23862,61.96064],[5.25017,61.97875],[5.30152,62.00288],[5.31031,62.02656],[5.37672,62.01606],[5.40016,62.02001],[5.386,62.034],[5.34099,62.03685],[5.29786,62.06818],[5.20851,62.10228],[5.10914,62.10912],[5.09181,62.12275],[5.12599,62.12958],[5.08025,62.15249],[5.07065,62.16376],[5.09181,62.1706],[5.07814,62.18423],[5.08497,62.19107],[5.14649,62.19107],[5.14649,62.20474],[5.16969,62.2145],[5.26108,62.16983],[5.27459,62.16942],[5.27003,62.13581],[5.31788,62.10651],[5.39096,62.08837],[5.45143,62.06171],[5.46168,62.00674],[5.48121,62.01386],[5.49594,62.02757],[5.53639,62.07905],[5.56088,62.07953],[5.59156,62.06818],[5.56471,62.08967],[5.42018,62.10912],[5.39096,62.12324],[5.39177,62.13288],[5.42058,62.17593],[5.43116,62.18618],[5.45427,62.19107],[5.5241,62.17402],[5.62208,62.16486],[5.6399,62.15754],[5.66147,62.12141],[5.74977,62.08861],[5.66831,62.1435],[5.66725,62.1706],[5.68474,62.17902],[5.78614,62.18049],[5.85743,62.20425],[5.90553,62.1909],[5.92058,62.17805],[5.92547,62.16364],[5.92058,62.1197],[5.90707,62.09357],[5.85255,62.05121],[5.84539,62.01972],[5.90943,62.06118],[5.9367,62.08735],[5.9546,62.13996],[5.97096,62.13898],[6.04428,62.09927],[6.05519,62.08609],[6.05079,62.06818],[6.12526,62.08267],[6.20834,62.08124],[6.36671,62.06135],[6.36671,62.06818],[6.08863,62.10912],[5.98259,62.18423],[5.92872,62.19892],[5.92058,62.20816],[5.92604,62.22549],[5.93971,62.2294],[6.01726,62.20698],[6.06446,62.20474],[5.99203,62.21841],[5.96518,62.24409],[5.94777,62.24567],[5.97836,62.27973],[6.02768,62.30573],[6.3108,62.37206],[6.33871,62.35244],[6.37289,62.3146],[6.3934,62.28046],[6.45997,62.24799],[6.55047,62.1706],[6.5608,62.15209],[6.55689,62.13841],[6.53053,62.10912],[6.59205,62.13581],[6.5809,62.16035],[6.49488,62.25312],[6.41765,62.31118],[6.3978,62.33666],[6.38999,62.36469],[6.40024,62.38719],[6.43434,62.39647],[6.50026,62.39932],[6.53395,62.38349],[6.56471,62.35554],[6.55893,62.39838],[6.5442,62.40396],[6.5442,62.41079],[6.70875,62.45173],[6.7483,62.43415],[6.87916,62.41791],[6.87379,62.35554],[6.88624,62.34113],[6.98927,62.27302],[6.99936,62.25348],[7.00522,62.19428],[6.94272,62.13736],[6.93873,62.12181],[6.95582,62.10228],[6.98797,62.0893],[7.02125,62.09077],[7.13999,62.1166],[7.18784,62.10228],[7.14967,62.13081],[7.02996,62.10041],[6.97934,62.11286],[6.9734,62.12938],[7.02711,62.16718],[7.03712,62.18382],[7.02809,62.26602],[7.05144,62.27603],[7.1128,62.28046],[7.20924,62.25088],[7.23292,62.25625],[7.28126,62.28083],[7.31072,62.28156],[7.39584,62.23493],[7.41505,62.232],[7.41505,62.23945],[7.37355,62.27302],[7.29347,62.29792],[7.16131,62.28661],[7.02133,62.30378],[6.95704,62.32534],[6.91407,62.36982],[6.9756,62.37665],[6.85157,62.4545],[6.75652,62.46479],[6.7907,62.47842],[6.6902,62.47752],[6.48365,62.43073],[6.39772,62.42504],[6.35922,62.43122],[6.3047,62.45917],[6.24293,62.45112],[6.22267,62.45917],[6.24969,62.46796],[6.33871,62.47223],[6.45362,62.50239],[6.53273,62.50113],[6.57114,62.49238],[6.67457,62.49274],[6.67457,62.49958],[6.61378,62.52017],[6.56715,62.51032],[6.47609,62.51317],[6.47609,62.52001],[6.56471,62.52749],[6.53297,62.53685],[6.26303,62.52749],[6.27052,62.55492],[6.24936,62.57465],[6.26612,62.59296],[6.31959,62.60855],[6.53736,62.61563],[6.58326,62.59931],[6.60109,62.58185],[6.60572,62.56098],[6.61256,62.56098],[6.62224,62.58881],[6.62208,62.60122],[6.61256,62.60944],[6.62159,62.61957],[6.64137,62.61945],[6.64666,62.60944],[6.6867,62.63373],[6.72983,62.65095],[6.75611,62.65461],[6.77711,62.65034],[6.88185,62.60155],[6.90056,62.58832],[6.90016,62.57559],[6.91782,62.57465],[6.92351,62.5786],[6.92066,62.58755],[6.90797,62.60261],[6.92848,62.62303],[6.90553,62.62808],[6.88746,62.64354],[6.93165,62.65546],[7.0923,62.65095],[7.07032,62.63044],[7.03777,62.62303],[7.05201,62.60961],[7.09653,62.61221],[7.12534,62.55353],[7.12713,62.53368],[7.13315,62.53368],[7.15382,62.57465],[7.13315,62.59919],[7.15748,62.62922],[7.20899,62.61563],[7.31544,62.60497],[7.365,62.59284],[7.43043,62.54804],[7.48878,62.54914],[7.51743,62.54108],[7.54249,62.50361],[7.56178,62.51659],[7.57293,62.54999],[7.77817,62.57465],[7.74537,62.58601],[7.50522,62.56635],[7.46274,62.57465],[7.4227,62.59797],[7.41277,62.61473],[7.41822,62.633],[7.44451,62.64472],[7.47731,62.63959],[7.50026,62.61994],[7.49708,62.58832],[7.52019,62.58466],[7.53248,62.59512],[7.53297,62.61335],[7.51002,62.64948],[7.51059,62.66401],[7.5232,62.67438],[7.57114,62.6822],[7.61687,62.70014],[7.83595,62.73212],[8.01881,62.73359],[8.12672,62.69379],[8.14747,62.69196],[8.12941,62.71841],[8.06512,62.7392],[8.04509,62.75959],[8.06227,62.76606],[8.07301,62.7801],[7.90886,62.76325],[7.86451,62.74958],[7.64601,62.72866],[7.52491,62.69196],[7.48927,62.68684],[7.38502,62.68757],[7.35971,62.69819],[7.40358,62.7119],[7.36655,62.7329],[7.40301,62.73859],[7.47153,62.76724],[7.68133,62.79438],[7.60955,62.79609],[7.45045,62.77143],[7.41505,62.75959],[7.35157,62.75536],[7.31251,62.74404],[6.97039,62.72557],[6.94899,62.7329],[6.97153,62.73558],[6.98308,62.75336],[6.95582,62.77045],[6.96192,62.78417],[7.00978,62.81485],[7.05958,62.82632],[7.21583,62.81485],[7.13315,62.84894],[7.01661,62.84154],[6.95582,62.88687],[6.94801,62.90546],[6.92897,62.9121],[6.88006,62.91108],[6.91017,62.92939],[7.00017,62.95124],[7.07602,62.98286],[7.23764,63.01472],[7.27117,63.01411],[7.34344,62.97842],[7.42124,62.9514],[7.44174,62.91787],[7.50115,62.91083],[7.55983,62.9313],[7.61598,62.96039],[7.66831,62.97931],[7.68995,62.98115],[7.77573,62.97752],[7.78045,62.9726],[7.7483,62.94208],[7.66831,62.91787],[7.69435,62.9121],[7.83204,62.94941],[7.89942,62.95576],[7.9393,62.97712],[7.97389,62.97695],[8.07553,62.95087],[8.08668,62.94522],[8.10108,62.92219],[8.11329,62.91787],[8.1242,62.86774],[8.15431,62.81485],[8.18971,62.79792],[8.3191,62.777],[8.41521,62.72577],[8.51319,62.70742],[8.53777,62.68846],[8.54526,62.65717],[8.56723,62.68228],[8.56479,62.70356],[8.54396,62.72065],[8.45525,62.75625],[8.37672,62.77717],[8.33107,62.80069],[8.24627,62.81615],[8.18409,62.84772],[8.17205,62.85838],[8.17115,62.89179],[8.17921,62.90217],[8.20965,62.91108],[8.17506,62.92072],[8.14747,62.9514],[8.08693,62.96723],[8.00074,63.00666],[7.98308,63.02709],[7.96127,63.02814],[7.94264,63.02025],[7.9607,63.0187],[7.96998,63.00666],[7.91407,63.00194],[7.88502,63.00397],[7.87721,63.0104],[7.9489,63.04755],[7.99733,63.09227],[8.04005,63.10765],[8.08668,63.10969],[8.1211,63.09406],[8.13396,63.08027],[8.12843,63.05024],[8.16041,63.02643],[8.24676,63.00796],[8.2859,62.98208],[8.33009,62.97337],[8.33985,62.95881],[8.30934,62.94457],[8.33644,62.9121],[8.32928,62.88068],[8.38941,62.88988],[8.48805,62.85297],[8.52296,62.84431],[8.53858,62.85236],[8.52418,62.87128],[8.45436,62.88349],[8.42872,62.8968],[8.45069,62.89566],[8.57399,62.87543],[8.59376,62.86945],[8.63478,62.84154],[8.70297,62.82225],[8.61988,62.87792],[8.52084,62.89216],[8.47975,62.90717],[8.42303,62.94758],[8.4157,62.95881],[8.64422,62.96735],[8.66879,62.97931],[8.63998,62.98876],[8.54526,62.97931],[8.52174,62.9892],[8.53346,63.00031],[8.58627,63.02025],[8.55372,63.02265],[8.48805,62.99404],[8.37403,62.97309],[8.35328,62.98981],[8.31951,62.99982],[8.35524,63.00829],[8.43539,63.00983],[8.47022,63.02025],[8.43531,63.03144],[8.30519,63.02025],[8.23854,63.02546],[8.22316,63.03335],[8.22885,63.06306],[8.20289,63.09268],[8.16554,63.1153],[8.18849,63.13011],[8.21974,63.13447],[8.29152,63.09602],[8.28468,63.07551],[8.32618,63.08857],[8.31381,63.10212],[8.31951,63.10969],[8.30437,63.12515],[8.23618,63.14321],[8.23618,63.1507],[8.54363,63.13239],[8.64096,63.10969],[8.62452,63.12812],[8.57594,63.14423],[8.56577,63.1612],[8.57879,63.17455],[8.60873,63.1811],[8.94313,63.21206],[8.62371,63.20148],[8.61215,63.2038],[8.6032,63.22427],[8.57325,63.25308],[8.52703,63.279],[8.47641,63.29401],[8.51466,63.30589],[8.702,63.32396],[8.76441,63.34927],[8.71111,63.35122],[8.69557,63.35668],[8.67457,63.37987],[8.63893,63.39208],[8.64682,63.40917],[8.67237,63.42121],[8.71827,63.40815],[8.79176,63.43122],[8.82342,63.42939],[8.88111,63.39765],[8.89137,63.42133],[8.99724,63.41816],[8.99724,63.42438],[8.9734,63.42438],[8.96746,63.43342],[8.97486,63.4466],[9.00082,63.46613],[9.01832,63.46654],[9.11451,63.41816],[9.13551,63.38443],[9.14861,63.37592],[9.10287,63.34321],[9.08872,63.32001],[9.09343,63.29401],[9.14308,63.33088],[9.19158,63.33845],[9.26466,63.36294],[9.43458,63.38044],[9.4769,63.40388],[9.39389,63.38666],[9.26027,63.38125],[9.21803,63.37202],[9.16774,63.402],[9.16912,63.42121],[9.18295,63.43452],[9.48194,63.47321],[9.48072,63.48705],[9.36427,63.46625],[9.33302,63.46654],[9.28533,63.47956],[9.25782,63.50007],[9.26808,63.47346],[9.29217,63.45913],[9.21022,63.45942],[9.16733,63.46686],[9.14861,63.48583],[9.16196,63.50715],[9.19256,63.51362],[9.24431,63.51374],[9.23715,63.53449],[9.30226,63.53083],[9.34278,63.55561],[9.36801,63.5633],[9.38819,63.5622],[9.3777,63.55386],[9.37827,63.53046],[9.38819,63.52119],[9.40333,63.51846],[9.46013,63.56167],[9.49537,63.57689],[9.53639,63.56729],[9.57325,63.541],[9.54591,63.58055],[9.49057,63.58942],[9.51678,63.6037],[9.60792,63.61677],[9.69907,63.64448],[9.72397,63.63666],[9.72022,63.62075],[9.79998,63.56314],[9.81381,63.53205],[9.80592,63.51374],[9.89869,63.47736],[9.94744,63.44953],[9.96062,63.42772],[9.92848,63.37718],[9.83326,63.3288],[9.8567,63.32543],[9.89422,63.3312],[9.97918,63.36347],[10.01344,63.36188],[10.04705,63.35228],[10.09929,63.3249],[10.2422,63.32632],[10.25441,63.31444],[10.25904,63.26728],[10.27223,63.28168],[10.27215,63.30488],[10.27955,63.31826],[10.26588,63.33194],[10.24488,63.34406],[10.0687,63.36555],[10.04908,63.3819],[10.04086,63.4064],[10.094,63.43867],[10.15602,63.45234],[10.30047,63.46654],[10.37306,63.44172],[10.44728,63.45677],[10.48194,63.45466],[10.57691,63.43073],[10.69044,63.45234],[10.7588,63.43867],[10.79786,63.41739],[10.81023,63.42121],[10.82976,63.44058],[10.90805,63.45624],[10.91635,63.46654],[10.82252,63.4759],[10.77768,63.48749],[10.7588,63.51748],[10.78077,63.53901],[10.83107,63.55036],[10.92262,63.55476],[10.92262,63.5622],[10.85694,63.56932],[10.8615,63.5786],[10.91236,63.58853],[10.92262,63.60248],[10.85133,63.59809],[10.76832,63.57404],[10.73015,63.57176],[10.67164,63.54877],[10.65642,63.54853],[10.65642,63.55476],[10.67262,63.55817],[10.68605,63.57746],[10.70509,63.58369],[10.71974,63.6035],[10.75571,63.62507],[10.86427,63.65152],[10.90545,63.68447],[11.03346,63.71918],[11.08302,63.70458],[11.15675,63.71113],[11.18385,63.71979],[11.2422,63.76508],[11.2658,63.7744],[11.45769,63.78998],[11.46388,63.8017],[11.45973,63.81244],[11.42408,63.82221],[11.43775,63.83588],[11.41521,63.85008],[11.35475,63.84813],[11.27711,63.86738],[11.11158,63.84956],[11.09653,63.8581],[11.09645,63.88963],[11.17661,63.90925],[11.20037,63.91974],[11.22332,63.94546],[11.29998,63.96556],[11.43686,63.98314],[11.48683,64.00666],[11.49789,64.02082],[11.45444,64.0174],[11.42628,64.0288],[11.36655,64.02729],[11.25424,64.03791],[11.24049,64.06102],[11.36207,64.11709],[11.29998,64.10716],[11.22535,64.07197],[11.20346,64.02741],[11.17514,64.00702],[10.96274,63.94794],[10.87135,63.8972],[10.68865,63.8603],[10.64617,63.83324],[10.57374,63.80915],[10.6316,63.81631],[10.70069,63.84272],[10.77003,63.85029],[10.90024,63.89472],[10.93491,63.89814],[11.056,63.86127],[11.07399,63.83588],[11.0075,63.81314],[10.99147,63.8017],[10.97787,63.76756],[10.91,63.73102],[10.81105,63.72016],[10.74073,63.69038],[10.67172,63.68684],[10.64275,63.67764],[10.60231,63.63593],[10.52963,63.61945],[10.41578,63.57941],[10.32016,63.5622],[10.24138,63.5622],[10.20485,63.54434],[10.08033,63.50751],[9.99838,63.50007],[9.98015,63.49335],[9.9559,63.5065],[9.91822,63.51472],[9.90398,63.55459],[9.88795,63.57518],[9.90211,63.58942],[9.84986,63.59736],[9.81821,63.61408],[9.8108,63.62714],[9.81446,63.63825],[9.83326,63.64411],[9.81715,63.65884],[9.79225,63.66454],[9.80592,63.67764],[9.79908,63.69184],[9.99985,63.72386],[10.03631,63.73461],[10.10141,63.76756],[10.00522,63.74653],[10.01759,63.76594],[10.03932,63.7744],[10.02955,63.78352],[9.90659,63.75727],[9.85759,63.73163],[9.77955,63.72321],[9.72885,63.70209],[9.64894,63.69929],[9.6421,63.68505],[9.6211,63.68505],[9.58676,63.67137],[9.54412,63.6656],[9.56788,63.70677],[9.55274,63.72602],[9.71949,63.76288],[9.77809,63.76756],[9.77809,63.7744],[9.58131,63.7591],[9.54591,63.7744],[9.66277,63.81879],[9.83123,63.86164],[9.87428,63.86319],[9.87428,63.86937],[9.83074,63.87059],[9.79225,63.88369],[9.8921,63.90253],[9.91236,63.90078],[9.91456,63.89151],[9.90675,63.8841],[9.92579,63.88369],[9.97047,63.9042],[10.06804,63.91767],[10.11598,63.94111],[10.17368,63.93407],[10.19703,63.9383],[10.17237,63.95722],[10.14178,63.96556],[10.09571,63.94868],[9.94313,63.9184],[9.97267,63.94184],[10.08725,63.9665],[10.1281,63.98672],[10.11305,63.98701],[10.08033,63.97305],[10.0586,63.9868],[9.99301,63.96455],[9.93629,63.95942],[9.94483,63.97163],[9.98414,63.99348],[9.99806,64.03628],[10.01824,64.0351],[10.01441,64.04922],[10.02565,64.06244],[9.99578,64.09544],[9.99781,64.10957],[10.01368,64.1188],[10.08432,64.10126],[10.10792,64.08975],[10.19207,64.10147],[10.20883,64.10977],[10.21754,64.12393],[10.19142,64.11738],[10.10768,64.11709],[10.11736,64.13044],[10.1338,64.1385],[10.16969,64.13691],[10.15602,64.15803],[10.19703,64.15803],[10.17791,64.16669],[10.18336,64.18537],[10.16969,64.19896],[10.22218,64.19261],[10.23732,64.19896],[10.23113,64.2058],[10.29713,64.20995],[10.37452,64.18537],[10.36541,64.20718],[10.3235,64.22223],[10.24537,64.23379],[10.2588,64.24559],[10.33351,64.26044],[10.32683,64.27411],[10.35157,64.27497],[10.39731,64.26439],[10.39137,64.28779],[10.43629,64.28498],[10.46258,64.29413],[10.49122,64.29523],[10.49122,64.30142],[10.45769,64.30101],[10.44956,64.31281],[10.45021,64.3498],[10.47755,64.3498],[10.47071,64.35663],[10.51735,64.35004],[10.55942,64.32933],[10.55356,64.34345],[10.50473,64.36408],[10.50473,64.37031],[10.56739,64.36392],[10.59832,64.34577],[10.64894,64.35663],[10.64894,64.36408],[10.60711,64.36555],[10.5984,64.383],[10.57032,64.39077],[10.55299,64.4051],[10.46388,64.4051],[10.48308,64.42373],[10.51157,64.43171],[10.54412,64.42617],[10.59913,64.40209],[10.62827,64.39765],[10.61313,64.4208],[10.59425,64.42487],[10.58546,64.43431],[10.60475,64.45222],[10.64625,64.43537],[10.66627,64.41812],[10.73194,64.41576],[10.75375,64.39305],[10.81512,64.37027],[10.83497,64.36913],[10.85499,64.37775],[10.78663,64.41128],[10.80519,64.4208],[10.79664,64.43232],[10.75262,64.44599],[10.67994,64.43903],[10.65642,64.44599],[10.65642,64.45222],[10.70411,64.47272],[10.75262,64.46589],[10.76222,64.48017],[10.79282,64.48017],[10.84116,64.46589],[10.83693,64.4829],[10.8003,64.50747],[10.82472,64.51138],[10.8484,64.50487],[10.89226,64.47468],[10.91635,64.49315],[10.94549,64.48404],[10.95672,64.48701],[10.92262,64.50747],[10.92791,64.51337],[10.96412,64.50747],[10.96412,64.51496],[10.94988,64.52049],[10.95672,64.55219],[10.91635,64.57575],[10.91635,64.58259],[10.93483,64.58356],[10.95045,64.59003],[10.95672,64.60301],[10.9712,64.60261],[11.06031,64.57575],[11.05974,64.54743],[11.07618,64.52363],[11.10133,64.52115],[11.16725,64.48916],[11.17807,64.47866],[11.16277,64.44599],[11.18507,64.4416],[11.26979,64.45258],[11.34156,64.43171],[11.32032,64.39867],[11.26873,64.36665],[11.22486,64.32246],[11.24741,64.32559],[11.29998,64.37031],[11.38933,64.4051],[11.36207,64.41128],[11.40984,64.45222],[11.44337,64.43854],[11.52027,64.46247],[11.61264,64.46955],[11.65626,64.48017],[11.43775,64.46589],[11.4607,64.51118],[11.47527,64.51724],[11.53956,64.52115],[11.53956,64.52798],[11.51808,64.53315],[11.50603,64.54841],[11.57374,64.55585],[11.54705,64.54157],[11.57008,64.53726],[11.65626,64.56952],[11.7505,64.58568],[11.7798,64.59687],[11.65952,64.59431],[11.63575,64.58259],[11.62452,64.5926],[11.63356,64.61298],[11.62892,64.62417],[11.61118,64.62861],[11.55323,64.60301],[11.59474,64.59687],[11.57716,64.57502],[11.54762,64.56818],[11.51678,64.57294],[11.45444,64.62043],[11.42066,64.63638],[11.42408,64.65144],[11.40203,64.66315],[11.39617,64.68561],[11.42018,64.6861],[11.42408,64.69587],[11.39617,64.70673],[11.47983,64.71955],[11.53175,64.74457],[11.58855,64.7364],[11.6159,64.74022],[11.59474,64.74771],[11.59522,64.75849],[11.55323,64.76752],[11.79037,64.78364],[11.84181,64.79487],[11.84181,64.80231],[11.73878,64.80231],[11.74562,64.80915],[11.64324,64.82274],[11.67709,64.8321],[11.78728,64.83584],[11.7798,64.85008],[11.78728,64.85757],[11.6836,64.83706],[11.64943,64.84321],[11.70851,64.8583],[11.72608,64.87661],[11.74545,64.88418],[11.81446,64.89509],[11.91684,64.9252],[11.99195,64.93024],[12.06373,64.95995],[12.22486,64.93944],[12.18629,64.95954],[12.14389,64.96943],[12.05348,64.97297],[11.98219,64.95311],[11.91163,64.94941],[11.73878,64.89106],[11.61703,64.86961],[11.60841,64.86196],[11.62208,64.85008],[11.62208,64.84321],[11.54762,64.81965],[11.47828,64.81061],[11.42677,64.77025],[11.40333,64.75971],[11.261,64.73436],[11.23854,64.74022],[11.35141,64.76752],[11.4297,64.8159],[11.34637,64.805],[11.30242,64.82197],[11.25506,64.8166],[11.2317,64.82274],[11.2527,64.83784],[11.28199,64.84455],[11.52377,64.86253],[11.66489,64.89326],[11.69711,64.91218],[11.67254,64.9123],[11.60157,64.89106],[11.24537,64.85757],[11.26726,64.86982],[11.40138,64.92227],[11.42319,64.9252],[11.45021,64.92231],[11.51222,64.89851],[11.55421,64.89907],[11.59474,64.91836],[11.59474,64.9252],[11.53395,64.90473],[11.47739,64.9326],[11.56007,64.95311],[11.63575,64.94562],[11.6159,64.95995],[11.62908,64.96589],[11.6631,64.95311],[11.71062,64.95726],[11.77638,64.97671],[11.82016,64.98119],[11.83497,64.98664],[11.80453,64.9986],[11.80152,65.00764],[11.81422,65.01801],[11.87257,65.0419],[11.97853,65.06883],[12.01246,65.05549],[12.0101,65.03596],[12.01547,65.02961],[12.02613,65.03132],[12.04347,65.05899],[12.05445,65.06558],[12.06373,65.0456],[12.07594,65.03946],[12.11557,65.0493],[12.13706,65.0467],[12.15317,65.03946],[12.17701,65.01459],[12.17319,64.99779],[12.19402,64.99486],[12.21119,65.01459],[12.18686,65.03449],[12.18434,65.0456],[12.19313,65.05048],[12.28093,65.06013],[12.36883,65.09028],[12.438,65.08462],[12.47153,65.0893],[12.4861,65.11351],[12.5075,65.12124],[12.63624,65.13129],[12.60222,65.13744],[12.61736,65.14985],[12.67726,65.15917],[12.71559,65.18464],[12.79054,65.21381],[12.80738,65.24209],[12.83806,65.25361],[12.931,65.3124],[12.93995,65.32783],[12.93181,65.3332],[12.66822,65.19595],[12.54103,65.16226],[12.50278,65.14492],[12.42905,65.13923],[12.39015,65.14252],[12.36883,65.15176],[12.38168,65.17723],[12.47055,65.1826],[12.4992,65.20014],[12.45143,65.20637],[12.43832,65.21381],[12.43832,65.22687],[12.417,65.23021],[12.35515,65.21996],[12.35515,65.22687],[12.40821,65.24689],[12.50807,65.24067],[12.52019,65.25072],[12.67701,65.24921],[12.71209,65.25414],[12.68068,65.26268],[12.58815,65.26097],[12.51645,65.26777],[12.45818,65.25414],[12.46502,65.26777],[12.43572,65.27334],[12.34547,65.26777],[12.32057,65.2602],[12.27622,65.23225],[12.24529,65.23363],[12.30047,65.26777],[12.34213,65.30256],[12.45143,65.31354],[12.47869,65.33666],[12.41033,65.32246],[12.43295,65.34455],[12.4992,65.37084],[12.51645,65.35716],[12.60084,65.35468],[12.62574,65.34723],[12.6565,65.32575],[12.67449,65.32258],[12.69158,65.32982],[12.66277,65.35468],[12.54705,65.364],[12.5381,65.3725],[12.52703,65.40559],[12.48878,65.43232],[12.47869,65.44652],[12.5486,65.44701],[12.56739,65.43976],[12.57423,65.41865],[12.58334,65.41791],[12.59164,65.42988],[12.60222,65.43232],[12.62924,65.42121],[12.68068,65.37995],[12.71209,65.37084],[12.6408,65.41641],[12.62941,65.43232],[12.64975,65.45026],[12.78028,65.45962],[12.74098,65.46776],[12.60841,65.45962],[12.60841,65.46703],[12.65691,65.4807],[12.6338,65.48798],[12.59653,65.48859],[12.57797,65.49803],[12.56463,65.51366],[12.61573,65.52851],[12.59425,65.534],[12.57944,65.54951],[12.5726,65.56989],[12.57423,65.58999],[12.55193,65.56802],[12.53712,65.53482],[12.51368,65.51215],[12.46502,65.52167],[12.52573,65.56184],[12.53387,65.58316],[12.51002,65.57372],[12.46656,65.53685],[12.43832,65.52851],[12.40431,65.53498],[12.39649,65.55191],[12.41717,65.59675],[12.36842,65.59268],[12.35515,65.60419],[12.35768,65.6293],[12.34889,65.63837],[12.36411,65.65249],[12.3982,65.67121],[12.43832,65.706],[12.49537,65.73334],[12.55453,65.7294],[12.58131,65.71308],[12.5879,65.6896],[12.63624,65.68618],[12.61573,65.67329],[12.60841,65.65135],[12.65691,65.63837],[12.71241,65.64411],[12.7409,65.62971],[12.78712,65.63837],[12.77687,65.64907],[12.75815,65.65526],[12.6836,65.66144],[12.66358,65.67935],[12.65016,65.70991],[12.58644,65.72773],[12.55779,65.75373],[12.56715,65.76655],[12.64536,65.80769],[12.66033,65.80972],[12.69874,65.79059],[12.71754,65.78913],[12.7046,65.80223],[12.71119,65.82713],[12.6937,65.83552],[12.62631,65.82738],[12.61573,65.82795],[12.61166,65.83466],[12.61573,65.85065],[12.63624,65.86432],[12.64243,65.89159],[12.6823,65.92666],[12.78907,65.96499],[12.84848,65.9667],[12.91749,65.95303],[12.96583,65.92573],[13.0228,65.92976],[13.04037,65.92573],[13.06821,65.89838],[13.12045,65.89216],[13.12289,65.87792],[13.15699,65.85065],[13.17604,65.85578],[13.15105,65.89248],[13.14967,65.91209],[13.13356,65.92426],[13.12289,65.9431],[13.04851,65.94684],[12.97836,65.95991],[12.94239,65.97386],[12.92433,65.99404],[12.96315,66.0102],[12.96803,66.02285],[12.95151,66.03559],[12.97055,66.0528],[13.02361,66.06729],[13.04037,66.08344],[13.00221,66.08267],[12.92726,66.06147],[12.71209,66.04243],[12.7256,66.0561],[12.69939,66.06338],[12.67042,66.06289],[12.75172,66.10513],[12.86899,66.13434],[13.04754,66.15229],[13.08953,66.14615],[13.10369,66.16157],[13.22535,66.18578],[13.306,66.21792],[13.52719,66.24014],[13.56178,66.2342],[13.57651,66.21894],[13.55738,66.20515],[13.49285,66.1933],[13.49285,66.18578],[13.58229,66.18578],[13.53443,66.13862],[13.53012,66.12027],[13.5359,66.11054],[13.56178,66.11131],[13.60092,66.1433],[13.63966,66.15729],[13.76027,66.16596],[13.82162,66.14704],[13.83041,66.14875],[13.83481,66.15851],[13.8318,66.16852],[13.82244,66.17182],[13.70509,66.17276],[13.60955,66.18578],[13.64112,66.22061],[13.69646,66.23871],[13.75782,66.24242],[13.80812,66.2342],[13.76027,66.19945],[13.78842,66.20083],[13.83668,66.22207],[13.98618,66.24103],[14.00978,66.27094],[14.1128,66.30231],[14.13461,66.31639],[14.14389,66.33381],[14.13054,66.34309],[14.04835,66.3168],[13.96404,66.30476],[13.93849,66.29564],[13.90748,66.26838],[13.80348,66.27778],[13.75375,66.29584],[13.73927,66.28946],[13.74041,66.27753],[13.72364,66.26411],[13.69907,66.25308],[13.6198,66.24091],[13.59164,66.24384],[13.57545,66.26215],[13.62322,66.27521],[13.57545,66.28946],[13.50318,66.25902],[13.41375,66.24315],[13.32732,66.2458],[13.28736,66.24103],[13.20476,66.20466],[13.06935,66.17406],[13.04037,66.17963],[13.03159,66.19823],[13.11248,66.23078],[13.1631,66.2591],[13.3213,66.30028],[13.49431,66.29999],[13.53443,66.30931],[13.50563,66.31859],[13.40349,66.3168],[13.42335,66.33246],[13.45191,66.33723],[13.43287,66.34325],[13.36476,66.33832],[13.31088,66.3745],[13.30698,66.36913],[13.31471,66.35029],[13.33766,66.32783],[13.22657,66.29735],[13.13657,66.30313],[13.15772,66.31826],[13.16163,66.32673],[13.15024,66.33039],[13.09555,66.3168],[13.06414,66.31436],[13.03728,66.31997],[13.01564,66.33413],[13.00001,66.35712],[13.14096,66.38613],[13.17066,66.41234],[13.15699,66.43659],[13.14967,66.44355],[13.10255,66.45392],[13.13168,66.46092],[13.16383,66.46015],[13.16383,66.46699],[13.10255,66.47443],[13.0818,66.49799],[13.0171,66.50528],[12.97202,66.5222],[13.10255,66.54271],[13.20899,66.51411],[13.21909,66.50483],[13.23146,66.46809],[13.22535,66.45392],[13.36207,66.45551],[13.39723,66.46699],[13.28785,66.46011],[13.26686,66.46699],[13.27052,66.48383],[13.28777,66.50951],[13.25953,66.51537],[13.25953,66.5222],[13.35597,66.54271],[13.44142,66.53994],[13.48943,66.55012],[13.56861,66.52847],[13.67107,66.51537],[13.62338,66.53876],[13.47999,66.555],[13.45875,66.56379],[13.50709,66.5843],[13.60133,66.60725],[13.72625,66.6048],[13.68751,66.61579],[13.50278,66.60651],[13.47242,66.59736],[13.42335,66.56281],[13.23902,66.54841],[13.20485,66.55634],[13.21811,66.58307],[13.24586,66.59797],[13.23276,66.6048],[13.25001,66.61384],[13.33221,66.62629],[13.3816,66.61909],[13.40349,66.62523],[13.3733,66.63329],[13.25074,66.63312],[13.17066,66.65192],[13.19117,66.66657],[13.23732,66.654],[13.28395,66.66071],[13.34889,66.64574],[13.45191,66.65876],[13.54737,66.63825],[13.52263,66.66108],[13.48015,66.67528],[13.26686,66.70165],[13.22535,66.71402],[13.25603,66.72407],[13.49318,66.71402],[13.5276,66.69355],[13.69313,66.69131],[13.71876,66.70038],[13.69825,66.70722],[13.69825,66.71402],[13.799,66.71149],[13.85125,66.71711],[13.89015,66.73509],[13.71193,66.73509],[13.61069,66.71418],[13.57545,66.71402],[13.54713,66.72431],[13.54322,66.7392],[13.55877,66.75348],[13.58912,66.76179],[13.71803,66.75056],[13.75294,66.76179],[13.72104,66.76952],[13.56365,66.77717],[13.54331,66.77147],[13.50709,66.78229],[13.54184,66.80321],[13.61215,66.8098],[13.68727,66.80703],[13.76832,66.79263],[13.99301,66.78974],[13.94801,66.8002],[13.80144,66.80956],[13.73927,66.83755],[13.68832,66.83503],[13.67791,66.85114],[13.69825,66.85798],[13.64389,66.86799],[13.63063,66.8996],[13.60572,66.90689],[13.54754,66.8996],[13.52076,66.90575],[13.54363,66.92186],[13.58969,66.93818],[13.74448,66.93696],[13.78028,66.94611],[13.76027,66.96784],[13.83904,66.9641],[13.8628,66.96784],[13.90162,66.99213],[13.97267,66.99457],[13.95777,66.97403],[13.89015,66.95356],[13.91749,66.9289],[13.93458,66.92219],[13.95899,66.92695],[13.93165,66.93309],[13.97999,66.95356],[13.98569,66.96597],[14.02784,66.96784],[14.04379,66.98094],[14.04274,66.99506],[14.01433,67.02253],[14.04029,67.05598],[14.05991,67.06086],[14.08562,67.03681],[14.10939,66.99067],[14.15154,66.97163],[14.16456,66.97907],[14.19068,66.97655],[14.22674,66.98359],[14.22625,66.99258],[14.25172,67.00385],[14.26905,67.02399],[14.27076,67.04316],[14.24635,67.04979],[14.27215,67.06],[14.41822,67.06342],[14.49342,67.04296],[14.52955,67.04849],[14.54428,67.04536],[14.55543,67.02928],[14.5525,67.0185],[14.56821,67.01813],[14.58774,67.02676],[14.59588,67.04296],[14.58131,67.05842],[14.37672,67.0777],[14.29005,67.07583],[14.26743,67.08393],[14.28745,67.08983],[14.33578,67.1249],[14.32179,67.13642],[14.32814,67.14704],[14.36305,67.15965],[14.45191,67.16584],[14.4157,67.12938],[14.41139,67.11872],[14.42286,67.10944],[14.44077,67.11518],[14.47291,67.13923],[14.45924,67.15282],[14.67693,67.15957],[14.70924,67.15082],[14.74334,67.11831],[14.75034,67.12393],[14.74724,67.14541],[14.72316,67.1612],[14.65138,67.1767],[14.51393,67.18012],[14.57,67.20002],[14.60377,67.20425],[14.65162,67.18525],[14.78142,67.2143],[14.88299,67.2062],[14.97934,67.2143],[14.97934,67.20686],[14.92482,67.20063],[14.93263,67.18049],[14.90073,67.16576],[14.89064,67.15282],[14.8991,67.14159],[14.97291,67.10383],[14.99391,67.09907],[15.00799,67.1022],[15.00392,67.11494],[14.93165,67.15282],[15.01954,67.20409],[15.09457,67.21336],[15.12989,67.19579],[15.2186,67.19229],[15.30063,67.16901],[15.35678,67.16584],[15.38331,67.15672],[15.39471,67.14204],[15.39194,67.12214],[15.37672,67.0976],[15.43556,67.07575],[15.50147,67.07026],[15.49122,67.08051],[15.43873,67.0976],[15.43873,67.11872],[15.48032,67.15282],[15.47291,67.15282],[15.45541,67.17178],[15.37672,67.20063],[15.41049,67.21312],[15.45509,67.21357],[15.74041,67.17329],[15.73316,67.18757],[15.69264,67.20686],[15.70631,67.2143],[15.60621,67.20283],[15.55047,67.21955],[15.40797,67.23574],[15.38356,67.23469],[15.28745,67.20563],[15.26124,67.2143],[15.32911,67.2263],[15.34246,67.2416],[15.28297,67.24702],[15.21274,67.23477],[15.06251,67.24775],[15.07781,67.26044],[15.13771,67.26952],[15.16505,67.31049],[15.01352,67.29165],[14.98951,67.27049],[14.90935,67.27473],[14.77459,67.26952],[14.83546,67.25528],[14.81121,67.2447],[14.67384,67.2167],[14.61695,67.2143],[14.67286,67.23371],[14.69459,67.24844],[14.69207,67.26952],[14.69947,67.2757],[14.66245,67.27473],[14.57569,67.2519],[14.4109,67.24775],[14.34938,67.23505],[14.3283,67.2416],[14.41139,67.26952],[14.40691,67.27806],[14.41782,67.28449],[14.45191,67.29621],[14.4922,67.3229],[14.60174,67.37735],[14.61158,67.38788],[14.60524,67.39378],[14.57594,67.3924],[14.57594,67.39863],[14.61695,67.40607],[14.62306,67.42064],[14.65252,67.42634],[14.79998,67.42182],[14.82244,67.40607],[14.79509,67.38556],[14.82472,67.37832],[14.88299,67.40477],[14.98276,67.42381],[15.049,67.44701],[14.93914,67.44086],[14.82244,67.44701],[14.84278,67.46133],[14.82252,67.46601],[14.78419,67.46247],[14.76775,67.46747],[14.78077,67.475],[14.76857,67.48078],[14.72682,67.48867],[14.74008,67.50096],[14.79412,67.52521],[14.99041,67.57062],[15.05885,67.57734],[15.11541,67.56395],[15.14389,67.55061],[15.15887,67.53579],[15.10694,67.52961],[15.00831,67.56367],[14.98683,67.54951],[15.03639,67.51854],[15.05519,67.51594],[15.01043,67.48701],[14.88502,67.4864],[14.82928,67.475],[14.85385,67.47016],[15.01678,67.46874],[15.07936,67.49628],[15.12403,67.50226],[15.17579,67.52131],[15.19288,67.51594],[15.19142,67.50165],[15.21274,67.49482],[15.21274,67.48867],[15.15138,67.48115],[15.15138,67.475],[15.17237,67.46747],[15.14332,67.43671],[15.13771,67.42036],[15.21713,67.44953],[15.22706,67.47126],[15.24098,67.47919],[15.37127,67.48774],[15.42905,67.48298],[15.47291,67.46133],[15.4922,67.43146],[15.54176,67.37938],[15.5486,67.35147],[15.57594,67.331],[15.64479,67.30305],[15.64479,67.29621],[15.60483,67.29092],[15.60353,67.28034],[15.62615,67.27261],[15.65846,67.2757],[15.70004,67.30305],[15.69223,67.31265],[15.63795,67.32416],[15.62143,67.33369],[15.61744,67.35765],[15.58546,67.39557],[15.51441,67.4265],[15.58277,67.46133],[15.52866,67.46747],[15.55844,67.49335],[15.59791,67.50991],[15.78631,67.55061],[15.89796,67.55687],[15.86818,67.57323],[15.66814,67.55195],[15.55592,67.51594],[15.49871,67.51048],[15.23927,67.52924],[15.22706,67.5395],[15.22836,67.55878],[15.23341,67.56672],[15.26124,67.57734],[15.24073,67.58422],[15.27565,67.59357],[15.4109,67.58344],[15.42563,67.57917],[15.43637,67.5598],[15.46608,67.57734],[15.41879,67.60468],[15.43873,67.61213],[15.40659,67.63129],[15.38819,67.63239],[15.37045,67.62519],[15.38404,67.61213],[15.35914,67.60521],[15.27491,67.62519],[15.19435,67.60871],[15.17856,67.61835],[15.19646,67.6446],[15.33693,67.6872],[15.30494,67.68659],[15.27491,67.69404],[15.30112,67.7202],[15.33033,67.72036],[15.36866,67.71027],[15.41228,67.68891],[15.54176,67.67357],[15.51441,67.69404],[15.65846,67.68041],[15.54811,67.71125],[15.48658,67.69892],[15.40455,67.73505],[15.40455,67.74189],[15.59693,67.74885],[15.65846,67.73505],[15.79965,67.67902],[15.82203,67.6778],[15.8366,67.69404],[15.80681,67.69575],[15.78191,67.70771],[15.78875,67.72822],[15.6692,67.76179],[15.63054,67.76236],[15.64064,67.77534],[15.69264,67.79645],[15.65984,67.79377],[15.59498,67.77387],[15.41139,67.79645],[15.42156,67.81314],[15.44614,67.83218],[15.44606,67.84492],[15.43279,67.86074],[15.42091,67.85684],[15.40455,67.82441],[15.38356,67.85529],[15.36948,67.86518],[15.35678,67.85114],[15.38404,67.8039],[15.26222,67.75226],[15.22381,67.74335],[15.18198,67.71455],[14.91814,67.65152],[14.83611,67.64252],[14.7527,67.64802],[14.72682,67.65937],[14.87696,67.70026],[14.87696,67.70771],[14.78077,67.71455],[14.79298,67.72883],[14.85646,67.72508],[14.8755,67.73115],[15.1172,67.74189],[15.08758,67.74848],[15.01531,67.74665],[14.99366,67.76923],[15.03468,67.78286],[14.87696,67.77326],[14.82928,67.76236],[14.84303,67.76923],[14.82928,67.77603],[14.83123,67.79181],[14.81935,67.79743],[14.80226,67.79401],[14.78834,67.78286],[14.77858,67.7849],[14.75408,67.8039],[14.77296,67.81598],[14.80698,67.82534],[14.87322,67.82294],[14.95932,67.83723],[15.06324,67.83877],[15.10287,67.85114],[15.07586,67.86152],[14.84962,67.84492],[14.84962,67.85114],[14.8838,67.85855],[14.89943,67.87299],[14.99871,67.89545],[15.19207,67.88605],[15.23325,67.87222],[15.20118,67.85981],[15.19337,67.84736],[15.19907,67.83124],[15.30209,67.89037],[15.33693,67.89956],[15.33806,67.89183],[15.35987,67.89167],[15.48316,67.91767],[15.54347,67.91698],[15.50318,67.87543],[15.5149,67.85635],[15.53256,67.85236],[15.54176,67.85855],[15.52426,67.86677],[15.52443,67.878],[15.53492,67.8898],[15.59799,67.91669],[15.60377,67.93057],[15.75229,67.95209],[15.78875,67.95136],[15.82081,67.93765],[15.83221,67.9274],[15.84099,67.90107],[15.86012,67.89964],[15.87078,67.92682],[15.88551,67.93887],[15.945,67.96556],[15.96632,67.9951],[15.9533,67.9951],[15.96876,68.00861],[16.06316,68.00943],[16.06316,68.01618],[15.90089,68.02359],[15.85027,68.03669],[15.85027,68.04291],[15.89828,68.06684],[15.87745,68.07087],[15.78924,68.03433],[15.60239,68.03827],[15.57594,68.06342],[15.54542,68.07469],[15.38404,68.02302],[15.39283,68.0113],[15.43873,68.00943],[15.3982,67.99494],[15.35678,67.99592],[15.31707,68.01048],[15.28175,68.03669],[15.29428,68.04719],[15.34246,68.0572],[15.3545,68.07998],[15.40358,68.10456],[15.46339,68.12421],[15.50758,68.13227],[15.50408,68.10517],[15.52866,68.0913],[15.53834,68.1118],[15.58302,68.1118],[15.62989,68.13459],[15.63795,68.14281],[15.63624,68.16551],[15.64373,68.16893],[15.66578,68.16706],[15.65846,68.15278],[15.73414,68.13972],[15.70004,68.12604],[15.73748,68.10277],[15.73414,68.0913],[15.71013,68.08462],[15.6443,68.09663],[15.61744,68.0913],[15.62859,68.0764],[15.61744,68.0572],[15.62843,68.05305],[15.66578,68.05036],[15.6574,68.06672],[15.66944,68.07233],[15.73463,68.07233],[15.76149,68.07762],[15.76645,68.08955],[15.84449,68.09626],[15.90675,68.13247],[15.9253,68.13227],[15.87233,68.16966],[15.87078,68.18692],[15.88868,68.19245],[15.94207,68.18594],[15.9533,68.20458],[15.94508,68.23115],[15.94956,68.239],[15.97967,68.25007],[16.03785,68.24299],[16.04981,68.21174],[16.06316,68.20116],[16.0477,68.18578],[16.02784,68.18073],[16.04249,68.1623],[16.09718,68.17329],[16.10402,68.16022],[16.09034,68.12568],[16.06967,68.11249],[16.08985,68.07421],[16.08367,68.05736],[16.042,68.02985],[16.15797,67.9997],[16.19288,67.98151],[16.21062,67.95881],[16.21323,67.91161],[16.22006,67.89273],[16.23683,67.88361],[16.28199,67.87718],[16.43735,67.80756],[16.48471,67.7978],[16.51498,67.8039],[16.4603,67.81769],[16.44353,67.83153],[16.45346,67.85114],[16.31105,67.87397],[16.26856,67.88931],[16.25457,67.90034],[16.2754,67.92682],[16.27125,67.96491],[16.2754,67.97529],[16.24334,67.99433],[16.20704,68.00259],[16.2448,68.00943],[16.27426,68.00568],[16.30112,67.9936],[16.40593,67.9195],[16.41261,67.90632],[16.46656,67.89956],[16.44606,67.92682],[16.46656,67.9405],[16.39617,67.95893],[16.33481,67.99445],[16.33351,68.00243],[16.38038,68.00894],[16.45151,67.96279],[16.48178,67.95718],[16.54225,67.96101],[16.48113,67.96955],[16.46339,67.97834],[16.46339,67.9877],[16.50074,68.01618],[16.36476,68.02985],[16.38917,68.05927],[16.44264,68.07612],[16.46363,68.09431],[16.48707,68.0913],[16.55014,68.06623],[16.66277,68.05069],[16.68629,68.0572],[16.66521,68.06342],[16.68897,68.07103],[16.577,68.08511],[16.50074,68.1186],[16.44508,68.11555],[16.34645,68.08218],[16.28907,68.0913],[16.30275,68.1118],[16.25367,68.12165],[16.24122,68.13227],[16.32,68.1258],[16.36012,68.14411],[16.40211,68.13703],[16.41261,68.14594],[16.39894,68.15278],[16.41627,68.15876],[16.4734,68.15278],[16.46437,68.16572],[16.41261,68.18073],[16.41261,68.18692],[16.54518,68.16502],[16.5901,68.16706],[16.53297,68.17817],[16.46681,68.20116],[16.45997,68.20547],[16.46046,68.22419],[16.45314,68.22846],[16.40577,68.20799],[16.17205,68.20368],[16.16212,68.21113],[16.18336,68.22114],[16.34734,68.22846],[16.35613,68.23184],[16.35564,68.239],[16.34018,68.24958],[16.19093,68.25845],[16.1198,68.27383],[16.10336,68.28315],[16.12135,68.28998],[16.14967,68.31306],[16.17237,68.31786],[16.24757,68.30419],[16.28175,68.30744],[16.30291,68.29963],[16.3169,68.28315],[16.38844,68.28413],[16.39894,68.27692],[16.50831,68.25544],[16.55983,68.23282],[16.56275,68.19432],[16.73951,68.1389],[16.80299,68.13227],[16.74928,68.15803],[16.73129,68.1767],[16.64373,68.20173],[16.61215,68.21906],[16.59262,68.23949],[16.60377,68.2558],[16.56739,68.27631],[16.5228,68.28889],[16.41188,68.29877],[16.35776,68.31184],[16.31772,68.32941],[16.26433,68.32429],[16.24122,68.33153],[16.28159,68.34455],[16.2352,68.34512],[16.22006,68.35139],[16.26393,68.36221],[16.35613,68.37092],[16.42286,68.38935],[16.69459,68.40546],[16.80299,68.3793],[16.86988,68.37255],[16.87867,68.35513],[16.82407,68.32404],[16.9948,68.34455],[17.04689,68.36262],[17.12729,68.37287],[17.14503,68.36872],[17.18312,68.33771],[17.19679,68.30048],[17.22381,68.28425],[17.33058,68.2558],[17.31007,68.23225],[17.33058,68.20799],[17.31861,68.17007],[17.334,68.16706],[17.35499,68.17186],[17.36402,68.18354],[17.35206,68.22553],[17.41993,68.23591],[17.38998,68.26683],[17.35222,68.28473],[17.26856,68.31037],[17.22299,68.33959],[17.20606,68.37299],[17.23618,68.37987],[17.25554,68.39301],[17.24789,68.40599],[17.32797,68.40839],[17.49578,68.36506],[17.57691,68.35883],[17.54558,68.37678],[17.36459,68.41348],[17.39527,68.42304],[17.53989,68.42837],[17.70948,68.41181],[17.81666,68.38475],[17.87184,68.39301],[17.81568,68.39728],[17.61215,68.45087],[17.46762,68.44758],[17.54412,68.51854],[17.54656,68.5301],[17.48097,68.52033],[17.43849,68.5065],[17.36459,68.50288],[17.32765,68.49116],[17.2601,68.45523],[17.04664,68.43415],[17.00164,68.44758],[17.08131,68.45824],[17.09718,68.46869],[17.09197,68.48078],[16.98797,68.50967],[16.84864,68.44872],[16.73911,68.45238],[16.66879,68.43838],[16.53484,68.4383],[16.511,68.44131],[16.50074,68.451],[16.49806,68.47321],[16.46461,68.51],[16.48487,68.52896],[16.542,68.54377],[16.60434,68.52888],[16.6211,68.53351],[16.63209,68.54629],[16.62827,68.55085],[16.57325,68.56924],[16.56275,68.59154],[16.57179,68.61213],[16.59702,68.62954],[16.62924,68.64167],[16.69695,68.65054],[16.80983,68.68098],[16.92506,68.69326],[16.9607,68.70454],[16.99293,68.70795],[17.04526,68.67573],[17.0809,68.66401],[17.08351,68.64619],[17.14869,68.63231],[17.18653,68.63874],[17.16993,68.6518],[17.13258,68.65522],[17.10043,68.6695],[17.1006,68.69062],[17.11508,68.69904],[17.20541,68.71137],[17.25017,68.72394],[17.31007,68.70767],[17.37037,68.71113],[17.40366,68.68456],[17.46022,68.66669],[17.57667,68.67414],[17.65561,68.65729],[17.67937,68.66047],[17.62062,68.68134],[17.49448,68.69033],[17.40333,68.74445],[17.37387,68.75031],[17.32358,68.73159],[17.29029,68.73656],[17.23439,68.75605],[17.33326,68.78709],[17.39552,68.79645],[17.46095,68.81538],[17.56479,68.78876],[17.72169,68.77847],[17.78297,68.7486],[17.78289,68.77814],[17.73927,68.79133],[17.64527,68.79707],[17.46762,68.8312],[17.54566,68.84715],[17.60922,68.87149],[17.70737,68.89326],[17.76873,68.87181],[17.82358,68.86831],[17.85133,68.87275],[17.82594,68.89374],[17.70737,68.91376],[17.72096,68.93423],[17.5215,68.91673],[17.45777,68.89981],[17.42612,68.89948],[17.47975,68.94782],[17.5337,68.96084],[17.53598,68.97517],[17.53045,68.98688],[17.48829,68.98884],[17.48829,68.99567],[17.6032,69.06061],[17.65699,69.07811],[17.67937,69.09186],[17.6316,69.10554],[17.65886,69.11689],[17.86899,69.12132],[17.95883,69.14851],[18.02418,69.15567],[18.15235,69.15396],[18.08131,69.16913],[18.07106,69.17756],[18.0796,69.20702],[18.10524,69.22907],[18.07716,69.23713],[18.01629,69.22919],[17.98854,69.23526],[18.00408,69.25015],[18.0031,69.28571],[18.0158,69.30415],[18.04542,69.31745],[18.11256,69.33348],[18.13868,69.35252],[18.13054,69.36933],[18.18035,69.40778],[18.16603,69.42084],[18.17107,69.43366],[18.15235,69.44815],[18.15846,69.45962],[18.24171,69.47606],[18.26336,69.48811],[18.30095,69.48676],[18.34148,69.46768],[18.38234,69.43134],[18.38738,69.42219],[18.36476,69.39151],[18.44752,69.39354],[18.48715,69.38202],[18.50294,69.37006],[18.50929,69.35594],[18.49562,69.29047],[18.51629,69.27611],[18.49855,69.25202],[18.50245,69.23526],[18.53321,69.2779],[18.53834,69.34797],[18.54396,69.35936],[18.56479,69.36465],[18.57976,69.35293],[18.60206,69.30024],[18.6517,69.28824],[18.69166,69.2635],[18.70297,69.26252],[18.70777,69.2768],[18.70314,69.28767],[18.67368,69.30415],[18.68971,69.31786],[18.73504,69.32416],[18.8239,69.32526],[18.86345,69.31932],[18.9297,69.2958],[19.01295,69.28705],[19.01352,69.2993],[18.98854,69.30711],[18.9546,69.32832],[18.66481,69.36933],[18.60662,69.39045],[18.59181,69.42084],[18.57781,69.43134],[18.46664,69.44522],[18.4546,69.45433],[18.46616,69.47382],[18.48878,69.48225],[18.46852,69.50405],[18.47429,69.51642],[18.56471,69.52656],[18.63063,69.541],[18.85271,69.55231],[18.86158,69.5467],[18.86427,69.52192],[18.84449,69.50275],[18.89373,69.49763],[18.91139,69.48184],[18.91676,69.45807],[18.93531,69.44627],[19.00953,69.42829],[19.00318,69.4079],[19.01441,69.39704],[19.14601,69.35252],[19.34742,69.34418],[19.3794,69.32184],[19.3711,69.30012],[19.3506,69.29047],[19.28492,69.27554],[19.21534,69.28156],[19.167,69.26704],[19.1775,69.25348],[19.19663,69.25129],[19.25099,69.27424],[19.26856,69.26618],[19.27231,69.25239],[19.24903,69.24266],[19.30079,69.22403],[19.3366,69.22492],[19.3794,69.24266],[19.4131,69.24018],[19.47722,69.22077],[19.50929,69.22907],[19.44858,69.26032],[19.44093,69.28368],[19.4546,69.3061],[19.4546,69.31843],[19.42954,69.34174],[19.35011,69.3791],[19.32488,69.38402],[19.15626,69.37714],[19.1194,69.38605],[19.08522,69.41401],[19.07789,69.43452],[19.02174,69.45026],[19.00131,69.46434],[18.99269,69.48314],[19.00571,69.50617],[19.03191,69.52115],[19.0691,69.53327],[19.17693,69.55073],[19.19484,69.55048],[19.23561,69.52827],[19.26271,69.52326],[19.23325,69.55317],[19.22926,69.56794],[19.14763,69.56489],[19.0534,69.55215],[19.01637,69.53437],[18.99448,69.53962],[18.95802,69.5611],[18.94435,69.6153],[19.08497,69.69343],[19.09832,69.73615],[19.1395,69.7475],[19.20143,69.75332],[19.24903,69.77709],[19.29575,69.7829],[19.44435,69.77709],[19.55877,69.8002],[19.73715,69.81306],[19.78419,69.80439],[19.76938,69.78425],[19.73146,69.75682],[19.73634,69.73957],[19.72869,69.72289],[19.67433,69.68154],[19.72739,69.64216],[19.71518,69.61262],[19.62989,69.52045],[19.62647,69.49592],[19.65016,69.45962],[19.58172,69.43744],[19.53028,69.40034],[19.68849,69.44473],[19.72486,69.51606],[19.70834,69.53071],[19.75685,69.59955],[19.74318,69.61262],[19.92856,69.60517],[20.06023,69.57909],[20.11256,69.58535],[20.03159,69.58832],[19.85776,69.62726],[19.82447,69.68154],[19.82447,69.7119],[19.83644,69.72394],[19.87818,69.74433],[19.87233,69.76341],[19.8895,69.77489],[19.92775,69.78413],[19.94459,69.79418],[19.97788,69.83051],[20.00611,69.84284],[20.00904,69.83487],[20.0027,69.82111],[19.98316,69.7967],[19.96852,69.76341],[20.00701,69.7685],[20.03395,69.79035],[20.07838,69.8454],[20.11476,69.8784],[20.15455,69.93488],[20.16774,69.94221],[20.17066,69.88044],[20.20729,69.85895],[20.20191,69.92422],[20.20769,69.93183],[20.27036,69.96784],[20.29265,69.97101],[20.31495,69.96381],[20.41725,69.89037],[20.4253,69.87718],[20.39991,69.8454],[20.39356,69.80439],[20.36362,69.77855],[20.31861,69.68154],[20.33041,69.66327],[20.38307,69.63467],[20.38258,69.59878],[20.36598,69.58535],[20.29127,69.57355],[20.27418,69.56061],[20.30437,69.54434],[20.28907,69.53791],[20.26954,69.51728],[20.26393,69.50275],[20.27849,69.48517],[20.26686,69.46809],[20.24171,69.45978],[20.21559,69.46865],[20.19158,69.41324],[20.16879,69.3937],[20.11606,69.38288],[20.05787,69.35936],[20.00025,69.34838],[19.98219,69.33894],[20.0027,69.32526],[19.93727,69.2884],[19.91684,69.26927],[19.94801,69.26313],[19.97169,69.27017],[20.07049,69.33601],[20.22535,69.38434],[20.27703,69.39228],[20.35426,69.46809],[20.44109,69.52277],[20.45216,69.55585],[20.48243,69.57787],[20.49733,69.57762],[20.57081,69.54483],[20.64698,69.52119],[20.79152,69.50959],[20.83717,69.49022],[20.85304,69.49592],[20.81218,69.51044],[20.71843,69.52839],[20.68483,69.5478],[20.64763,69.58535],[20.49236,69.62726],[20.48243,69.63687],[20.48829,69.64838],[20.52711,69.6778],[20.54176,69.70539],[20.53517,69.73046],[20.51336,69.74877],[20.48243,69.75601],[20.48243,69.76341],[20.51197,69.76948],[20.64291,69.77265],[20.78517,69.80174],[20.82228,69.8286],[20.82496,69.84154],[20.79152,69.87954],[20.82927,69.88304],[21.05177,69.94473],[21.09254,69.94839],[21.09254,69.94221],[20.98243,69.90404],[20.91896,69.86685],[20.89389,69.85969],[20.89389,69.85285],[20.95509,69.8461],[20.96909,69.83234],[20.95167,69.82978],[20.94109,69.81867],[20.99464,69.7934],[21.02052,69.78815],[21.05095,69.79759],[21.00489,69.81395],[20.99635,69.8249],[21.049,69.83202],[21.06861,69.84268],[21.05836,69.85969],[21.17042,69.87564],[21.18881,69.86957],[21.18051,69.85456],[21.12672,69.81122],[21.17921,69.81949],[21.20655,69.8308],[21.22291,69.8454],[21.20924,69.90746],[21.32594,69.90746],[21.27052,69.92976],[21.20924,69.93476],[21.22527,69.97468],[21.2531,70.003],[21.28989,70.02106],[21.33277,70.03034],[21.39259,70.029],[21.55812,69.98941],[21.55633,69.97517],[21.56967,69.9654],[21.60646,69.95527],[21.57862,69.92792],[21.6089,69.91193],[21.68434,69.89012],[21.75766,69.88288],[21.90455,69.82543],[21.93092,69.80842],[21.94223,69.78734],[21.95729,69.77782],[22.05152,69.74982],[22.03419,69.74307],[21.97706,69.74982],[22.00017,69.74038],[22.06105,69.73338],[22.08627,69.73957],[22.09815,69.74982],[22.09205,69.75764],[22.05893,69.77025],[22.05616,69.79361],[21.91554,69.83857],[21.93702,69.8426],[21.99985,69.83515],[22.01808,69.8454],[22.01197,69.85952],[21.93002,69.87934],[21.92937,69.91047],[21.91359,69.94526],[21.92856,69.96271],[21.9214,69.97675],[21.92856,69.98314],[22.0241,69.9855],[22.03484,69.97944],[22.02475,69.95527],[22.05226,69.93842],[22.06137,69.95669],[22.05152,70.01675],[22.11362,70.02411],[22.11362,70.03034],[21.95086,70.01227],[21.8659,70.01191],[21.79835,70.03718],[21.83888,70.05512],[22.00514,70.06135],[22.08277,70.0965],[22.09441,70.1048],[22.09938,70.12035],[22.00782,70.10236],[21.98601,70.08906],[21.95826,70.08454],[21.8392,70.09243],[21.80502,70.07136],[21.71949,70.06061],[21.68849,70.06513],[21.61329,70.09858],[21.51336,70.0917],[21.48227,70.09858],[21.43897,70.13715],[21.43653,70.1496],[21.49659,70.17495],[21.35816,70.16405],[21.31227,70.16755],[21.28199,70.17626],[21.24684,70.19941],[21.20924,70.20848],[21.27036,70.23859],[21.4393,70.26948],[21.43523,70.25007],[21.44508,70.23786],[21.48976,70.20848],[21.48976,70.23298],[21.51027,70.2569],[21.51173,70.2934],[21.51775,70.30467],[21.53395,70.31684],[21.55299,70.32103],[21.58595,70.31216],[21.58912,70.2873],[21.61329,70.26992],[21.70948,70.25007],[21.79689,70.20628],[21.81935,70.17495],[21.87403,70.14704],[21.87965,70.16059],[21.86785,70.18867],[21.8589,70.19404],[21.86036,70.2023],[21.87582,70.20954],[21.89454,70.20848],[21.82732,70.22663],[21.80885,70.24018],[21.80568,70.25723],[21.82179,70.26862],[21.98683,70.32343],[22.03159,70.31834],[21.99147,70.29572],[21.9839,70.28425],[22.07203,70.30467],[22.10483,70.30415],[22.10759,70.24531],[22.1172,70.23347],[22.14088,70.23648],[22.15284,70.24653],[22.15317,70.25934],[22.14088,70.28425],[22.26743,70.29511],[22.30584,70.2873],[22.31511,70.27269],[22.3003,70.25511],[22.25758,70.22956],[22.27231,70.21792],[22.29176,70.16755],[22.23707,70.1402],[22.27467,70.13548],[22.40496,70.14704],[22.52475,70.12352],[22.55934,70.12661],[22.50734,70.14672],[22.32594,70.16755],[22.36061,70.21589],[22.37371,70.25007],[22.40065,70.25829],[22.46811,70.25991],[22.51295,70.25373],[22.55397,70.23835],[22.58709,70.24209],[22.60027,70.23648],[22.594,70.22207],[22.60369,70.21849],[22.6753,70.22313],[22.96705,70.20746],[22.9769,70.19888],[22.97055,70.18936],[22.8602,70.12621],[22.83668,70.12035],[22.73609,70.102],[22.5525,70.0856],[22.43458,70.08894],[22.39234,70.06782],[22.28492,70.04401],[22.3318,70.04043],[22.39503,70.0611],[22.64763,70.07567],[22.71372,70.09528],[22.8672,70.10602],[22.97853,70.14541],[23.01856,70.14704],[23.0027,70.11441],[22.99806,70.08218],[23.00115,70.06586],[23.02003,70.03807],[23.03224,70.03034],[23.11508,70.04304],[23.12843,70.03376],[23.1198,69.99897],[23.12436,69.98794],[23.14894,69.97574],[23.1233,69.96088],[23.09441,69.95527],[23.1255,69.9444],[23.28346,69.99339],[23.31414,69.99653],[23.33904,69.97773],[23.30958,69.94977],[23.32984,69.94839],[23.42058,69.97809],[23.4673,69.98579],[23.48463,70.00633],[23.53932,70.02411],[23.48854,70.03417],[23.29689,70.03978],[23.17555,70.09243],[23.22779,70.09764],[23.27565,70.11164],[23.35776,70.1153],[23.37924,70.12324],[23.40211,70.1402],[23.29908,70.16755],[23.32765,70.17536],[23.40309,70.18081],[23.42205,70.19546],[23.32862,70.19306],[23.28077,70.19847],[23.24391,70.21589],[23.27573,70.22504],[23.48764,70.23554],[23.50343,70.23753],[23.50514,70.24384],[23.53191,70.24384],[23.47047,70.25601],[23.29225,70.24384],[23.31284,70.25699],[23.39943,70.27863],[23.57081,70.29068],[23.61443,70.30467],[23.51197,70.29784],[23.54615,70.32514],[23.48276,70.3155],[23.46363,70.31834],[23.48227,70.33027],[23.51319,70.36555],[23.59059,70.38671],[23.64234,70.41112],[23.75099,70.44872],[23.84034,70.49706],[23.91798,70.50943],[24.18629,70.49396],[24.29802,70.47484],[24.35027,70.45624],[24.35743,70.46279],[24.35532,70.47199],[24.3152,70.4831],[24.23146,70.52383],[24.10271,70.54141],[24.26433,70.60627],[24.27231,70.61319],[24.28224,70.65754],[24.35239,70.69098],[24.40886,70.68146],[24.47771,70.6833],[24.64698,70.61799],[24.688,70.61432],[24.72348,70.62104],[24.73854,70.64423],[24.72486,70.66523],[24.66163,70.68818],[24.64226,70.70258],[24.65593,70.70938],[24.58815,70.72191],[24.5324,70.75039],[24.29233,70.76411],[24.26588,70.76992],[24.24513,70.78449],[24.26808,70.80024],[24.26938,70.83845],[24.39576,70.86689],[24.41627,70.85277],[24.40886,70.84593],[24.46583,70.83446],[24.46412,70.81802],[24.52027,70.81159],[24.57399,70.79877],[24.61606,70.77973],[24.63543,70.77977],[24.64967,70.79877],[24.62908,70.81558],[24.60076,70.82543],[24.61329,70.85936],[24.62867,70.8664],[24.7103,70.85904],[24.72486,70.87324],[24.63754,70.89395],[24.60816,70.89436],[24.62867,70.90803],[24.59474,70.91812],[24.57399,70.93529],[24.61305,70.9475],[24.65593,70.94961],[24.58766,70.96259],[24.66603,70.97769],[24.77418,70.96821],[24.80714,70.94721],[24.84742,70.93871],[24.8602,70.92837],[24.82049,70.90803],[24.98487,70.91425],[24.96811,70.92984],[24.98797,70.95816],[24.9712,70.96259],[24.9935,70.97207],[25.03346,70.97134],[25.06284,70.95759],[25.05323,70.92788],[24.98894,70.8913],[24.91603,70.87324],[24.93295,70.86762],[24.97136,70.87617],[25.00473,70.86164],[25.06739,70.85277],[25.06715,70.87303],[25.07602,70.88434],[25.1115,70.90933],[25.14259,70.9217],[25.15358,70.9195],[25.24187,70.86237],[25.26612,70.82543],[25.24562,70.79133],[25.26686,70.79426],[25.29477,70.81342],[25.34156,70.81244],[25.39226,70.88443],[25.39666,70.9007],[25.36061,70.92561],[25.34181,70.9527],[25.365,70.97614],[25.41822,70.96455],[25.53598,70.92292],[25.53728,70.91128],[25.51246,70.88691],[25.42311,70.85961],[25.44166,70.8415],[25.46567,70.84406],[25.51246,70.86982],[25.53883,70.8544],[25.5534,70.85277],[25.58888,70.88068],[25.66261,70.89533],[25.70574,70.89557],[25.75611,70.85961],[25.79054,70.88068],[25.8816,70.8957],[25.91041,70.88068],[25.92579,70.86367],[25.92514,70.8559],[25.89576,70.84955],[25.86866,70.83544],[25.82521,70.82746],[25.75327,70.78449],[25.72609,70.77546],[25.62916,70.76398],[25.6565,70.73603],[25.62013,70.71231],[25.55991,70.69904],[25.51246,70.67121],[25.44679,70.66193],[25.42799,70.6424],[25.35377,70.60716],[25.28712,70.59272],[25.23927,70.56476],[25.10109,70.5231],[25.07358,70.50332],[25.24594,70.5279],[25.28712,70.51073],[25.24252,70.48664],[25.05991,70.48965],[25.0975,70.47134],[25.24334,70.47842],[25.28712,70.45612],[25.26743,70.456],[25.2518,70.44806],[25.24594,70.43464],[25.26401,70.40534],[25.26466,70.39301],[25.2566,70.38638],[25.19777,70.40038],[25.15659,70.39395],[25.08106,70.35932],[25.13575,70.35309],[25.10548,70.33625],[25.10475,70.32534],[25.12208,70.31834],[25.18678,70.33934],[25.20395,70.33198],[25.20875,70.31672],[25.20134,70.30707],[24.97983,70.22944],[24.96469,70.19135],[24.97022,70.17682],[24.94679,70.15762],[24.94337,70.10236],[24.96339,70.08039],[25.00424,70.06403],[25.03712,70.06436],[25.03338,70.09243],[25.00603,70.1186],[25.01222,70.13398],[25.02752,70.14281],[25.09474,70.15388],[25.07358,70.12661],[25.12224,70.13227],[25.13575,70.12661],[25.09034,70.1166],[25.08106,70.10602],[25.11378,70.08246],[25.15943,70.08088],[25.2527,70.1013],[25.32439,70.18244],[25.39479,70.19969],[25.42954,70.22223],[25.45053,70.2495],[25.5171,70.2779],[25.54038,70.29784],[25.51726,70.31135],[25.42311,70.32514],[25.44109,70.34223],[25.65642,70.44062],[25.86915,70.56419],[25.92742,70.5764],[25.99057,70.60651],[26.01222,70.62621],[26.07081,70.71247],[26.1364,70.72305],[26.16359,70.7578],[26.25538,70.79743],[26.37428,70.86848],[26.61362,70.94912],[26.69117,70.9558],[26.6775,70.94213],[26.72535,70.92788],[26.71925,70.91616],[26.73276,70.89777],[26.73015,70.88788],[26.70826,70.86982],[26.66912,70.85961],[26.66383,70.84931],[26.66586,70.83804],[26.67994,70.82665],[26.73601,70.83861],[26.74578,70.83226],[26.74431,70.82347],[26.71909,70.805],[26.69158,70.77294],[26.68531,70.75458],[26.69117,70.73603],[26.64047,70.70661],[26.34164,70.64794],[26.37534,70.63837],[26.49936,70.66096],[26.53745,70.66185],[26.62306,70.65192],[26.65699,70.64053],[26.60182,70.55854],[26.60629,70.54438],[26.5608,70.51765],[26.55844,70.50414],[26.58131,70.47663],[26.52133,70.44839],[26.51303,70.43159],[26.52662,70.4077],[26.50587,70.36286],[26.55388,70.35309],[26.56764,70.35619],[26.59498,70.37979],[26.64959,70.37979],[26.63103,70.40111],[26.63445,70.41303],[26.66228,70.42642],[26.69272,70.42023],[26.7531,70.42731],[26.78053,70.43842],[26.79933,70.45466],[26.81227,70.47993],[26.94508,70.48286],[26.93149,70.46646],[26.94825,70.46247],[27.05128,70.47606],[27.10206,70.46979],[27.05437,70.48286],[27.02703,70.50332],[26.97609,70.52741],[26.96608,70.53807],[26.9909,70.54377],[27.00709,70.55854],[26.97291,70.56538],[27.0215,70.59894],[27.0809,70.61319],[27.11638,70.59951],[27.17107,70.59951],[27.26661,70.58527],[27.23512,70.60171],[27.12989,70.62621],[27.09986,70.6411],[27.10532,70.65575],[27.15675,70.68146],[27.0809,70.70258],[27.11061,70.72871],[27.13982,70.74063],[27.28696,70.74356],[27.31666,70.73896],[27.32944,70.74331],[27.3423,70.7578],[27.29371,70.7639],[27.28045,70.77473],[27.31088,70.81818],[27.32399,70.82363],[27.62965,70.805],[27.48015,70.82543],[27.48015,70.83226],[27.49537,70.83173],[27.53403,70.84593],[27.50001,70.8664],[27.47047,70.86595],[27.45346,70.87934],[27.39129,70.87637],[27.38331,70.88377],[27.38689,70.89167],[27.41049,70.91425],[27.35581,70.88691],[27.33513,70.88402],[27.19093,70.89496],[27.12257,70.9217],[27.1338,70.95002],[27.14869,70.96385],[27.17115,70.96686],[27.34897,70.94213],[27.33131,70.96076],[27.30787,70.9726],[27.23243,70.99677],[27.22169,71.01895],[27.25318,71.02631],[27.47641,71.00666],[27.50001,70.99364],[27.50856,70.96857],[27.52931,70.95547],[27.55421,70.95527],[27.57553,70.96882],[27.5643,70.99445],[27.58253,71.01728],[27.53305,71.02875],[27.52459,71.07441],[27.53403,71.08613],[27.5687,71.09723],[27.64234,71.09544],[27.65016,71.1271],[27.71551,71.10423],[27.72462,71.0904],[27.69801,71.06566],[27.72169,71.05972],[27.78785,71.05948],[27.87672,71.03775],[27.96363,71.04662],[27.99903,71.06582],[28.04322,71.07099],[28.0617,71.06566],[28.06397,71.04995],[28.08106,71.04096],[28.14519,71.07404],[28.19142,71.08613],[28.23276,71.07803],[28.25245,71.06843],[28.261,71.05573],[28.25229,71.03937],[28.21193,71.02778],[28.1989,71.01728],[28.21925,71.01728],[28.19996,71.01118],[28.18523,70.99677],[28.23976,71.01105],[28.22633,70.99282],[28.20509,70.9831],[28.23308,70.97704],[28.34343,71.00422],[28.49147,70.99982],[28.54607,70.97993],[28.54884,70.9726],[28.52931,70.93919],[28.50571,70.91987],[28.48316,70.88947],[28.44321,70.88394],[28.36948,70.88691],[28.38356,70.87499],[28.44516,70.8664],[28.39747,70.84711],[28.34343,70.84593],[28.34343,70.83975],[28.36329,70.82543],[28.22543,70.83226],[28.30128,70.81244],[28.26588,70.79499],[28.1797,70.78286],[28.13738,70.78449],[28.0617,70.79877],[28.02312,70.79291],[28.00953,70.79613],[28.01384,70.81244],[27.99879,70.81574],[27.95069,70.79776],[27.76002,70.79133],[27.77638,70.78148],[27.8283,70.77082],[27.78248,70.75519],[27.77369,70.74356],[27.89967,70.76821],[27.98683,70.75702],[28.00668,70.74286],[28.08082,70.74567],[28.13054,70.73603],[28.07244,70.70327],[27.93344,70.68708],[27.86988,70.66779],[27.87672,70.66096],[27.79314,70.63679],[27.65016,70.60635],[27.79469,70.61367],[28.15382,70.67792],[28.25343,70.71638],[28.28338,70.71849],[28.30128,70.70258],[28.28785,70.65375],[28.23316,70.61518],[28.16652,70.58747],[28.05795,70.55541],[27.9944,70.52652],[27.91188,70.51162],[27.87379,70.4986],[27.84938,70.48286],[27.86997,70.45856],[27.88356,70.42821],[27.91456,70.47321],[27.945,70.48916],[27.97975,70.49706],[27.93816,70.46979],[28.0586,70.49299],[28.18523,70.50332],[28.08009,70.47712],[28.05177,70.45954],[28.04086,70.44477],[28.08766,70.45148],[28.13054,70.46979],[28.10402,70.45433],[28.10759,70.44571],[28.12713,70.44184],[28.17775,70.47663],[28.25294,70.51008],[28.29363,70.51797],[28.3353,70.51765],[28.32211,70.49698],[28.26401,70.46638],[28.16065,70.3828],[28.15846,70.36811],[28.17335,70.33295],[28.15724,70.28425],[28.15789,70.2473],[28.17791,70.18228],[28.17775,70.15388],[28.16725,70.13548],[28.09978,70.08812],[28.03989,70.07127],[28.01384,70.07136],[28.06625,70.06318],[28.1281,70.08161],[28.18393,70.11555],[28.21925,70.15388],[28.22543,70.17402],[28.1989,70.21589],[28.20436,70.2458],[28.19142,70.28425],[28.19557,70.30158],[28.22543,70.34565],[28.23268,70.39911],[28.25815,70.42097],[28.32081,70.43891],[28.32911,70.46979],[28.35336,70.48379],[28.39039,70.49335],[28.42897,70.49604],[28.45883,70.48965],[28.45623,70.47199],[28.46925,70.45515],[28.48927,70.44526],[28.50734,70.44872],[28.51173,70.45799],[28.5005,70.48286],[28.52573,70.49787],[28.55502,70.50332],[28.55502,70.51073],[28.45883,70.51765],[28.39747,70.54829],[28.4017,70.55899],[28.47926,70.62621],[28.49342,70.65803],[28.51686,70.67817],[28.61354,70.67381],[28.62029,70.67829],[28.61036,70.68891],[28.5407,70.70893],[28.52622,70.72175],[28.55502,70.75039],[28.64308,70.78925],[28.7256,70.84894],[28.79469,70.87324],[29.08269,70.88068],[29.1045,70.87303],[29.06227,70.8664],[29.06227,70.85961],[29.22136,70.85541],[29.2614,70.83975],[29.26482,70.81517],[29.2824,70.80512],[29.3812,70.79291],[29.4048,70.78449],[29.38054,70.76944],[29.29493,70.74356],[29.32211,70.73493],[29.41782,70.73603],[29.37257,70.72386],[29.32228,70.72305],[29.33774,70.70844],[29.36378,70.70938],[29.3519,70.6953],[29.28142,70.68146],[29.29493,70.67463],[29.28142,70.66096],[29.30641,70.6529],[29.32887,70.65998],[29.36997,70.68891],[29.3921,70.69733],[29.51775,70.70588],[29.69956,70.74372],[29.74578,70.74274],[29.77898,70.72655],[29.7815,70.68891],[29.76197,70.6645],[29.70265,70.63959],[29.67921,70.62002],[29.82309,70.63369],[29.83953,70.63939],[29.87037,70.66437],[29.95916,70.70466],[29.99383,70.71308],[30.06959,70.71556],[30.10475,70.71076],[30.2068,70.68146],[30.18605,70.6647],[30.09693,70.64794],[30.13071,70.63882],[30.2409,70.63369],[30.33693,70.60615],[30.34734,70.59614],[30.32691,70.58491],[30.26466,70.56977],[30.12477,70.5517],[30.12477,70.54487],[30.15984,70.54145],[30.16521,70.53124],[30.04135,70.54438],[30.00074,70.54487],[30.00074,70.53807],[30.1631,70.5246],[30.45631,70.56122],[30.50164,70.55854],[30.5818,70.54218],[30.59913,70.52977],[30.56235,70.51765],[30.73194,70.46817],[30.74122,70.44184],[30.78663,70.42064],[30.81235,70.4147],[30.83741,70.43171],[30.92604,70.45612],[30.94695,70.45002],[30.9734,70.42121],[31.00563,70.409],[31.06332,70.36677],[31.01938,70.33991],[31.02174,70.32514],[31.06642,70.30048],[31.077,70.28425],[31.04119,70.28486],[30.9336,70.26374],[30.54884,70.24868],[30.51515,70.23908],[30.51466,70.21589],[30.48894,70.20307],[30.39861,70.19546],[30.37485,70.18586],[30.35776,70.17324],[30.35743,70.16128],[30.38429,70.15388],[30.35524,70.12971],[30.31707,70.11738],[30.11948,70.08491],[30.11793,70.07807],[30.15895,70.07136],[29.22047,70.12035],[29.22674,70.12035],[28.65366,70.18232],[28.61655,70.17691],[28.59669,70.16132],[28.75367,70.16755],[28.73259,70.14932],[28.69011,70.1341],[28.61036,70.12035],[28.6294,70.10712],[28.66481,70.1],[28.73268,70.09858],[28.78647,70.11115],[28.84995,70.09858],[28.84995,70.09243],[28.75904,70.09357],[28.73268,70.0856],[28.92408,70.07388],[28.99334,70.05585],[29.13795,70.0576],[29.12428,70.04401],[29.18312,70.0434],[29.19256,70.03718],[29.13038,70.01675],[29.15838,70.00922],[29.34343,70.01675],[29.38941,70.00487],[29.68588,69.96955],[29.44011,69.90082],[29.39829,69.86957],[29.36378,69.85969],[29.41326,69.85692],[29.4358,69.86237],[29.47145,69.88784],[29.53517,69.91425],[29.56365,69.91303],[29.60434,69.90127],[29.62989,69.90705],[29.66725,69.90135],[29.71437,69.91364],[29.74122,69.90746],[29.73162,69.89444],[29.74627,69.87743],[29.74122,69.86587],[29.7754,69.83857],[29.75538,69.82884],[29.73699,69.80292],[29.64926,69.77192],[29.64503,69.75601],[29.62485,69.7541],[29.58969,69.72248],[29.50799,69.70881],[29.54347,69.70832],[29.48731,69.66108],[29.5215,69.66844],[29.56723,69.69489],[29.68002,69.73542],[29.82097,69.74396],[29.90162,69.73631],[30.03045,69.77595],[30.06275,69.77025],[30.04347,69.76142],[30.00099,69.72557],[29.9367,69.70576],[29.9393,69.68773],[29.95232,69.70523],[30.02858,69.72248],[30.07114,69.73994],[30.08082,69.73867],[30.11451,69.7062],[30.17514,69.68635],[30.18629,69.68773],[30.188,69.69571],[30.11061,69.75601],[30.18897,69.76252],[30.2068,69.77025],[30.209,69.78441],[30.15895,69.81122],[30.16798,69.84663],[30.16521,69.87954],[30.2409,69.87954],[30.28924,69.88654],[30.32399,69.86713],[30.31821,69.85928],[30.26881,69.8454],[30.29949,69.8382],[30.37184,69.8476],[30.39861,69.83857],[30.4026,69.83124],[30.41228,69.7805],[30.40984,69.7023],[30.38819,69.68036],[30.33709,69.67406],[30.3602,69.66747],[30.44353,69.67841],[30.45248,69.71503],[30.44744,69.73334],[30.46209,69.73774],[30.46656,69.74702],[30.45183,69.78168],[30.45997,69.79076],[30.45069,69.81029],[30.48292,69.81818],[30.69874,69.80854],[30.72055,69.79759],[30.70672,69.79279],[30.70037,69.78343],[30.70314,69.7744],[30.71697,69.77025],[30.84095,69.80584],[30.84399,69.76623],[30.87706,69.73761],[30.8843,69.70236],[30.9277,69.67213],[30.92703,69.57839],[30.89825,69.54423],[30.85298,69.52744],[30.75531,69.52149],[30.51166,69.53633],[30.29436,69.62025],[30.23069,69.6373],[30.18615,69.64133],[30.11907,69.63456],[30.14863,69.61849],[30.20878,69.60867],[30.22015,69.60025],[30.22868,69.58206],[30.23162,69.55834],[30.2247,69.54082],[30.21064,69.52821],[30.15483,69.50609],[30.14501,69.49106],[30.13736,69.45297],[30.12341,69.44191],[30.00176,69.39458],[29.94807,69.36559],[29.90069,69.35825],[29.75139,69.35716],[29.66184,69.32502],[29.60427,69.3152],[29.43456,69.31184],[29.37679,69.30161],[29.33452,69.27738],[29.30744,69.22632],[29.30227,69.20084],[29.26879,69.16668],[29.24047,69.11506],[29.22104,69.09842],[29.12027,69.04685],[29.06477,69.0347],[29.00813,69.03692],[28.95408,69.02726],[28.83961,69.08028],[28.82757,69.09077],[28.82695,69.10684],[28.84411,69.18126],[28.85217,69.20353],[28.86478,69.2166],[29.22925,69.37685],[29.34454,69.46439],[29.20316,69.58599],[29.14714,69.66391],[29.13122,69.6742],[28.44269,69.79145],[28.40455,69.80225],[28.37974,69.82235],[28.38119,69.8562],[28.18927,69.88604],[28.16736,69.89434],[27.98101,70.0096],[27.92716,70.05327],[27.89729,70.07068],[27.86691,70.07531],[27.79218,70.05893],[27.66506,70.06828],[27.61256,70.06206],[27.57091,70.04089],[27.56331,70.02358],[27.44523,70.00322],[27.38094,69.97426],[27.33454,69.96862],[27.32317,69.95968],[27.35242,69.9487],[27.3118,69.92948],[27.10034,69.90175],[27.00753,69.92245],[26.9511,69.92015],[26.86459,69.93808],[26.77189,69.92839],[26.70698,69.93506],[26.53386,69.92524],[26.50069,69.91832],[26.48105,69.8994],[26.43588,69.87424],[26.44787,69.85605],[26.41873,69.83563],[26.31682,69.79491],[26.19828,69.71544],[26.03198,69.69668],[26.00511,69.68934],[25.96883,69.66319],[25.9617,69.65255],[25.96439,69.64267],[26.00511,69.61084],[26.00397,69.58718],[25.9862,69.56542],[25.96026,69.54868],[25.90021,69.53204],[25.88667,69.52087],[25.90641,69.50186],[25.88574,69.47912],[25.88667,69.45519],[25.8414,69.41778],[25.87737,69.37081],[25.78662,69.31277],[25.77453,69.29882],[25.73722,69.2182],[25.73412,69.19133],[25.77122,69.13511],[25.76047,69.11516],[25.75903,69.08204],[25.75024,69.05925],[25.76513,69.04338],[25.76585,69.03067],[25.80109,69.01315],[25.80471,69.00612],[25.79582,68.99331],[25.75386,68.97837],[25.72637,68.94246],[25.69485,68.92561],[25.65164,68.8835],[25.62777,68.87414],[25.60245,68.87213],[25.48106,68.88773],[25.43393,68.88386],[25.38722,68.87456],[25.20128,68.81265],[25.16273,68.78459],[25.14961,68.76464],[25.14309,68.69596],[25.13214,68.67658],[25.14423,68.66801],[25.13245,68.64765],[25.11757,68.63767],[25.00688,68.61457],[24.98125,68.61509],[24.95179,68.60506],[24.92709,68.57039],[24.90518,68.55695],[24.87924,68.55483],[24.86094,68.56341],[24.82963,68.59411],[24.75418,68.63788],[24.66343,68.66609],[24.3325,68.70862],[24.18688,68.74454],[24.13117,68.77617],[23.92901,68.81621],[23.85263,68.81668],[23.78721,68.79978],[23.76798,68.75596],[23.73481,68.71545],[23.64158,68.69498],[23.48159,68.68563],[23.19758,68.61804],[23.17536,68.62165],[23.07149,68.68087],[23.0193,68.68671],[22.85166,68.67571],[22.57013,68.72681],[22.42874,68.71007],[22.40921,68.71291],[22.3967,68.73183],[22.37138,68.82262],[22.35681,68.83275],[22.27722,68.85745],[22.20023,68.90846],[22.16074,68.9561],[22.02308,69.01202],[21.66289,69.26322],[21.63881,69.27138],[21.31356,69.29143],[21.09838,69.2395],[21.07967,69.23014],[21.03358,69.18121],[21.15636,69.08762],[21.099,69.0438],[21.07151,69.03667],[20.7444,69.10436],[20.7166,69.09878],[20.62317,69.03636]]],[[[14.87241,68.22272],[14.81381,68.23184],[14.79558,68.24616],[14.81772,68.2683],[14.88673,68.30085],[14.94012,68.30215],[14.95314,68.27741],[14.89715,68.24356],[14.87241,68.22272]]],[[[14.19923,68.31517],[14.2409,68.31387],[14.26824,68.28262],[14.2422,68.25658],[14.20053,68.24877],[14.14324,68.27351],[14.13803,68.28522],[14.14584,68.29564],[14.0586,68.29694],[14.04037,68.31257],[14.07944,68.31517],[14.06642,68.3321],[14.1172,68.33731],[14.14715,68.3347],[14.16928,68.32168],[14.19923,68.31517]]],[[[14.02784,68.26264],[14.08725,68.28262],[14.12501,68.27481],[14.15887,68.25528],[14.11069,68.2071],[14.06202,68.20116],[14.03403,68.18073],[13.94777,68.17768],[13.91041,68.16767],[13.87631,68.18073],[13.85581,68.16275],[13.84197,68.15961],[13.7741,68.15961],[13.78468,68.14692],[13.82472,68.14313],[13.8423,68.13227],[13.84596,68.12055],[13.82569,68.10676],[13.7741,68.10196],[13.76027,68.10497],[13.74952,68.12328],[13.72267,68.12303],[13.69825,68.09813],[13.71876,68.07762],[13.69899,68.07026],[13.64373,68.07087],[13.65113,68.07762],[13.62322,68.08511],[13.62468,68.10786],[13.5949,68.12055],[13.55885,68.11961],[13.54127,68.10155],[13.54737,68.09081],[13.56479,68.08177],[13.54737,68.07087],[13.52719,68.0434],[13.51287,68.04051],[13.45672,68.07099],[13.48569,68.10684],[13.58912,68.15961],[13.563,68.16421],[13.50994,68.13671],[13.47926,68.13227],[13.47926,68.13972],[13.50074,68.14399],[13.51336,68.15961],[13.47926,68.16706],[13.5276,68.17329],[13.47926,68.18692],[13.51564,68.2097],[13.6159,68.22663],[13.58229,68.23591],[13.50001,68.24226],[13.63673,68.29434],[13.67791,68.29059],[13.71502,68.27464],[13.75001,68.28262],[13.77084,68.28002],[13.79119,68.26805],[13.80812,68.27416],[13.87371,68.32559],[13.91928,68.34121],[13.98308,68.33731],[14.00782,68.29434],[13.96746,68.2696],[13.9935,68.25788],[14.02784,68.26264]]],[[[14.76303,68.49486],[14.71746,68.49095],[14.70444,68.51309],[14.62631,68.54304],[14.60418,68.55866],[14.6198,68.57038],[14.66928,68.58731],[14.71355,68.57689],[14.8672,68.56908],[15.00001,68.55476],[14.99865,68.53519],[14.99111,68.53062],[14.89194,68.49486],[14.76303,68.49486]]],[[[5.27687,59.29926],[5.27898,59.29255],[5.3141,59.2736],[5.31793,59.25654],[5.31738,59.22885],[5.30236,59.2055],[5.29709,59.16888],[5.23593,59.14106],[5.20855,59.14289],[5.18843,59.15725],[5.16617,59.19568],[5.17312,59.26871],[5.16528,59.27343],[5.17872,59.29222],[5.22828,59.28559],[5.18279,59.32001],[5.17384,59.33405],[5.17449,59.34927],[5.19874,59.36188],[5.20851,59.37494],[5.18849,59.38398],[5.18002,59.40058],[5.18588,59.41474],[5.20851,59.41596],[5.24488,59.36921],[5.25392,59.34797],[5.28028,59.33027],[5.28647,59.32038],[5.27882,59.31013],[5.27687,59.29926]]],[[[5.30714,59.75861],[5.31764,59.75227],[5.34498,59.71015],[5.29078,59.68354],[5.27003,59.68285],[5.27003,59.68968],[5.31031,59.70332],[5.28932,59.74982],[5.27003,59.75178],[5.27345,59.73501],[5.26059,59.73387],[5.2256,59.75519],[5.19418,59.74494],[5.18995,59.7364],[5.19418,59.71385],[5.15398,59.66983],[5.16017,59.65522],[5.20851,59.68285],[5.188,59.6555],[5.20151,59.63312],[5.19418,59.62141],[5.20167,59.61457],[5.17709,59.59748],[5.15284,59.59162],[5.11541,59.63605],[5.11166,59.65241],[5.11671,59.6857],[5.13136,59.71198],[5.188,59.75861],[5.12485,59.76187],[5.11842,59.77904],[5.08953,59.76227],[5.07618,59.7663],[5.07065,59.78278],[5.07618,59.79462],[5.09742,59.80931],[5.09864,59.82746],[5.11842,59.82001],[5.12843,59.83161],[5.14649,59.82746],[5.13893,59.84081],[5.10483,59.86848],[5.15398,59.87466],[5.16831,59.85],[5.19418,59.83369],[5.22023,59.82661],[5.22722,59.80732],[5.25978,59.80268],[5.29322,59.76447],[5.30714,59.75861]]],[[[5.48911,59.86103],[5.49781,59.80341],[5.4817,59.78791],[5.42189,59.75898],[5.38966,59.75861],[5.36329,59.76407],[5.35816,59.7722],[5.39959,59.77123],[5.40651,59.77904],[5.40187,59.7873],[5.37794,59.79291],[5.36638,59.78046],[5.35231,59.77766],[5.3143,59.78945],[5.28484,59.84821],[5.25636,59.87466],[5.26197,59.89509],[5.25017,59.90941],[5.29754,59.95099],[5.2754,59.95966],[5.29493,59.97382],[5.31398,59.97822],[5.33766,59.97199],[5.34498,59.96406],[5.38819,59.95775],[5.42066,59.93838],[5.46803,59.88207],[5.48911,59.86103]]],[[[5.61915,60.07392],[5.65675,60.07884],[5.66041,60.06647],[5.66041,60.01691],[5.65284,60.00092],[5.60524,59.96223],[5.60613,59.95051],[5.6399,59.9156],[5.62241,59.9112],[5.59156,59.9228],[5.57154,59.92304],[5.52809,59.90176],[5.50807,59.89912],[5.48911,59.9156],[5.47682,59.96296],[5.45427,59.95099],[5.41017,59.95767],[5.37241,59.97769],[5.36183,59.99535],[5.37526,60.00251],[5.44939,60.00503],[5.45362,60.00959],[5.43971,60.03242],[5.46168,60.0528],[5.48414,60.04637],[5.51295,60.06025],[5.57789,60.06647],[5.59457,60.05996],[5.61061,60.07343],[5.61915,60.07392]]],[[[5.11166,60.20051],[5.1032,60.19074],[5.05714,60.19367],[5.03582,60.23794],[5.02296,60.24518],[5.01743,60.22077],[4.99301,60.22529],[4.94793,60.25886],[4.9358,60.28555],[4.94142,60.29125],[4.99244,60.29702],[5.02296,60.2862],[5.03663,60.31346],[5.02019,60.30768],[4.97096,60.33283],[4.96078,60.36811],[4.97193,60.38398],[4.9546,60.40595],[4.94459,60.43024],[4.9489,60.43915],[4.97682,60.44123],[5.00221,60.39997],[5.07065,60.3476],[5.09376,60.32022],[5.09767,60.29816],[5.08286,60.28555],[5.0503,60.2862],[5.05844,60.27521],[5.09864,60.25141],[5.11069,60.21532],[5.11166,60.20051]]],[[[4.97779,60.52432],[4.96078,60.55988],[4.98194,60.55305],[5.02638,60.52289],[5.15016,60.50137],[5.19418,60.47114],[5.20476,60.44916],[5.20436,60.43183],[5.19239,60.41877],[5.1399,60.40184],[5.12501,60.40241],[5.11573,60.42805],[5.13282,60.44379],[5.07895,60.45555],[5.06446,60.46491],[5.07814,60.47114],[5.07814,60.47797],[5.06332,60.47679],[5.05372,60.50214],[5.04396,60.50641],[5.00587,60.49844],[4.99057,60.50617],[4.97779,60.52432]]],[[[5.68767,60.67658],[5.68767,60.61172],[5.674,60.54682],[5.68141,60.48168],[5.67596,60.47289],[5.62452,60.46686],[5.6089,60.44379],[5.50213,60.43696],[5.43556,60.47651],[5.39283,60.51211],[5.32399,60.54682],[5.40903,60.55801],[5.43434,60.57783],[5.58155,60.63223],[5.59156,60.67658],[5.60841,60.68842],[5.63608,60.69261],[5.6657,60.68879],[5.68767,60.67658]]],[[[4.96078,61.17744],[4.98731,61.1197],[4.98536,61.10489],[4.89381,61.0561],[4.8755,61.08979],[4.85841,61.10114],[4.82057,61.07754],[4.80323,61.04654],[4.79526,61.08291],[4.79021,61.14614],[4.79461,61.15375],[4.81837,61.15542],[4.83058,61.16324],[4.85133,61.1293],[4.86329,61.12173],[4.87208,61.13646],[4.86996,61.15013],[4.84474,61.19733],[4.86248,61.20344],[4.87281,61.19465],[4.89527,61.13736],[4.9061,61.14643],[4.90008,61.16999],[4.93426,61.17744],[4.91993,61.19111],[4.95289,61.18513],[4.96078,61.17744]]],[[[4.86524,61.88939],[4.90952,61.89818],[4.95297,61.89696],[5.22283,61.84846],[5.20541,61.83393],[5.17661,61.82567],[5.11842,61.82111],[5.13868,61.83735],[5.13746,61.84736],[5.12599,61.85586],[5.09059,61.82811],[5.0534,61.80878],[5.01295,61.7958],[4.91627,61.78095],[4.88966,61.7851],[4.87208,61.8006],[4.87078,61.81338],[4.90008,61.80744],[4.92677,61.82795],[4.82944,61.83422],[4.80323,61.84162],[4.86492,61.87303],[4.86524,61.88939]]],[[[5.73609,62.28046],[5.80112,62.27741],[5.80445,62.26679],[5.78533,62.25169],[5.78582,62.23847],[5.79754,62.232],[5.7907,62.21499],[5.77833,62.20742],[5.70143,62.19107],[5.54689,62.19269],[5.53004,62.19782],[5.51393,62.2202],[5.50213,62.22582],[5.58326,62.21841],[5.60572,62.22582],[5.51808,62.24315],[5.5394,62.25825],[5.5573,62.25995],[5.54371,62.27302],[5.56324,62.29141],[5.59848,62.29702],[5.67058,62.29409],[5.69646,62.30166],[5.72657,62.28181],[5.73609,62.28046]]],[[[5.98862,62.39647],[5.99952,62.36612],[6.07879,62.34186],[6.03712,62.33503],[5.87403,62.25544],[5.81129,62.24567],[5.85157,62.28046],[5.83172,62.28661],[5.84108,62.31306],[5.81121,62.34345],[5.80445,62.36237],[5.8156,62.38573],[5.8366,62.40322],[5.88624,62.42381],[5.94386,62.42805],[5.96746,62.4173],[5.98862,62.39647]]],[[[6.26303,62.42381],[6.3213,62.42284],[6.33253,62.41079],[6.31837,62.40396],[6.16505,62.39655],[6.09067,62.40241],[6.02345,62.43744],[6.21656,62.44135],[6.26303,62.42381]]],[[[6.85279,62.74592],[6.90447,62.73261],[6.91944,62.71719],[6.91407,62.69819],[6.7492,62.67646],[6.67237,62.65599],[6.66277,62.67512],[6.64666,62.67829],[6.64666,62.68452],[6.68141,62.69819],[6.67481,62.71719],[6.68474,62.73017],[6.70314,62.73578],[6.72242,62.7329],[6.71559,62.72549],[6.74399,62.72289],[6.85279,62.74592]]],[[[6.83229,62.84154],[6.92433,62.85659],[6.94215,62.84154],[6.94215,62.82591],[6.89633,62.81981],[6.88006,62.80801],[6.90382,62.79035],[6.90056,62.7801],[6.88673,62.77509],[6.77036,62.81696],[6.77223,62.82217],[6.80421,62.82225],[6.785,62.83222],[6.7776,62.84894],[6.79005,62.85765],[6.80567,62.8544],[6.83229,62.84154]]],[[[7.77817,63.08173],[7.84864,63.09805],[7.88673,63.09976],[7.91472,63.08173],[7.89991,63.06269],[7.87338,63.04511],[7.84303,63.03217],[7.77817,63.02025],[7.75367,63.03335],[7.68133,63.05508],[7.68133,63.06126],[7.69907,63.06196],[7.71274,63.08857],[7.73325,63.09553],[7.77817,63.08173]]],[[[7.64039,63.05508],[7.65203,63.05199],[7.68133,63.02025],[7.70631,63.00666],[7.6644,62.99307],[7.62403,62.98965],[7.52654,62.94603],[7.49024,62.94522],[7.46534,62.96548],[7.39291,62.97964],[7.36655,62.99673],[7.37574,63.00605],[7.43556,63.02025],[7.41733,63.03604],[7.42075,63.0432],[7.43556,63.04755],[7.40138,63.05508],[7.40138,63.06126],[7.49024,63.06806],[7.47641,63.05508],[7.50489,63.05439],[7.52703,63.04662],[7.5652,63.02025],[7.57504,63.04426],[7.56316,63.0506],[7.59555,63.06464],[7.60613,63.07844],[7.60548,63.08991],[7.58513,63.11652],[7.62062,63.11762],[7.6478,63.10969],[7.64959,63.0694],[7.64039,63.05508]]],[[[8.11329,63.23941],[8.15561,63.21088],[8.17075,63.19139],[8.16798,63.17792],[8.18849,63.16494],[8.18849,63.15746],[8.02019,63.13793],[7.97682,63.14321],[7.9284,63.17792],[7.93776,63.1861],[7.99049,63.19843],[8.04713,63.23062],[8.07781,63.24116],[8.11329,63.23941]]],[[[8.4839,63.24681],[8.54803,63.2189],[8.57472,63.19961],[8.56577,63.17792],[8.42319,63.16108],[8.37403,63.16494],[8.3449,63.17646],[8.26417,63.23261],[8.27296,63.26752],[8.28842,63.27717],[8.32594,63.25959],[8.35353,63.26728],[8.39601,63.22687],[8.40821,63.23941],[8.40138,63.27204],[8.41049,63.28339],[8.42872,63.28779],[8.45924,63.27338],[8.4839,63.24681]]],[[[7.91472,63.34248],[7.99733,63.34248],[7.96388,63.35318],[7.80633,63.37128],[7.78679,63.38276],[7.79119,63.40388],[7.77817,63.41132],[7.83774,63.42878],[7.92384,63.43732],[7.97543,63.46516],[8.00408,63.47281],[8.07057,63.47329],[8.10076,63.46406],[8.12436,63.42597],[8.17205,63.40607],[8.18165,63.3902],[8.13844,63.3509],[8.09978,63.34248],[8.08668,63.3288],[8.03826,63.3288],[7.97682,63.31513],[7.97381,63.32591],[7.93312,63.33478],[7.91472,63.34248]]],[[[9.13868,63.56778],[9.17604,63.56778],[9.17604,63.5622],[9.14186,63.55476],[9.10678,63.53327],[8.85857,63.48701],[8.71803,63.48404],[8.66228,63.46833],[8.57325,63.45913],[8.50359,63.43423],[8.39031,63.43382],[8.33302,63.45913],[8.31853,63.44709],[8.29933,63.4455],[8.28826,63.44855],[8.2824,63.45506],[8.28468,63.46654],[8.27784,63.46654],[8.28842,63.48672],[8.31723,63.51317],[8.41334,63.55781],[8.61801,63.57075],[8.69109,63.56342],[8.72348,63.56778],[8.68181,63.5788],[8.58465,63.5871],[8.54526,63.60248],[8.56471,63.61188],[8.6211,63.60993],[8.78826,63.64004],[8.82765,63.63959],[8.83334,63.61677],[8.84645,63.61591],[8.85475,63.61982],[8.86069,63.64033],[8.86818,63.64619],[8.96518,63.65624],[8.97731,63.64411],[8.95688,63.63044],[8.97438,63.62027],[8.98829,63.59276],[9.04868,63.60798],[9.08009,63.60619],[9.12135,63.58198],[9.12672,63.56908],[9.13868,63.56778]]],[[[8.36036,63.67137],[8.31349,63.66816],[8.27174,63.68505],[8.33155,63.70181],[8.51808,63.71979],[8.74342,63.7744],[8.70851,63.77924],[8.67506,63.76756],[8.6823,63.7801],[8.73715,63.80915],[8.75245,63.80195],[8.80543,63.81538],[8.79176,63.79491],[8.80535,63.79096],[8.81072,63.78164],[8.81284,63.76073],[8.82553,63.73408],[8.82586,63.71979],[8.792,63.69806],[8.74342,63.68793],[8.54526,63.67764],[8.47584,63.66429],[8.4559,63.67137],[8.52556,63.69184],[8.4559,63.67764],[8.44166,63.68505],[8.41432,63.68285],[8.36036,63.67137]]],[[[11.28631,64.55899],[11.31218,64.54011],[11.42563,64.53974],[11.45143,64.51496],[11.43897,64.5069],[11.41676,64.47272],[11.39145,64.48273],[11.31577,64.48798],[11.28387,64.51325],[11.24692,64.51529],[11.18019,64.50747],[11.12867,64.55585],[11.14161,64.57127],[11.22486,64.56952],[11.19174,64.59561],[11.08399,64.58828],[11.04298,64.59992],[11.03736,64.61445],[11.05397,64.64395],[11.06658,64.65144],[11.08578,64.65205],[11.14235,64.63101],[11.22926,64.61127],[11.26938,64.59223],[11.28631,64.55899]]],[[[11.09108,64.9016],[11.00571,64.89851],[10.90691,64.85741],[10.82691,64.85008],[10.82691,64.85757],[11.10133,64.95311],[11.16717,64.93732],[11.20688,64.90913],[11.2658,64.89851],[11.26637,64.8937],[11.17628,64.84862],[11.13217,64.83885],[11.0809,64.83584],[11.08774,64.85008],[11.06756,64.85472],[11.04607,64.85008],[11.04607,64.85757],[11.08025,64.87507],[11.09205,64.88963],[11.09108,64.9016]]],[[[10.84116,64.87739],[10.73813,64.85008],[10.74513,64.86371],[10.71095,64.86371],[10.73048,64.87222],[10.76564,64.91836],[10.78387,64.92402],[10.87176,64.92768],[11.03248,64.97297],[11.03346,64.98823],[11.05934,64.99042],[11.115,64.97297],[10.96502,64.91869],[10.89894,64.90827],[10.84116,64.87739]]],[[[12.22486,65.12377],[12.30909,65.11058],[12.30047,65.0965],[12.27027,65.08071],[12.1565,65.05549],[11.99985,65.0751],[11.97902,65.08283],[12.04835,65.0854],[12.04347,65.107],[12.06056,65.11762],[12.12233,65.13129],[12.10759,65.12897],[12.09278,65.13556],[12.08815,65.14492],[12.09506,65.17841],[12.11394,65.19257],[12.16725,65.21113],[12.19093,65.21381],[12.20802,65.20726],[12.24098,65.1787],[12.27166,65.16462],[12.25856,65.1479],[12.22486,65.12377]]],[[[12.45143,65.42609],[12.47495,65.4029],[12.5066,65.39814],[12.49187,65.38752],[12.45875,65.38227],[12.44459,65.37084],[12.39243,65.36017],[12.33644,65.33153],[12.21111,65.32465],[12.20428,65.31932],[12.21119,65.30256],[12.24773,65.28046],[12.18385,65.2473],[12.08058,65.21503],[12.05348,65.21996],[12.07732,65.23363],[12.12233,65.30256],[12.08074,65.30878],[12.12224,65.35733],[12.14283,65.364],[12.18068,65.35102],[12.21119,65.37763],[12.21119,65.38508],[12.18377,65.38349],[12.16082,65.39582],[12.21119,65.42609],[12.32846,65.46703],[12.31422,65.49494],[12.25856,65.47297],[12.22902,65.46849],[12.19744,65.47386],[12.23219,65.48749],[12.20436,65.48749],[12.24041,65.52607],[12.24529,65.54149],[12.22486,65.54898],[12.25864,65.57461],[12.27426,65.58173],[12.29737,65.56607],[12.32472,65.53193],[12.39731,65.50755],[12.44459,65.46703],[12.44654,65.43842],[12.45143,65.42609]]],[[[12.00514,65.6896],[11.99977,65.67805],[11.95786,65.66502],[11.97299,65.64956],[11.97145,65.63154],[11.91684,65.58999],[11.90707,65.59032],[11.8899,65.60419],[11.85939,65.59838],[11.84864,65.60419],[11.86915,65.61042],[11.84742,65.61416],[11.7798,65.607],[11.75929,65.61791],[11.785,65.6603],[11.82447,65.69302],[11.92612,65.70873],[11.95444,65.69644],[11.99789,65.70014],[12.00514,65.6896]]],[[[12.69801,65.99775],[12.7409,66.01358],[12.8003,66.02481],[12.86004,66.0268],[12.90382,66.01508],[12.89015,66.00145],[12.85768,66.00047],[12.73406,65.97557],[12.67482,65.95222],[12.62338,65.94213],[12.49269,65.87979],[12.46583,65.87328],[12.43092,65.87108],[12.47071,65.88752],[12.47869,65.89838],[12.36883,65.89159],[12.38356,65.90648],[12.43092,65.93256],[12.47242,65.98094],[12.49122,65.99063],[12.60133,66.02167],[12.62721,66.02302],[12.65008,66.01508],[12.60857,65.97993],[12.61524,65.97419],[12.67953,65.98876],[12.69801,65.99775]]],[[[12.57423,66.07591],[12.53338,66.0607],[12.2942,66.01508],[12.33473,66.04243],[12.38006,66.05659],[12.4297,66.0871],[12.41717,66.09024],[12.34213,66.07591],[12.34213,66.08344],[12.386,66.1009],[12.47242,66.11131],[12.48748,66.13508],[12.57423,66.15851],[12.54217,66.1706],[12.50424,66.17585],[12.43092,66.16596],[12.43092,66.17276],[12.54298,66.20197],[12.55144,66.22036],[12.5617,66.22114],[12.59522,66.20502],[12.61207,66.16938],[12.61183,66.15681],[12.54705,66.13862],[12.54705,66.13117],[12.62192,66.13117],[12.5879,66.1175],[12.5879,66.11131],[12.64666,66.11319],[12.65691,66.10391],[12.64039,66.09028],[12.5901,66.08495],[12.57423,66.07591]]],[[[14.27369,67.16584],[14.23959,67.11547],[14.19239,67.08393],[14.21274,67.04922],[14.2151,67.03242],[14.1985,67.02253],[14.2059,67.00886],[14.19223,67.00357],[14.15821,67.00141],[14.14698,67.0327],[14.10011,67.06167],[13.99301,67.0777],[13.99301,67.08393],[14.03077,67.09805],[14.06202,67.11872],[14.0573,67.13304],[14.06691,67.13496],[14.1338,67.11009],[14.17189,67.11127],[14.24684,67.17373],[14.27369,67.16584]]],[[[13.0547,68.09813],[13.0547,68.10497],[13.0796,68.10419],[13.15699,68.08511],[13.15699,68.07762],[13.1434,68.07762],[13.12159,68.06232],[13.09555,68.0572],[13.09555,68.05036],[13.13657,68.05036],[13.12062,68.03824],[13.08123,68.03742],[13.0503,68.02456],[13.0503,68.01655],[13.07504,68.00943],[13.11085,68.02827],[13.13087,67.96385],[13.12387,67.944],[13.04037,67.9405],[12.97682,67.96947],[12.98569,67.94794],[12.97088,67.94953],[12.96022,67.94098],[12.97202,67.93427],[13.0241,67.92866],[13.04127,67.92341],[13.04664,67.91547],[13.03305,67.89647],[13.01791,67.89086],[13.01368,67.8791],[12.89731,67.8559],[12.87086,67.82514],[12.84197,67.81562],[12.78712,67.81013],[12.79444,67.82062],[12.84848,67.8548],[12.84164,67.8791],[12.88917,67.92866],[12.90016,67.95783],[12.92774,67.96467],[12.93116,67.98896],[12.99008,68.04475],[13.06227,68.07087],[13.07504,68.08511],[13.05974,68.09528],[13.0547,68.09813]]],[[[13.28053,68.12914],[13.29566,68.15229],[13.33058,68.15575],[13.4004,68.14594],[13.43767,68.12604],[13.41375,68.08299],[13.37989,68.05036],[13.36622,68.01276],[13.3567,68.01065],[13.32154,68.02985],[13.23862,67.98554],[13.22535,67.99885],[13.22438,68.02143],[13.21551,68.03669],[13.19703,68.03343],[13.19337,68.01679],[13.1727,68.00902],[13.16375,68.02558],[13.16847,68.04975],[13.23927,68.09211],[13.25831,68.09561],[13.27687,68.0882],[13.31218,68.0583],[13.32838,68.06342],[13.33863,68.08601],[13.29396,68.11835],[13.28053,68.12914]]],[[[15.0005,68.36506],[14.94532,68.35139],[14.97934,68.33771],[14.93629,68.32787],[14.76319,68.25902],[14.73553,68.25495],[14.71998,68.26264],[14.72291,68.27961],[14.77459,68.31786],[14.7566,68.31737],[14.73365,68.33771],[14.71876,68.33763],[14.69207,68.31037],[14.70314,68.29682],[14.69386,68.2862],[14.63941,68.27245],[14.62379,68.26264],[14.67164,68.24958],[14.61492,68.22455],[14.57203,68.21988],[14.49822,68.19672],[14.40707,68.19245],[14.38356,68.18073],[14.32203,68.18692],[14.3283,68.17329],[14.31218,68.16804],[14.27703,68.16779],[14.1985,68.15278],[14.21974,68.17597],[14.1985,68.20116],[14.23487,68.22004],[14.35621,68.24213],[14.27418,68.23701],[14.25318,68.24958],[14.28883,68.26191],[14.3283,68.26264],[14.30592,68.27448],[14.29672,68.29316],[14.3034,68.312],[14.3283,68.32404],[14.35792,68.3205],[14.39527,68.28734],[14.42506,68.28315],[14.42506,68.29059],[14.41342,68.29731],[14.43165,68.30541],[14.44272,68.31843],[14.47291,68.30419],[14.49562,68.30606],[14.49643,68.31631],[14.46608,68.34455],[14.44402,68.33731],[14.4358,68.34431],[14.43816,68.35883],[14.38356,68.3725],[14.49342,68.38556],[14.58961,68.36506],[14.5818,68.38109],[14.55299,68.39403],[14.54176,68.40599],[14.65349,68.42853],[14.67164,68.4169],[14.67823,68.39566],[14.70753,68.37792],[14.70574,68.41348],[14.71412,68.42329],[14.76092,68.4339],[14.7964,68.4267],[14.82244,68.40973],[14.82195,68.38984],[14.75408,68.35883],[14.75408,68.35139],[14.78354,68.35415],[14.88038,68.38597],[14.88445,68.41983],[14.89747,68.4339],[14.92986,68.43732],[15.00978,68.42805],[15.06332,68.44872],[15.17237,68.45441],[15.03419,68.36347],[15.01417,68.35883],[15.01881,68.37043],[15.01417,68.3793],[15.00392,68.37763],[15.00229,68.36811],[15.0005,68.36506]]],[[[16.42286,68.49193],[16.46656,68.46869],[16.37159,68.44758],[16.40528,68.42943],[16.41407,68.4184],[16.39861,68.41348],[16.23072,68.40957],[16.17921,68.39981],[16.12355,68.37922],[16.0949,68.39753],[16.11541,68.41035],[16.17237,68.42772],[16.11769,68.4339],[16.13771,68.46869],[16.19215,68.51496],[16.22169,68.52375],[16.3436,68.53701],[16.41212,68.51948],[16.41896,68.50007],[16.42286,68.49193]]],[[[17.05291,68.81753],[17.1316,68.78339],[17.14568,68.77033],[17.10499,68.75804],[16.84099,68.72541],[16.81666,68.73558],[16.83033,68.74714],[16.84425,68.77326],[16.91098,68.79707],[16.97429,68.84544],[17.01564,68.86001],[17.02703,68.84699],[17.05291,68.81753]]],[[[17.20639,68.89326],[17.20533,68.91327],[17.22495,68.92113],[17.31967,68.91844],[17.36427,68.90933],[17.40553,68.89228],[17.44044,68.86591],[17.34897,68.83515],[17.29981,68.80366],[17.26222,68.79365],[17.22364,68.79304],[17.17823,68.81501],[17.17237,68.84797],[17.1587,68.86591],[17.08717,68.89851],[17.08351,68.91376],[17.1045,68.92503],[17.22592,68.8614],[17.25587,68.85541],[17.28224,68.85847],[17.22047,68.88223],[17.20639,68.89326]]],[[[16.52858,68.72199],[16.577,68.70767],[16.53484,68.68098],[16.56088,68.6717],[16.55893,68.65522],[16.52467,68.62263],[16.49106,68.60578],[16.48707,68.59467],[16.50603,68.56818],[16.49757,68.55402],[16.48146,68.54751],[16.41944,68.55744],[16.34653,68.55952],[16.22218,68.54743],[16.14177,68.52334],[16.10597,68.53852],[16.09352,68.53351],[16.0534,68.46483],[16.01206,68.44697],[15.96632,68.39301],[15.94093,68.38032],[15.87623,68.36909],[15.87818,68.38556],[15.87078,68.40058],[15.88429,68.44416],[15.87062,68.47846],[15.87078,68.49543],[15.85857,68.48623],[15.86451,68.45441],[15.84929,68.43476],[15.82301,68.42402],[15.78102,68.43818],[15.77443,68.43085],[15.78045,68.41869],[15.81617,68.39301],[15.79274,68.39362],[15.76149,68.42402],[15.74789,68.42536],[15.73308,68.40131],[15.7199,68.39301],[15.72674,68.3725],[15.69142,68.37324],[15.65846,68.36506],[15.70631,68.35883],[15.69125,68.343],[15.64015,68.31745],[15.63795,68.30419],[15.62436,68.30048],[15.58277,68.30419],[15.59645,68.31037],[15.59645,68.31786],[15.57537,68.3194],[15.52768,68.33771],[15.37599,68.32758],[15.33839,68.33198],[15.3226,68.35139],[15.34254,68.34821],[15.40593,68.39191],[15.47291,68.40599],[15.57008,68.46304],[15.61134,68.47492],[15.58058,68.48745],[15.57277,68.50288],[15.55372,68.51118],[15.54176,68.50967],[15.55397,68.47533],[15.4393,68.4184],[15.41179,68.41348],[15.38404,68.42023],[15.36362,68.40599],[15.31625,68.39549],[15.27866,68.37324],[15.21176,68.36595],[15.18539,68.35139],[15.21485,68.35252],[15.22674,68.34882],[15.23325,68.33771],[15.13404,68.30805],[15.11378,68.28681],[15.08578,68.27123],[15.04086,68.25702],[15.0005,68.25332],[14.98683,68.26948],[15.00733,68.28315],[14.99537,68.2978],[15.00929,68.31367],[15.06813,68.3391],[15.12338,68.39301],[15.19256,68.43488],[15.26808,68.46125],[15.35678,68.46125],[15.2601,68.4665],[15.24073,68.47492],[15.24838,68.48623],[15.33693,68.48859],[15.28175,68.49543],[15.27491,68.49852],[15.27149,68.51586],[15.17856,68.52334],[15.2173,68.55687],[15.23878,68.56428],[15.3117,68.55882],[15.32325,68.56281],[15.30893,68.57856],[15.39471,68.58478],[15.45232,68.55744],[15.43963,68.57363],[15.39161,68.60521],[15.45232,68.5978],[15.43873,68.61953],[15.54884,68.62572],[15.58912,68.60643],[15.63054,68.61213],[15.61598,68.61286],[15.58277,68.63255],[15.51384,68.63618],[15.49773,68.64248],[15.44207,68.6822],[15.43873,68.70767],[15.44956,68.72915],[15.5691,68.7294],[15.60483,68.73574],[15.71363,68.7014],[15.67888,68.71507],[15.66578,68.73558],[15.63966,68.74323],[15.50123,68.74307],[15.45981,68.75605],[15.45558,68.76903],[15.45916,68.79613],[15.45232,68.81127],[15.49708,68.8039],[15.52866,68.82494],[15.61346,68.81778],[15.63795,68.82494],[15.56349,68.83918],[15.5486,68.85228],[15.55323,68.87226],[15.57569,68.88223],[15.62428,68.88581],[15.61411,68.90046],[15.59645,68.90693],[15.64479,68.95474],[15.67661,68.96271],[15.77849,68.95474],[15.85759,68.97016],[15.9074,68.95942],[15.90984,68.94977],[15.89796,68.91743],[15.92408,68.88642],[15.87818,68.81753],[15.87078,68.79023],[15.82399,68.75617],[15.76149,68.73558],[15.85353,68.74763],[15.95558,68.79165],[15.9769,68.78132],[15.98959,68.7635],[15.98365,68.74555],[15.93312,68.68415],[15.9048,68.67756],[15.87078,68.65302],[15.79331,68.64297],[15.77443,68.63255],[15.7658,68.61567],[15.78191,68.57856],[15.77784,68.56216],[15.74041,68.5301],[15.80291,68.55134],[15.81617,68.56428],[15.81674,68.61083],[15.85857,68.63418],[16.00514,68.67756],[16.02784,68.67414],[16.04542,68.64301],[16.06129,68.63032],[16.08302,68.63874],[16.09002,68.65619],[16.08106,68.67251],[16.03321,68.71137],[16.07618,68.73558],[16.10743,68.74071],[16.21323,68.73558],[16.20102,68.76073],[16.17888,68.77167],[16.12387,68.784],[16.09457,68.80166],[16.08888,68.81489],[16.09718,68.8312],[16.20704,68.85847],[16.26791,68.83861],[16.28403,68.84032],[16.29526,68.85493],[16.26246,68.86669],[16.24952,68.88418],[16.24684,68.89997],[16.25465,68.90323],[16.31463,68.8701],[16.43881,68.84955],[16.43979,68.82807],[16.45558,68.81533],[16.55592,68.82494],[16.50554,68.80317],[16.49448,68.79023],[16.54672,68.78266],[16.55592,68.77033],[16.52613,68.76097],[16.5337,68.74112],[16.52858,68.72199]]],[[[16.56617,68.96833],[16.58465,68.96186],[16.59946,68.94717],[16.6019,68.93122],[16.58326,68.92113],[16.58717,68.89745],[16.56707,68.8874],[16.47625,68.88581],[16.39487,68.902],[16.3436,68.93374],[16.28517,68.95209],[16.26173,68.96833],[16.30633,68.99531],[16.35939,68.99014],[16.46681,68.96214],[16.52052,68.96214],[16.56617,68.96833]]],[[[14.39723,68.66047],[14.38209,68.66938],[14.36988,68.6872],[14.38111,68.69766],[14.42506,68.7014],[14.42628,68.71442],[14.46412,68.72451],[14.54176,68.73558],[14.54176,68.74242],[14.43816,68.75605],[14.45533,68.77603],[14.48846,68.79536],[14.52394,68.80707],[14.54803,68.8039],[14.55502,68.77041],[14.57228,68.74632],[14.60499,68.73517],[14.62379,68.73558],[14.58961,68.7486],[14.60865,68.77806],[14.64422,68.79023],[14.60759,68.80728],[14.61354,68.82123],[14.62843,68.8299],[14.64869,68.83295],[14.6858,68.82494],[14.67897,68.81753],[14.69207,68.81127],[14.6797,68.76732],[14.68653,68.75747],[14.8436,68.79629],[14.8838,68.79023],[14.87289,68.78046],[14.87233,68.76923],[14.89405,68.75605],[14.90707,68.76024],[14.92897,68.77904],[14.94532,68.784],[14.94223,68.80146],[14.95265,68.81753],[14.90431,68.84544],[14.95265,68.86591],[14.99106,68.84203],[14.99366,68.81753],[15.00603,68.79385],[15.0276,68.8144],[15.02101,68.82494],[15.04982,68.85277],[15.15887,68.81753],[15.14568,68.84252],[15.0687,68.87897],[15.07667,68.89899],[15.0652,68.91315],[15.02784,68.93423],[15.00929,68.96332],[15.00766,68.98102],[15.08448,69.01122],[15.13771,69.01309],[15.16822,68.98827],[15.17066,68.97378],[15.15138,68.96214],[15.20655,68.94038],[15.19288,68.93423],[15.19288,68.9274],[15.21852,68.92438],[15.24073,68.91376],[15.19557,68.89692],[15.18539,68.88581],[15.21437,68.88166],[15.27149,68.91975],[15.29526,68.90693],[15.28175,68.86591],[15.24073,68.82494],[15.30209,68.843],[15.32586,68.85871],[15.34783,68.84691],[15.38404,68.85228],[15.35076,68.80292],[15.32976,68.79707],[15.28443,68.80353],[15.27491,68.79707],[15.30274,68.77656],[15.27491,68.76288],[15.35841,68.74628],[15.39422,68.73111],[15.39772,68.694],[15.37525,68.66991],[15.33619,68.6529],[15.06267,68.57852],[14.87322,68.58446],[14.84278,68.59154],[14.86329,68.60521],[14.80641,68.61595],[14.81593,68.63776],[14.83367,68.64448],[14.87696,68.64619],[14.94874,68.66413],[15.03468,68.66669],[15.06251,68.6872],[15.08888,68.69501],[15.14088,68.69501],[15.16505,68.7014],[15.14674,68.72553],[15.15138,68.75605],[15.02605,68.77119],[14.99366,68.76288],[15.0687,68.7486],[15.05014,68.7298],[15.01954,68.71214],[14.98601,68.70254],[14.95883,68.70767],[14.9629,68.71621],[14.95883,68.7294],[14.9253,68.69501],[14.90089,68.6813],[14.86199,68.68989],[14.82781,68.67349],[14.80877,68.68098],[14.82065,68.69408],[14.82154,68.70722],[14.81512,68.71475],[14.80502,68.71137],[14.77459,68.67414],[14.75034,68.66747],[14.72193,68.67304],[14.69606,68.68757],[14.67897,68.70767],[14.67408,68.68696],[14.63063,68.65302],[14.62257,68.62885],[14.55828,68.62726],[14.52068,68.60904],[14.43507,68.61213],[14.41725,68.61953],[14.41326,68.63642],[14.4192,68.65485],[14.4319,68.66669],[14.42091,68.67251],[14.40805,68.66218],[14.39723,68.66047]]],[[[15.52866,68.91376],[15.50147,68.89582],[15.46404,68.88207],[15.43149,68.88422],[15.41879,68.91376],[15.42799,68.92463],[15.42506,68.96214],[15.45981,69.01309],[15.51759,69.05394],[15.56967,69.10554],[15.61069,69.12568],[15.65992,69.1385],[15.75807,69.14712],[15.79135,69.16128],[15.84311,69.22028],[15.87078,69.22907],[15.86451,69.2495],[15.93214,69.26313],[15.97511,69.28718],[16.10157,69.31525],[16.13152,69.31098],[16.14991,69.29084],[16.14674,69.26923],[16.09897,69.21109],[16.0892,69.17145],[16.0608,69.1446],[16.01401,69.1328],[15.94646,69.10187],[15.91481,69.07514],[15.87713,69.06224],[15.87078,69.04409],[15.84791,69.02924],[15.76043,69.00568],[15.63217,68.98664],[15.59645,68.99567],[15.56674,69.01268],[15.54908,69.01626],[15.52866,69.00934],[15.56007,68.99014],[15.5691,68.97773],[15.56349,68.95136],[15.52866,68.91376]]],[[[18.07081,69.43793],[18.07862,69.42499],[18.08106,69.38764],[18.09864,69.37613],[18.09099,69.35834],[18.07081,69.34907],[18.0158,69.35252],[17.92311,69.33234],[17.90593,69.31843],[17.91912,69.31232],[17.92644,69.28368],[17.96746,69.26313],[17.95069,69.2508],[17.87867,69.2495],[17.87867,69.24266],[17.93247,69.22724],[17.94907,69.20515],[18.00896,69.20112],[17.98845,69.18744],[17.82065,69.1695],[17.7072,69.17292],[17.61109,69.15396],[17.48829,69.15396],[17.49391,69.16889],[17.5298,69.20112],[17.47218,69.20014],[17.41993,69.18061],[17.37843,69.15396],[17.23463,69.10619],[17.18832,69.08348],[17.1587,69.05028],[17.21388,69.04409],[17.18507,69.0244],[17.1294,69.01154],[17.07301,69.00812],[17.042,69.01679],[17.04347,69.03071],[17.05828,69.03921],[17.09718,69.04409],[17.08351,69.05028],[17.09156,69.06171],[17.13803,69.07201],[17.10987,69.0847],[16.82325,69.05443],[16.80983,69.0646],[16.77963,69.07014],[16.77312,69.0882],[16.78647,69.10814],[16.81666,69.11921],[16.87241,69.1044],[16.89625,69.10423],[16.89234,69.12665],[16.98854,69.13963],[17.056,69.13288],[17.06984,69.14712],[17.05633,69.16014],[17.14454,69.18407],[17.17237,69.20112],[17.08237,69.18159],[17.04949,69.18061],[16.97429,69.19489],[16.89861,69.19489],[16.89861,69.20112],[16.9087,69.20319],[16.91912,69.2154],[16.87867,69.22215],[16.94484,69.23652],[17.08676,69.22895],[17.14568,69.25633],[17.1089,69.25178],[17.10971,69.26821],[17.08888,69.28954],[17.07057,69.26805],[17.04038,69.26826],[16.98113,69.2768],[16.98113,69.28368],[17.00782,69.29792],[16.92555,69.29344],[16.90602,69.29792],[16.89763,69.31171],[16.91529,69.31757],[17.13185,69.31098],[17.10402,69.32526],[17.11769,69.33145],[17.0774,69.33051],[17.042,69.34512],[17.11085,69.35252],[17.08465,69.36176],[16.87867,69.35936],[16.87867,69.3662],[16.90724,69.3686],[16.93393,69.37987],[16.92652,69.39354],[16.94988,69.39802],[16.99822,69.38605],[17.02174,69.40034],[17.07667,69.38605],[17.14194,69.40034],[17.27605,69.39354],[17.36842,69.36689],[17.39943,69.3662],[17.38941,69.38044],[17.33058,69.39354],[17.28224,69.41401],[17.44663,69.41429],[17.49578,69.42829],[17.32545,69.43944],[17.24293,69.45474],[17.18653,69.50275],[17.24643,69.49604],[17.26344,69.47842],[17.31625,69.46182],[17.30323,69.48225],[17.37273,69.47663],[17.3921,69.48225],[17.32667,69.51773],[17.30323,69.52326],[17.31715,69.53498],[17.34327,69.53754],[17.45037,69.51704],[17.47804,69.49921],[17.53093,69.49014],[17.58302,69.46796],[17.64527,69.46182],[17.64527,69.46865],[17.59067,69.48969],[17.56642,69.52326],[17.49513,69.54059],[17.47478,69.55297],[17.46022,69.57168],[17.47364,69.58661],[17.46762,69.59955],[17.51686,69.59699],[17.55397,69.57486],[17.61793,69.51704],[17.65789,69.50849],[17.68263,69.50926],[17.69361,69.52017],[17.68922,69.52969],[17.67009,69.53197],[17.66578,69.54059],[17.65301,69.59414],[17.65895,69.59955],[17.68775,69.59951],[17.7531,69.54059],[17.77223,69.5478],[17.81772,69.5871],[17.83741,69.59211],[17.85914,69.58674],[17.87387,69.57315],[17.89283,69.53685],[17.84457,69.50251],[17.82472,69.46577],[17.82277,69.45751],[17.83082,69.44815],[17.84498,69.44522],[17.85768,69.45234],[17.89137,69.49872],[17.91774,69.50593],[17.9441,69.52326],[18.05055,69.49592],[18.03907,69.48477],[18.02117,69.48102],[17.98227,69.48225],[17.99391,69.46284],[17.98439,69.44961],[17.94068,69.42829],[18.00229,69.40998],[18.0158,69.42084],[18.01002,69.43305],[18.04859,69.44294],[18.07081,69.43793]]],[[[18.99903,69.8286],[19.0608,69.78705],[19.05738,69.76341],[19.03346,69.74372],[18.9699,69.73347],[18.91456,69.69904],[18.83855,69.6894],[18.79412,69.67561],[18.7693,69.64672],[18.77703,69.63544],[18.82781,69.62287],[18.83644,69.60431],[18.82293,69.59073],[18.7693,69.57168],[18.73194,69.56533],[18.62599,69.57787],[18.56039,69.55805],[18.48561,69.55858],[18.26197,69.53059],[18.19402,69.53071],[18.12827,69.56493],[18.10524,69.57168],[18.02084,69.57665],[17.99537,69.59211],[18.03745,69.61945],[18.02947,69.63312],[18.0809,69.62275],[18.13502,69.63695],[18.23683,69.6293],[18.26905,69.61738],[18.28272,69.60578],[18.27809,69.59443],[18.29021,69.59211],[18.32423,69.61262],[18.32228,69.61835],[18.34352,69.61884],[18.40008,69.64057],[18.32423,69.63312],[18.29103,69.63898],[18.18653,69.70881],[18.21437,69.71418],[18.3532,69.70482],[18.47853,69.70881],[18.61085,69.69282],[18.63282,69.70197],[18.59392,69.71092],[18.38917,69.71992],[18.35182,69.72993],[18.34474,69.74982],[18.32691,69.76545],[18.33473,69.78095],[18.38234,69.79759],[18.43653,69.77631],[18.48194,69.77709],[18.48308,69.75096],[18.50245,69.74982],[18.51368,69.7541],[18.53321,69.7805],[18.5569,69.79637],[18.58513,69.80329],[18.65317,69.80439],[18.64129,69.7556],[18.66326,69.71296],[18.70737,69.68684],[18.76246,69.68773],[18.7422,69.69457],[18.73683,69.706],[18.75668,69.7519],[18.78981,69.78388],[18.67408,69.84715],[18.66684,69.85969],[18.67888,69.88605],[18.76384,69.86982],[18.79664,69.87328],[18.78297,69.87954],[18.80152,69.8874],[18.82203,69.88605],[18.85816,69.86587],[18.83766,69.8454],[18.89845,69.84809],[18.98601,69.83381],[18.99903,69.8286]]],[[[21.66798,69.94839],[21.702,69.95478],[21.73618,69.94839],[21.72975,69.93846],[21.69581,69.92792],[21.67172,69.94042],[21.66798,69.94839]]],[[[19.90016,70.01675],[19.94793,70.0268],[19.99586,70.01675],[19.94996,70.00971],[19.90821,70.01362],[19.90016,70.01675]]],[[[20.95883,70.00308],[21.09938,70.01048],[20.98072,69.98163],[20.97535,69.96271],[20.94044,69.94697],[20.89194,69.93797],[20.84262,69.93781],[20.80519,69.94839],[20.76173,69.98762],[20.76051,69.99966],[20.80201,70.0375],[20.82439,70.04296],[20.85987,70.04401],[20.88624,70.03758],[20.93531,70.00943],[20.95883,70.00308]]],[[[21.04103,70.06135],[21.04664,70.03913],[21.02003,70.02814],[20.95533,70.02411],[20.99187,70.05146],[21.02052,70.06354],[21.04103,70.06135]]],[[[19.61915,70.01675],[19.6526,70.02143],[19.66944,70.01732],[19.68483,70.00678],[19.68312,69.98579],[19.64747,69.96996],[19.54021,69.95161],[19.50864,69.90778],[19.43409,69.86957],[19.40675,69.83857],[19.37477,69.82331],[19.334,69.81265],[19.12159,69.78783],[19.08839,69.80101],[19.04363,69.83857],[18.84303,69.90331],[18.76433,69.91494],[18.73341,69.93134],[18.72885,69.94782],[18.7693,69.95527],[18.86525,69.94221],[18.88364,69.94538],[18.93377,69.96955],[18.87566,69.97313],[18.84474,69.98212],[18.83139,69.99966],[18.8449,70.01504],[18.93377,70.03034],[18.98561,70.02411],[19.03004,70.03718],[19.04347,70.03408],[19.05738,70.01675],[19.0739,70.01626],[19.1194,70.03034],[19.06756,70.06147],[19.06422,70.0788],[19.0853,70.07225],[19.11866,70.07274],[19.20818,70.09858],[19.22674,70.09357],[19.2234,70.07368],[19.23487,70.06513],[19.25587,70.06733],[19.29908,70.08584],[19.32488,70.0788],[19.2942,70.04755],[19.29233,70.03119],[19.33969,70.01773],[19.39259,69.99189],[19.42042,69.98941],[19.41863,70.01366],[19.43849,70.03339],[19.46811,70.04662],[19.53565,70.05732],[19.5569,70.05707],[19.57496,70.04776],[19.58253,70.03384],[19.5713,70.00308],[19.58229,69.99323],[19.60711,70.00873],[19.61915,70.01675]]],[[[20.79152,70.09243],[20.7942,70.06782],[20.77101,70.0576],[20.74733,70.05598],[20.68849,70.07136],[20.67514,70.06826],[20.66041,70.05459],[20.60255,70.04401],[20.58815,70.04597],[20.60255,70.08637],[20.5923,70.10602],[20.57691,70.10957],[20.56471,70.10472],[20.55958,70.09374],[20.56495,70.0788],[20.51783,70.0788],[20.52084,70.06232],[20.50668,70.05834],[20.43165,70.06806],[20.39991,70.0856],[20.3899,70.10269],[20.39967,70.15038],[20.4157,70.17154],[20.43775,70.18667],[20.54461,70.20848],[20.5477,70.2248],[20.56137,70.23322],[20.7339,70.23672],[20.80885,70.22036],[20.82439,70.20987],[20.82423,70.19457],[20.78077,70.14248],[20.77101,70.11555],[20.7894,70.09374],[20.79152,70.09243]]],[[[19.98219,70.14704],[20.11158,70.12019],[20.15406,70.12035],[20.15406,70.11286],[20.05421,70.10151],[20.02369,70.09243],[20.03639,70.08307],[20.03102,70.07538],[19.9782,70.06013],[19.81951,70.06025],[19.77613,70.06733],[19.74936,70.0856],[19.74757,70.13593],[19.72584,70.15046],[19.69215,70.18863],[19.63307,70.21931],[19.55934,70.23119],[19.53712,70.25007],[19.54933,70.25654],[19.59164,70.25007],[19.58839,70.26838],[19.61557,70.27924],[19.67775,70.29043],[19.68971,70.28535],[19.70151,70.25007],[19.73325,70.22993],[19.77019,70.22211],[19.79054,70.2106],[19.8156,70.16975],[19.84498,70.17495],[19.87289,70.21589],[19.94117,70.19546],[19.93051,70.1767],[19.93816,70.16376],[19.95753,70.15461],[19.98219,70.14704]]],[[[22.92237,70.30467],[22.98854,70.29296],[23.00831,70.28075],[23.01905,70.26496],[23.01629,70.2543],[23.00147,70.24917],[22.7317,70.2569],[22.44516,70.29145],[22.37371,70.33198],[22.37867,70.34699],[22.42107,70.36176],[22.50465,70.32514],[22.4699,70.35309],[22.47364,70.38028],[22.48512,70.38447],[22.5298,70.3642],[22.57521,70.38202],[22.60027,70.36677],[22.60572,70.38007],[22.61891,70.38703],[22.63299,70.3854],[22.64112,70.37299],[22.64812,70.37299],[22.65089,70.3863],[22.67465,70.39887],[22.68897,70.39411],[22.69451,70.38556],[22.69646,70.35309],[22.71437,70.33698],[22.72975,70.34463],[22.73715,70.36506],[22.73048,70.38719],[22.75636,70.39496],[22.78053,70.38622],[22.79859,70.36685],[22.80568,70.34223],[22.82797,70.33373],[22.95639,70.32514],[22.92921,70.31265],[22.92237,70.30467]]],[[[23.65602,70.50332],[23.6281,70.48965],[23.66228,70.46979],[23.63413,70.43749],[23.59254,70.41527],[23.40838,70.35309],[23.31902,70.34211],[23.29225,70.33198],[23.33904,70.33088],[23.3816,70.31834],[23.21632,70.28278],[23.15504,70.27733],[23.10467,70.28327],[23.08204,70.30166],[23.08741,70.32836],[23.13543,70.38532],[23.13461,70.41454],[23.07504,70.36005],[23.03891,70.34097],[22.99537,70.35716],[22.94956,70.35932],[22.85402,70.4077],[22.88087,70.41413],[22.94011,70.40705],[22.96388,70.42137],[22.9087,70.435],[22.89536,70.44611],[22.89723,70.451],[22.95297,70.46296],[22.96388,70.47663],[22.99806,70.47663],[23.01856,70.49706],[23.12428,70.52057],[23.14145,70.51415],[23.15105,70.49836],[23.2234,70.51765],[23.2234,70.52383],[23.181,70.53852],[23.17555,70.54759],[23.21437,70.55044],[23.26206,70.53612],[23.27174,70.5207],[23.26092,70.4809],[23.27858,70.47663],[23.29127,70.48383],[23.3108,70.51874],[23.32643,70.53124],[23.3047,70.5351],[23.29835,70.54316],[23.30763,70.55044],[23.33326,70.5517],[23.38697,70.5329],[23.40838,70.53124],[23.38787,70.54487],[23.41261,70.56171],[23.50375,70.54499],[23.53932,70.54487],[23.48927,70.57087],[23.43629,70.58527],[23.45737,70.60635],[23.39096,70.61799],[23.48455,70.62466],[23.51881,70.61054],[23.55665,70.61888],[23.5735,70.61319],[23.55983,70.60635],[23.60133,70.57905],[23.58074,70.54296],[23.58033,70.53124],[23.59164,70.51642],[23.63404,70.51044],[23.65602,70.50332]]],[[[24.0669,70.66096],[24.0652,70.64594],[24.12843,70.62002],[24.10157,70.58869],[24.01222,70.56778],[23.92897,70.52326],[23.86793,70.5124],[23.80421,70.51333],[23.75099,70.52383],[23.69703,70.5716],[23.68678,70.59951],[23.64177,70.59951],[23.68068,70.62494],[23.67954,70.6363],[23.65602,70.64794],[23.68434,70.65892],[23.6902,70.66779],[23.63551,70.69204],[23.64015,70.70222],[23.70924,70.7486],[23.81568,70.75117],[23.84034,70.74356],[23.82838,70.73029],[23.84718,70.72305],[23.81918,70.70938],[23.83188,70.70336],[23.86769,70.70938],[23.96388,70.70938],[24.03272,70.68891],[24.05983,70.66975],[24.0669,70.66096]]],[[[22.42213,70.51073],[22.39869,70.51398],[22.3423,70.49921],[22.30893,70.50336],[22.29282,70.51447],[22.31284,70.53124],[22.28565,70.54157],[22.26808,70.529],[22.24334,70.48965],[22.18653,70.47313],[22.15447,70.47232],[22.14088,70.48286],[22.18556,70.53465],[22.24545,70.55671],[22.26441,70.5716],[22.23707,70.57905],[22.33334,70.61319],[22.09995,70.60635],[22.06861,70.59272],[22.0407,70.59357],[22.01124,70.59951],[22.02508,70.61188],[22.07203,70.63369],[22.0088,70.63349],[21.95037,70.64794],[21.9865,70.66254],[22.0442,70.65986],[22.19532,70.63182],[22.22153,70.6319],[22.25034,70.6494],[22.24448,70.66836],[22.22975,70.67463],[22.26588,70.67499],[22.41521,70.62621],[22.37387,70.69819],[22.38453,70.70938],[22.41456,70.70795],[22.44858,70.68252],[22.49269,70.67573],[22.51149,70.68146],[22.49789,70.68936],[22.4948,70.6988],[22.50147,70.70807],[22.54103,70.71747],[22.65154,70.68769],[22.65626,70.68171],[22.64112,70.67121],[22.59498,70.65253],[22.60646,70.64053],[22.63087,70.63593],[22.67042,70.65786],[22.68897,70.66096],[22.70289,70.65152],[22.71315,70.60977],[22.72486,70.60358],[22.73211,70.61115],[22.73666,70.63711],[22.74789,70.64741],[22.82618,70.64794],[22.78517,70.67463],[22.79249,70.69359],[22.73048,70.72988],[22.72022,70.74356],[22.72299,70.74848],[22.80568,70.76398],[22.792,70.75039],[22.85109,70.74189],[22.8672,70.72988],[22.85402,70.72988],[22.85402,70.72305],[22.92384,70.7248],[22.93149,70.71662],[22.89503,70.69514],[22.96909,70.6612],[22.99073,70.66779],[22.9769,70.68146],[23.01987,70.69208],[23.03272,70.70136],[23.0254,70.72305],[23.12094,70.70938],[23.09311,70.73212],[23.10141,70.73603],[23.16538,70.73029],[23.18238,70.73603],[23.13543,70.74551],[23.12843,70.7578],[23.05275,70.77391],[23.02996,70.79084],[23.04859,70.79719],[23.1006,70.79877],[23.06625,70.81244],[23.09254,70.81367],[23.16188,70.79133],[23.18214,70.79499],[23.18767,70.80219],[23.16188,70.81802],[23.16188,70.82543],[23.27174,70.77705],[23.32895,70.77928],[23.3401,70.78449],[23.34034,70.79849],[23.32097,70.81851],[23.32228,70.83812],[23.313,70.86164],[23.34254,70.86603],[23.44313,70.82884],[23.45493,70.80484],[23.48414,70.79877],[23.46046,70.79084],[23.41236,70.7919],[23.38787,70.78449],[23.42066,70.77387],[23.45737,70.77082],[23.41578,70.76398],[23.40211,70.74356],[23.34897,70.75312],[23.33326,70.75039],[23.31959,70.70938],[23.29754,70.7104],[23.25131,70.69514],[23.27174,70.68146],[23.15854,70.69416],[23.15309,70.67817],[23.13461,70.66779],[23.14283,70.659],[23.18238,70.65412],[23.15187,70.63227],[23.12037,70.62401],[23.07887,70.62987],[23.05942,70.62621],[23.11411,70.61319],[23.08888,70.58625],[23.01832,70.60395],[22.98455,70.59951],[23.00473,70.59614],[23.00815,70.58515],[22.99781,70.57282],[22.9769,70.56538],[22.88087,70.57905],[22.88087,70.5716],[22.93605,70.55854],[22.91383,70.54377],[22.88819,70.53807],[22.83326,70.5517],[22.78859,70.52383],[22.76515,70.53107],[22.77833,70.5517],[22.64381,70.56415],[22.6268,70.54487],[22.63543,70.53262],[22.6316,70.52631],[22.58961,70.52863],[22.58481,70.51472],[22.56609,70.50332],[22.51677,70.52782],[22.48927,70.53193],[22.46843,70.49486],[22.43019,70.50605],[22.42213,70.51073]]],[[[24.07309,70.96259],[24.21022,70.96699],[24.24513,70.9558],[24.21079,70.9558],[24.21079,70.94599],[24.16928,70.94213],[24.17677,70.93529],[24.15992,70.92805],[24.10792,70.93529],[24.0796,70.91462],[24.04314,70.91413],[24.00571,70.92284],[23.9865,70.94229],[23.90935,70.9558],[23.9402,70.96406],[24.00856,70.9665],[24.03891,70.97626],[24.00709,70.9831],[23.94215,70.97761],[23.90935,70.9831],[23.88575,70.99616],[23.89503,71.00226],[23.95021,71.00422],[23.92286,71.01728],[23.96013,71.02863],[24.08741,71.02411],[24.07309,71.01105],[24.10922,71.00214],[24.18767,71.00507],[24.22462,70.99677],[24.18784,70.98932],[24.1067,70.99388],[24.07309,70.9831],[24.08741,70.96882],[24.07309,70.96259]]],[[[26.136,71.03775],[26.18523,71.04987],[26.20851,71.04963],[26.21811,71.03156],[26.20655,71.01325],[26.17994,71.00267],[26.11354,70.99535],[26.0726,70.97517],[25.9686,70.97773],[25.90024,70.96133],[25.80055,70.96259],[25.75294,70.97651],[25.73113,70.97541],[25.71852,70.9558],[25.75327,70.94961],[25.75327,70.94213],[25.66814,70.94538],[25.5534,70.92788],[25.53354,70.93183],[25.49195,70.95917],[25.41627,70.9831],[25.5381,71.00336],[25.5608,71.01728],[25.45436,71.02997],[25.32553,71.00739],[25.30698,71.01105],[25.29249,71.02814],[25.29331,71.04515],[25.34799,71.06566],[25.31381,71.07246],[25.35515,71.08348],[25.39918,71.08613],[25.45883,71.07201],[25.47836,71.07868],[25.45729,71.09296],[25.47169,71.10261],[25.55388,71.0926],[25.59205,71.07811],[25.63478,71.08039],[25.70867,71.06208],[25.71852,71.05199],[25.71323,71.07071],[25.70094,71.08393],[25.5534,71.14077],[25.56528,71.15217],[25.60711,71.14501],[25.66733,71.16527],[25.67701,71.16059],[25.68409,71.14472],[25.80738,71.15445],[25.78395,71.11221],[25.7837,71.10293],[25.80568,71.09585],[25.85914,71.11335],[25.88307,71.11347],[25.87965,71.09683],[25.93702,71.10969],[25.96046,71.10749],[26.00636,71.12519],[26.0298,71.11652],[26.0337,71.08723],[25.99098,71.06704],[25.88982,71.05199],[25.92514,71.0397],[25.96437,71.03775],[25.96437,71.01728],[25.93019,71.01105],[25.95639,71.00202],[26.05372,71.00422],[26.11573,71.03343],[26.136,71.03775]]],[[[12.87534,66.28563],[12.88689,66.2569],[12.87924,66.24339],[12.82496,66.21589],[12.81023,66.22358],[12.78728,66.21727],[12.76075,66.22191],[12.74098,66.24165],[12.70021,66.24323],[12.71469,66.2591],[12.79282,66.29499],[12.79379,66.31122],[12.79998,66.31196],[12.81218,66.2967],[12.87289,66.28824],[12.87534,66.28563]]],[[[12.94077,66.46019],[12.9607,66.45946],[12.96648,66.45311],[12.93849,66.39444],[12.931,66.38935],[12.9074,66.39891],[12.89967,66.41608],[12.88136,66.39057],[12.89894,66.35505],[12.80079,66.38471],[12.84311,66.39842],[12.85027,66.40961],[12.81723,66.44257],[12.89674,66.4562],[12.91245,66.43138],[12.91944,66.43159],[12.92823,66.44204],[12.92888,66.45783],[12.94077,66.46019]]],[[[15.29566,67.94526],[15.30397,67.94505],[15.30486,67.93769],[15.28924,67.92585],[15.25367,67.91657],[15.1631,67.91071],[15.02263,67.91889],[14.98024,67.91462],[14.97218,67.91649],[14.96119,67.9416],[14.9651,67.95258],[14.9769,67.95913],[14.97202,67.97004],[15.05209,67.96825],[15.10572,68.00072],[15.11362,67.99486],[15.1089,67.97622],[15.1399,67.95844],[15.2116,67.95124],[15.23129,67.94188],[15.25709,67.9405],[15.26271,67.93256],[15.28028,67.94282],[15.29566,67.94526]]],[[[15.93019,68.00825],[15.9336,67.99702],[15.88396,67.98412],[15.84116,67.98371],[15.78614,67.99315],[15.72877,68.01195],[15.70623,68.01236],[15.67937,67.9936],[15.66131,67.98859],[15.61736,67.98526],[15.52345,67.98998],[15.48243,68.00263],[15.5359,68.02082],[15.57407,68.02558],[15.85971,68.02749],[15.91871,68.01423],[15.93019,68.00825]]],[[[15.16619,67.98676],[15.15968,67.99567],[15.17652,68.01154],[15.21144,68.02554],[15.22202,68.03726],[15.23032,68.03669],[15.27508,67.99543],[15.28663,67.977],[15.26824,67.96699],[15.18483,67.96678],[15.17335,67.97468],[15.16619,67.98676]]],[[[14.99659,68.9016],[14.98756,68.88467],[14.95834,68.87531],[14.89226,68.87336],[14.8436,68.88544],[14.8401,68.89167],[14.85524,68.90717],[14.8519,68.91877],[14.87338,68.92915],[14.95867,68.92609],[14.98292,68.91779],[14.99659,68.9016]]],[[[20.70289,69.88882],[20.69663,69.87788],[20.72071,69.8371],[20.70672,69.81729],[20.60621,69.79377],[20.55397,69.80048],[20.5267,69.82111],[20.52263,69.83942],[20.52931,69.85419],[20.56275,69.89598],[20.59889,69.90461],[20.71315,69.90961],[20.7225,69.89753],[20.71315,69.89321],[20.70289,69.88882]]],[[[30.02117,69.83234],[30.09986,69.83446],[30.10743,69.8286],[30.08766,69.81708],[29.97625,69.80028],[29.90504,69.77709],[29.84653,69.79658],[29.83009,69.79076],[29.84604,69.77973],[29.79575,69.75601],[29.71323,69.76341],[29.73536,69.79019],[29.83009,69.83857],[29.80836,69.86587],[29.81593,69.89106],[29.84246,69.90892],[29.87721,69.91425],[29.97104,69.90205],[29.99448,69.89378],[30.00074,69.86587],[30.02858,69.85285],[30.02329,69.83674],[30.02117,69.83234]]],[[[19.81332,70.00259],[19.83424,69.99482],[19.85646,69.97313],[19.83473,69.94965],[19.79233,69.9252],[19.72055,69.86469],[19.67709,69.85521],[19.48365,69.83832],[19.43426,69.84052],[19.44272,69.85847],[19.50994,69.89374],[19.53297,69.91938],[19.69264,69.96361],[19.77426,70.00483],[19.8003,70.00434],[19.81332,70.00259]]],[[[18.66676,70.02757],[18.65724,70.04833],[18.71241,70.08356],[18.7024,70.1114],[18.72136,70.11603],[18.78126,70.102],[18.80649,70.05931],[18.88982,70.10615],[18.96909,70.0843],[18.9756,70.07363],[18.91049,70.04556],[18.83668,70.0384],[18.76515,70.01919],[18.70167,69.98469],[18.67009,69.99901],[18.67042,70.01215],[18.68995,70.02644],[18.66676,70.02757]]],[[[20.89422,70.07958],[20.86166,70.069],[20.82553,70.07306],[20.80812,70.08055],[20.79884,70.09333],[20.79298,70.11904],[20.80747,70.14082],[20.8318,70.15095],[20.85694,70.14492],[20.91481,70.1079],[20.91521,70.09553],[20.89422,70.07958]]],[[[19.53875,70.09369],[19.49057,70.09394],[19.35865,70.11311],[19.33497,70.12792],[19.34059,70.14008],[19.36655,70.1542],[19.40797,70.16205],[19.44663,70.15542],[19.57325,70.11172],[19.56902,70.10139],[19.5503,70.09492],[19.53875,70.09369]]],[[[19.24236,70.20087],[19.25221,70.18667],[19.25017,70.17414],[19.22543,70.15388],[19.22682,70.13496],[19.17416,70.11514],[19.14064,70.11079],[19.10288,70.11689],[18.99586,70.15209],[19.00172,70.15835],[19.06446,70.17048],[19.08741,70.15746],[19.09864,70.1579],[19.09791,70.18586],[19.13803,70.20173],[19.11883,70.20881],[19.11036,70.22443],[19.0892,70.23359],[19.09148,70.23794],[19.15203,70.23745],[19.16831,70.25487],[19.19728,70.25702],[19.23048,70.23436],[19.22771,70.21206],[19.24236,70.20087]]],[[[21.73813,70.37824],[21.79274,70.35806],[21.79916,70.34711],[21.79371,70.32343],[21.74903,70.2744],[21.71485,70.26],[21.70314,70.26179],[21.67693,70.28482],[21.68881,70.33544],[21.68458,70.36384],[21.70338,70.37665],[21.70362,70.38638],[21.71225,70.38923],[21.7295,70.38272],[21.73813,70.37824]]],[[[11.07032,59.07933],[11.08302,59.0773],[11.08237,59.06786],[11.05161,59.04613],[11.05486,59.03587],[11.0464,59.0268],[11.01824,59.01935],[11.00896,59.0292],[10.99147,59.0336],[10.99318,59.07665],[11.00327,59.08649],[11.03435,59.08893],[11.03981,59.07441],[11.04762,59.07319],[11.06959,59.07762],[11.07032,59.07933]]],[[[10.91049,59.11644],[10.9144,59.10074],[10.8838,59.07217],[10.84571,59.07575],[10.82911,59.09943],[10.85548,59.11538],[10.86793,59.11327],[10.85727,59.09907],[10.89763,59.11563],[10.91049,59.11644]]],[[[5.28972,60.07429],[5.30006,60.05077],[5.29705,60.02753],[5.26881,59.99486],[5.25367,59.99311],[5.24545,60.0043],[5.20427,60.01606],[5.19793,60.03388],[5.17172,60.04946],[5.17986,60.06818],[5.20362,60.08828],[5.22389,60.0423],[5.2317,60.04051],[5.24659,60.05146],[5.22877,60.06733],[5.20493,60.10708],[5.20533,60.11738],[5.22202,60.11713],[5.24781,60.09854],[5.25953,60.07559],[5.26588,60.08267],[5.27931,60.08124],[5.28972,60.07429]]],[[[4.92237,60.8675],[4.92937,60.86115],[4.92514,60.85554],[4.87875,60.86514],[4.86817,60.88776],[4.86101,60.88467],[4.83473,60.89521],[4.82521,60.92048],[4.80958,60.91185],[4.78159,60.91763],[4.77687,60.93],[4.79509,60.93887],[4.83676,60.94318],[4.84327,60.93887],[4.82488,60.93008],[4.88282,60.93],[4.88413,60.9256],[4.87086,60.92377],[4.87403,60.91767],[4.89723,60.90742],[4.92254,60.87812],[4.92009,60.86835],[4.92237,60.8675]]],[[[4.72145,61.04023],[4.73959,61.02766],[4.73902,61.01374],[4.73113,60.99994],[4.70688,60.98851],[4.70134,61.00161],[4.70867,61.01972],[4.68035,60.99714],[4.66489,61.0187],[4.64869,61.02643],[4.64877,61.05467],[4.64381,61.0576],[4.6797,61.07966],[4.70004,61.08222],[4.71461,61.06013],[4.71144,61.04828],[4.72145,61.04023]]],[[[5.12029,62.02578],[5.13356,62.01984],[5.15211,61.99795],[5.12322,61.9488],[5.09523,61.92744],[5.02149,61.93887],[5.01612,61.95246],[5.03663,61.96149],[5.04835,61.95283],[5.05584,61.95897],[5.05437,61.97236],[4.99855,61.99624],[4.98422,62.00947],[4.98512,62.03388],[4.99293,62.03506],[5.07976,62.00641],[5.10182,62.02131],[5.12029,62.02578]]],[[[5.636,62.31928],[5.60304,62.32876],[5.63014,62.34178],[5.67986,62.3465],[5.68531,62.36205],[5.74147,62.36066],[5.73374,62.33308],[5.73902,62.33242],[5.72853,62.32665],[5.69899,62.32136],[5.67457,62.32274],[5.66725,62.3299],[5.64975,62.31977],[5.636,62.31928]]],[[[5.59392,62.33979],[5.54249,62.33173],[5.52133,62.33487],[5.50994,62.364],[5.52361,62.3697],[5.54737,62.36787],[5.59636,62.35448],[5.59767,62.34479],[5.59392,62.33979]]],[[[8.31479,63.18134],[8.32537,63.17137],[8.20981,63.16136],[8.19581,63.16718],[8.1819,63.20136],[8.16529,63.21345],[8.17066,63.22016],[8.21046,63.22736],[8.23512,63.22223],[8.30641,63.18822],[8.31479,63.18134]]],[[[9.16,63.64777],[9.17091,63.64142],[9.16212,63.63386],[9.07634,63.61298],[9.03012,63.61726],[9.01401,63.62669],[9.03053,63.633],[9.04152,63.65461],[9.05787,63.66108],[9.10759,63.65982],[9.1233,63.64985],[9.15659,63.64842],[9.16,63.64777]]],[[[9.93084,64.02753],[9.94386,64.01146],[9.89226,63.99702],[9.85385,64.00894],[9.88111,64.01996],[9.84742,64.02631],[9.84376,64.03319],[9.87525,64.03832],[9.88852,64.04906],[9.91749,64.03718],[9.91969,64.02851],[9.93084,64.02753]]],[[[11.46551,64.58784],[11.4817,64.56342],[11.48024,64.55606],[11.43784,64.54987],[11.43287,64.54243],[11.35133,64.5644],[11.34449,64.57368],[11.35426,64.58735],[11.36883,64.59101],[11.36134,64.62775],[11.36647,64.63443],[11.39145,64.61103],[11.39308,64.62592],[11.45436,64.59317],[11.46551,64.58784]]],[[[11.35076,64.65156],[11.3401,64.62043],[11.31227,64.59968],[11.2798,64.61176],[11.24545,64.63939],[11.22047,64.63345],[11.17311,64.63736],[11.16993,64.6446],[11.18165,64.65754],[11.16798,64.65973],[11.18556,64.67381],[11.30397,64.69208],[11.31666,64.68976],[11.31642,64.68081],[11.34262,64.67768],[11.35572,64.6673],[11.35076,64.65156]]],[[[11.76173,65.11937],[11.77687,65.11848],[11.77719,65.11005],[11.6736,65.07172],[11.70086,65.06476],[11.6985,65.05744],[11.66944,65.04491],[11.65187,65.04572],[11.65219,65.06],[11.65797,65.06468],[11.57985,65.04255],[11.5586,65.04206],[11.51881,65.05459],[11.52817,65.06379],[11.53102,65.08519],[11.58033,65.10969],[11.68897,65.11799],[11.72576,65.10663],[11.74293,65.11538],[11.76173,65.11937]]],[[[17.54713,69.09211],[17.57211,69.08955],[17.55128,69.08124],[17.53891,69.05561],[17.45786,69.02717],[17.41896,68.9964],[17.40113,68.98932],[17.37664,68.98932],[17.34409,69.00324],[17.35255,69.03473],[17.36443,69.04711],[17.41969,69.07917],[17.45151,69.08491],[17.54713,69.09211]]],[[[24.83693,71.09488],[24.81235,71.07998],[24.82602,71.07685],[24.78761,71.06782],[24.77662,71.05923],[24.78907,71.05305],[24.78907,71.04707],[24.77003,71.02619],[24.72202,71.02656],[24.61427,71.05663],[24.61899,71.06932],[24.67164,71.08808],[24.70533,71.07852],[24.70484,71.06904],[24.73292,71.06859],[24.73911,71.07331],[24.70948,71.09772],[24.71258,71.10757],[24.74488,71.10879],[24.78826,71.093],[24.8366,71.09955],[24.83693,71.09488]]],[[[5.76401,59.11787],[5.77589,59.11274],[5.77475,59.08055],[5.75074,59.07233],[5.57521,59.12401],[5.60792,59.13443],[5.69793,59.12018],[5.73911,59.12442],[5.76401,59.11787]]],[[[5.46209,59.21088],[5.46811,59.19672],[5.46461,59.18309],[5.44321,59.15892],[5.43067,59.16474],[5.42742,59.17455],[5.38478,59.1953],[5.37534,59.21882],[5.3851,59.23412],[5.40382,59.24209],[5.452,59.22211],[5.46209,59.21088]]],[[[6.01637,59.29218],[6.09986,59.27656],[6.09181,59.26142],[6.05633,59.24071],[5.95818,59.22785],[5.92986,59.24348],[5.93246,59.26899],[5.95249,59.28392],[5.98756,59.29084],[6.01637,59.29218]]],[[[4.84588,60.62812],[4.85182,60.6142],[4.84083,60.60676],[4.84392,60.58975],[4.82097,60.58442],[4.78289,60.59276],[4.77947,60.59854],[4.79078,60.60029],[4.78541,60.61579],[4.79493,60.61542],[4.78614,60.64842],[4.79127,60.66608],[4.80144,60.66718],[4.82057,60.65644],[4.83033,60.64004],[4.82732,60.63141],[4.8379,60.63052],[4.84588,60.62812]]],[[[4.83627,61.67455],[4.83286,61.69579],[4.85825,61.70222],[4.87029,61.71467],[4.87989,61.71198],[4.87745,61.70099],[4.90349,61.67617],[4.9048,61.66022],[4.90284,61.65249],[4.8921,61.66279],[4.86541,61.65937],[4.84083,61.66962],[4.83627,61.67455]]],[[[14.40846,67.42577],[14.4192,67.42341],[14.41285,67.41307],[14.3921,67.39851],[14.36647,67.39094],[14.25611,67.37385],[14.22674,67.37735],[14.22902,67.38418],[14.24855,67.3889],[14.24887,67.39533],[14.25912,67.39549],[14.30942,67.42308],[14.37176,67.44111],[14.40065,67.43659],[14.39918,67.42182],[14.40846,67.42577]]]]}},{"type":"Feature","properties":{"layer":"land","name":"Poland","name_sv":"Polen","iso":"POL","focus":false},"geometry":{"type":"Polygon","coordinates":[[[14.25096,53.0],[14.34334,53.04862],[14.38954,53.13167],[14.37786,53.17655],[14.38065,53.18986],[14.44163,53.25184],[14.40329,53.27879],[14.39801,53.31522],[14.37032,53.3923],[14.35988,53.44408],[14.30417,53.50852],[14.29694,53.52914],[14.29704,53.59776],[14.26097,53.65621],[14.2639,53.69998],[14.30486,53.71255],[14.30616,53.72069],[14.28858,53.72797],[14.30161,53.73485],[14.28858,53.74164],[14.2942,53.74909],[14.33041,53.7342],[14.34205,53.71491],[14.41456,53.68236],[14.45867,53.67788],[14.53102,53.65778],[14.59059,53.59837],[14.60157,53.62665],[14.62379,53.63923],[14.62379,53.65282],[14.57594,53.65965],[14.54493,53.70405],[14.57594,53.76952],[14.58741,53.76349],[14.62379,53.76952],[14.61671,53.79474],[14.63063,53.85151],[14.62379,53.85151],[14.61354,53.83161],[14.58961,53.81733],[14.59588,53.81049],[14.58709,53.81265],[14.5691,53.82416],[14.58961,53.83784],[14.57586,53.8548],[14.55209,53.86278],[14.44117,53.86962],[14.42555,53.87983],[14.43816,53.89932],[14.4319,53.90615],[14.42205,53.89614],[14.3851,53.89728],[14.36305,53.87938],[14.39291,53.87596],[14.41765,53.86514],[14.4157,53.85301],[14.40528,53.84418],[14.38356,53.84467],[14.3283,53.831],[14.3283,53.82416],[14.34132,53.81891],[14.31886,53.81818],[14.27467,53.8308],[14.22657,53.87197],[14.20082,53.87816],[14.19276,53.89377],[14.17529,53.90648],[14.19307,53.91149],[14.21005,53.93846],[14.26808,53.92182],[14.36703,53.91698],[14.40675,53.92182],[14.51735,53.96524],[14.78191,54.03461],[15.0101,54.06981],[15.28834,54.13886],[15.66578,54.19843],[15.85971,54.24999],[16.02084,54.26179],[16.13152,54.28352],[16.06935,54.26301],[16.09108,54.25397],[16.17921,54.26301],[16.17237,54.2766],[16.22006,54.2766],[16.21323,54.28352],[16.21518,54.29963],[16.13771,54.29027],[16.21355,54.31611],[16.2754,54.35859],[16.23178,54.32258],[16.27491,54.33047],[16.3239,54.34992],[16.33676,54.35859],[16.32488,54.37311],[16.30502,54.37348],[16.28159,54.35859],[16.32399,54.40131],[16.43979,54.48827],[16.43442,54.47236],[16.44451,54.46988],[16.4734,54.48212],[16.47975,54.49555],[16.47389,54.49966],[16.44606,54.48827],[16.46656,54.51215],[16.50131,54.53242],[16.56959,54.5572],[16.77849,54.57514],[16.93995,54.60602],[17.03582,54.66706],[17.33741,54.74901],[17.71567,54.79043],[17.88543,54.82412],[18.15235,54.83832],[18.3169,54.83832],[18.33953,54.83348],[18.37582,54.81513],[18.41017,54.8083],[18.75172,54.69009],[18.81397,54.64321],[18.83432,54.61668],[18.8353,54.6031],[18.81764,54.59813],[18.80226,54.61603],[18.78403,54.62352],[18.77182,54.64228],[18.70777,54.70124],[18.65455,54.71015],[18.64503,54.71955],[18.49822,54.76537],[18.45631,54.78766],[18.44777,54.78998],[18.42921,54.78168],[18.4131,54.74653],[18.4131,54.73192],[18.44777,54.71825],[18.47446,54.68757],[18.47039,54.66673],[18.48194,54.65961],[18.47592,54.64008],[18.48731,54.63178],[18.50636,54.6341],[18.52296,54.64655],[18.5171,54.62995],[18.57065,54.55036],[18.56756,54.48786],[18.57407,54.45038],[18.58806,54.43366],[18.69435,54.40453],[18.7173,54.38202],[18.88592,54.35016],[18.92319,54.34854],[18.95436,54.35859],[19.00213,54.34492],[19.37721,54.37763],[19.53102,54.41494],[19.59254,54.45238],[19.60955,54.45673],[19.68028,54.43668],[22.69839,54.34294],[22.76722,54.35627],[22.78603,54.36521],[22.8127,54.3941],[22.8376,54.40092],[22.91884,54.38113],[22.96266,54.3817],[22.98974,54.35338],[23.04162,54.34097],[23.03211,54.30955],[23.0501,54.29483],[23.11707,54.30346],[23.23541,54.25416],[23.31602,54.23628],[23.35447,54.21705],[23.39147,54.1801],[23.4325,54.16931],[23.46299,54.13494],[23.49617,54.04456],[23.49648,54.02197],[23.45927,53.99231],[23.45865,53.98162],[23.49038,53.95061],[23.48687,53.90999],[23.52066,53.83734],[23.52986,53.78416],[23.5404,53.76359],[23.56479,53.7424],[23.56707,53.68101],[23.59094,53.61125],[23.6758,53.45571],[23.74297,53.36548],[23.80064,53.24246],[23.81863,53.22797],[23.84808,53.18381],[23.89366,53.15195],[23.89139,53.12771],[23.86069,53.08748],[23.85935,53.06798],[23.86793,53.05103],[23.90968,53.01273],[23.91033,53.0],[14.25096,53.0]]]}},{"type":"Feature","properties":{"layer":"land","name":"Russia","name_sv":"Ryssland","iso":"RUS","focus":false},"geometry":{"type":"MultiPolygon","coordinates":[[[[33.0,53.0],[31.27624,53.0],[31.24706,53.01439],[31.3192,53.07637],[31.3637,53.08878],[31.36706,53.09893],[31.35993,53.13384],[31.37853,53.18203],[31.41636,53.19998],[31.53593,53.19487],[31.59361,53.21068],[31.67495,53.19523],[31.73856,53.19254],[31.75628,53.18657],[31.76972,53.16926],[31.78047,53.12787],[31.79628,53.11239],[31.8555,53.11025],[31.93074,53.08834],[32.00991,53.09996],[32.08277,53.08196],[32.11729,53.0811],[32.15233,53.09635],[32.20111,53.09756],[32.21569,53.12552],[32.26798,53.12477],[32.35284,53.18045],[32.40555,53.19267],[32.42363,53.2044],[32.45567,53.23667],[32.47913,53.27492],[32.45598,53.27778],[32.4472,53.28876],[32.45484,53.30044],[32.48058,53.30517],[32.50564,53.29719],[32.56915,53.29884],[32.59592,53.30827],[32.57995,53.32437],[32.64987,53.33367],[32.69793,53.32589],[32.71746,53.33494],[32.70444,53.36641],[32.71953,53.43948],[32.70124,53.46211],[32.64677,53.45798],[32.64166,53.46899],[32.65029,53.48764],[32.61814,53.49426],[32.5768,53.48604],[32.55427,53.51079],[32.45293,53.5464],[32.42942,53.56159],[32.41149,53.58236],[32.39909,53.63538],[32.48058,53.66241],[32.49019,53.67714],[32.46156,53.7068],[32.44213,53.71393],[32.3718,53.7144],[32.32581,53.74545],[32.29041,53.76085],[32.16484,53.78168],[32.10603,53.80695],[32.0836,53.80964],[31.87317,53.77713],[31.78729,53.79439],[31.74466,53.79486],[31.7538,53.81961],[31.81013,53.8826],[31.83793,53.96213],[31.84651,53.99231],[31.82264,54.05345],[31.81385,54.05706],[31.78352,54.0458],[31.77127,54.04854],[31.74812,54.08631],[31.73675,54.09417],[31.66693,54.10187],[31.58312,54.12951],[31.50638,54.14393],[31.32468,54.22925],[31.3098,54.24434],[31.29915,54.27261],[31.29202,54.33126],[31.28479,54.34738],[31.24872,54.37678],[31.22536,54.42805],[31.20903,54.44805],[31.17921,54.45311],[31.1679,54.46706],[31.09359,54.47942],[31.06465,54.49228],[31.08955,54.5359],[31.13947,54.58287],[31.16795,54.62158],[31.12862,54.64039],[31.10516,54.66829],[30.99902,54.67134],[30.9955,54.68984],[30.98062,54.70565],[30.8273,54.77103],[30.77061,54.78601],[30.76265,54.80198],[30.76813,54.82994],[30.82611,54.87748],[30.82745,54.90254],[30.81484,54.92802],[30.83861,54.93918],[30.89949,54.94636],[30.91737,54.95396],[30.93607,54.97324],[30.90662,55.01256],[30.91323,55.0246],[30.98062,55.01866],[31.00563,55.023],[31.00641,55.04243],[30.97029,55.10144],[30.98403,55.1309],[30.95881,55.14444],[30.95979,55.16258],[30.88652,55.20454],[30.86983,55.24154],[30.8568,55.25348],[30.80409,55.27296],[30.79427,55.28551],[30.79717,55.30427],[30.81123,55.32308],[30.84564,55.35115],[30.90595,55.376],[30.9183,55.38778],[30.91861,55.40763],[30.8891,55.43341],[30.8813,55.45145],[30.88719,55.46809],[30.91323,55.47971],[30.91944,55.49233],[30.89938,55.49915],[30.91974,55.53449],[30.91282,55.5716],[30.88616,55.60048],[30.84766,55.61102],[30.77071,55.59154],[30.74218,55.59439],[30.69371,55.65216],[30.61661,55.65743],[30.59635,55.66529],[30.58375,55.67914],[30.5916,55.7057],[30.58747,55.71831],[30.56959,55.72952],[30.4807,55.75396],[30.46928,55.76264],[30.47781,55.77913],[30.4774,55.78773],[30.46882,55.79352],[30.27079,55.83065],[30.20025,55.85799],[30.13235,55.82688],[30.10626,55.82192],[29.98823,55.8468],[29.90782,55.84321],[29.86947,55.83055],[29.8057,55.77146],[29.77987,55.76381],[29.71083,55.77375],[29.68416,55.7706],[29.58536,55.73802],[29.5081,55.68549],[29.48087,55.6811],[29.46102,55.6873],[29.41307,55.72776],[29.36341,55.75148],[29.35074,55.76606],[29.34361,55.78698],[29.34816,55.80285],[29.37193,55.83639],[29.38413,55.87995],[29.39963,55.89189],[29.44056,55.90054],[29.44443,55.90693],[29.41307,55.93798],[29.37741,55.95403],[29.22404,55.97819],[29.14543,56.01203],[29.08864,56.02322],[29.03076,56.02418],[28.85972,55.97646],[28.83305,55.96098],[28.83088,55.93767],[28.80897,55.93457],[28.73192,55.94679],[28.70639,55.95984],[28.68061,56.02738],[28.61146,56.08846],[28.53782,56.09771],[28.38977,56.08857],[28.36652,56.07911],[28.33344,56.05025],[28.31091,56.04268],[28.26936,56.05821],[28.16911,56.12526],[28.14891,56.14241],[28.16911,56.16174],[28.19314,56.23104],[28.21531,56.256],[28.21728,56.27073],[28.16715,56.36987],[28.16426,56.43795],[28.10452,56.48307],[28.09325,56.50159],[28.09925,56.5134],[28.13221,56.53598],[28.12612,56.54776],[28.02866,56.57675],[28.01098,56.58756],[27.99744,56.60383],[27.99134,56.66998],[27.98101,56.68701],[27.88262,56.72548],[27.86546,56.74269],[27.91889,56.80589],[27.91352,56.82015],[27.83084,56.86428],[27.7864,56.87126],[27.74407,56.8648],[27.66118,56.83927],[27.62837,56.84415],[27.64873,56.87927],[27.71514,56.9574],[27.72335,56.9988],[27.75074,57.04236],[27.74547,57.06799],[27.69607,57.08546],[27.68222,57.1037],[27.70097,57.11879],[27.79405,57.14339],[27.82433,57.15907],[27.84117,57.21121],[27.84613,57.26731],[27.8403,57.29064],[27.82774,57.30495],[27.70795,57.34813],[27.64082,57.389],[27.53628,57.41569],[27.51132,57.4304],[27.52564,57.46838],[27.52817,57.52848],[27.35293,57.5276],[27.33557,57.5539],[27.32803,57.58315],[27.3366,57.59173],[27.38208,57.60269],[27.38699,57.62765],[27.37702,57.65671],[27.39143,57.6802],[27.40771,57.68899],[27.49039,57.70462],[27.50776,57.71477],[27.50889,57.72746],[27.49783,57.75567],[27.50243,57.77255],[27.52615,57.78728],[27.55385,57.79477],[27.5246,57.8073],[27.70072,57.82484],[27.76345,57.83867],[27.78681,57.84758],[27.79932,57.86107],[27.79084,57.88086],[27.77441,57.8907],[27.66496,57.9184],[27.65938,57.93246],[27.67519,57.96781],[27.66909,57.99197],[27.63157,58.00416],[27.63013,58.033],[27.63659,58.0592],[27.63044,58.08829],[27.57969,58.12586],[27.49535,58.22146],[27.48285,58.26864],[27.49412,58.31954],[27.55489,58.39525],[27.41061,58.75486],[27.47779,58.87543],[27.69441,58.97594],[27.71333,58.9919],[27.72439,59.01443],[27.78433,59.07717],[27.84241,59.1612],[27.87352,59.23649],[27.89078,59.25804],[27.88231,59.27566],[27.90391,59.29039],[27.95972,59.30646],[28.07661,59.30527],[28.09687,59.31943],[28.00065,59.33374],[28.03238,59.34196],[28.11356,59.34542],[28.15754,59.36403],[28.18182,59.35607],[28.18648,59.37493],[28.1378,59.40035],[28.10483,59.43921],[28.03858,59.46299],[28.01905,59.48176],[28.05535,59.5279],[28.0726,59.57803],[28.05177,59.62482],[28.00017,59.68138],[27.99342,59.70332],[28.00701,59.75825],[28.0586,59.78962],[28.08693,59.79938],[28.12387,59.7923],[28.18523,59.75861],[28.22389,59.69111],[28.33579,59.66816],[28.37525,59.66633],[28.40496,59.68285],[28.41774,59.7084],[28.41863,59.78962],[28.4275,59.81342],[28.47609,59.85175],[28.5005,59.86103],[28.53582,59.85957],[28.58188,59.83405],[28.67856,59.81318],[28.69907,59.79267],[28.71803,59.78681],[28.76677,59.79955],[28.83253,59.78653],[28.8838,59.8166],[28.91912,59.81395],[28.97633,59.83129],[29.011,59.85761],[29.03443,59.8867],[29.03077,59.90111],[28.98024,59.92988],[29.01441,59.92988],[29.08937,59.97993],[29.12045,59.99445],[29.16139,60.00263],[29.26629,59.99811],[29.49968,59.96841],[29.80421,59.94009],[29.8628,59.91795],[30.115,59.87055],[30.16196,59.86848],[30.19256,59.8806],[30.21632,59.90721],[30.22429,59.93325],[30.2068,59.94355],[30.21843,59.95816],[30.2461,59.97492],[30.23463,59.99136],[30.20997,60.00113],[30.00082,60.01195],[29.94825,60.02969],[29.93238,60.06647],[29.91041,60.07502],[29.89088,60.10122],[29.89967,60.13361],[29.88461,60.1496],[29.84897,60.16694],[29.70102,60.20051],[29.5254,60.20087],[29.4179,60.16885],[29.0923,60.17797],[29.05201,60.18427],[29.01515,60.19685],[28.9865,60.21723],[28.94695,60.26374],[28.92237,60.27985],[28.8602,60.29536],[28.81568,60.36127],[28.79949,60.36884],[28.78785,60.34138],[28.74635,60.34211],[28.72364,60.34492],[28.69361,60.36213],[28.61695,60.38199],[28.51759,60.48884],[28.45362,60.53962],[28.43897,60.55988],[28.4734,60.56623],[28.50734,60.55988],[28.52443,60.52237],[28.54379,60.5104],[28.61695,60.48884],[28.6836,60.45588],[28.70281,60.46117],[28.7072,60.47846],[28.69907,60.49982],[28.68629,60.51805],[28.66139,60.53461],[28.65805,60.59406],[28.66383,60.61445],[28.68539,60.61514],[28.64918,60.65575],[28.64454,60.66974],[28.65463,60.68187],[28.71274,60.66974],[28.73455,60.69282],[28.72193,60.72118],[28.69044,60.73847],[28.65463,60.7281],[28.5739,60.68268],[28.52101,60.68403],[28.47625,60.66974],[28.42408,60.6717],[28.40056,60.66527],[28.38299,60.62425],[28.34181,60.62763],[28.32163,60.62132],[28.33758,60.60981],[28.34343,60.59406],[28.3069,60.60273],[28.28647,60.59833],[28.21583,60.54755],[28.15846,60.55305],[28.14723,60.53632],[28.13738,60.53319],[28.09645,60.53937],[28.03443,60.52578],[27.9004,60.52847],[27.87094,60.54047],[27.86305,60.56733],[27.81642,60.52822],[27.79412,60.53319],[27.80787,60.55305],[27.98101,60.64948],[28.14813,60.75771],[28.24394,60.79159],[28.33592,60.85939],[28.48093,60.93346],[28.5264,60.95023],[28.61456,60.96194],[28.68898,61.02739],[28.75016,61.06136],[28.7976,61.09684],[28.85548,61.11268],[28.98085,61.1681],[29.13009,61.21342],[29.20316,61.2459],[29.3184,61.33843],[29.4634,61.41382],[29.51704,61.47506],[29.63512,61.5111],[29.77914,61.59311],[29.82188,61.64458],[29.84224,61.66016],[29.97768,61.72817],[30.33957,61.99167],[30.4807,62.06768],[30.60721,62.15127],[30.64772,62.19277],[30.70384,62.21039],[30.79381,62.253],[30.92564,62.30212],[30.98062,62.3588],[31.12335,62.43482],[31.15296,62.46735],[31.16862,62.47601],[31.24376,62.50334],[31.28406,62.57298],[31.30277,62.59602],[31.34701,62.62933],[31.36334,62.65158],[31.41057,62.74653],[31.44126,62.7887],[31.56952,62.90593],[31.53583,62.91952],[31.50545,62.9682],[31.48064,62.98634],[31.44447,63.00194],[31.38034,63.04794],[31.26277,63.10059],[31.24076,63.13573],[31.22567,63.19604],[31.20397,63.21268],[30.97494,63.28916],[30.82094,63.37567],[30.46107,63.47287],[30.38045,63.53245],[30.24247,63.58181],[30.00115,63.71534],[29.98079,63.74154],[30.05127,63.76376],[30.20155,63.79265],[30.26557,63.83068],[30.32857,63.896],[30.50933,63.99139],[30.55233,64.02173],[30.58049,64.05108],[30.58643,64.08467],[30.56214,64.1274],[30.53279,64.16254],[30.53248,64.17918],[30.55026,64.19887],[30.55848,64.2197],[30.5362,64.23468],[30.50344,64.24378],[30.44598,64.25076],[30.37048,64.30083],[30.32113,64.31768],[30.16444,64.34191],[30.09313,64.36124],[30.05298,64.37809],[30.03246,64.39695],[30.04104,64.42294],[30.0628,64.44842],[30.07039,64.47188],[30.03577,64.49147],[29.9905,64.50418],[29.99153,64.51322],[29.97898,64.51834],[29.96849,64.56283],[29.95484,64.56898],[29.9658,64.57864],[30.13643,64.61539],[30.18082,64.64277],[30.1878,64.66236],[30.17054,64.68169],[30.13137,64.70122],[30.10915,64.72008],[30.11886,64.76793],[30.06254,64.78416],[29.87785,64.78483],[29.78028,64.79558],[29.69832,64.83914],[29.63362,64.90715],[29.58815,64.99143],[29.59838,65.03438],[29.62732,65.06223],[29.66783,65.07794],[29.82048,65.09365],[29.8456,65.10802],[29.8502,65.1215],[29.82033,65.12652],[29.80819,65.1353],[29.80911,65.14522],[29.83929,65.1669],[29.8332,65.20501],[29.76684,65.21736],[29.6267,65.21522],[29.58009,65.2354],[29.61512,65.2694],[29.72013,65.32909],[29.73057,65.36536],[29.71816,65.45417],[29.72633,65.49151],[29.74545,65.5114],[29.82576,65.55197],[29.83857,65.56489],[29.80674,65.58486],[29.73232,65.60871],[29.70287,65.62938],[29.76426,65.64809],[30.00301,65.67814],[30.0985,65.65638],[30.1139,65.6655],[30.11173,65.71201],[30.07515,65.82281],[30.03928,65.86539],[29.99794,65.93153],[29.95846,65.97388],[29.90017,66.10806],[29.87536,66.13359],[29.79237,66.18087],[29.65088,66.28789],[29.59321,66.34593],[29.5697,66.37817],[29.52448,66.49121],[29.40945,66.56847],[29.39643,66.58663],[29.3924,66.60529],[29.36397,66.62459],[29.32222,66.68006],[29.08916,66.83755],[29.05154,66.9078],[29.09991,66.99113],[29.4294,67.23277],[29.49068,67.26298],[29.51983,67.29817],[29.91624,67.50813],[29.95991,67.57159],[29.97768,67.66223],[30.00941,67.68584],[29.71382,67.7925],[29.65119,67.82356],[29.36015,68.05673],[29.33085,68.07269],[28.72722,68.17269],[28.69032,68.18318],[28.66376,68.204],[28.46098,68.49107],[28.44744,68.51489],[28.44791,68.52972],[28.71637,68.72795],[28.74727,68.76014],[28.80148,68.83549],[28.72825,68.86505],[28.64567,68.87166],[28.44424,68.86582],[28.41313,68.88009],[28.41023,68.89853],[28.45623,68.90014],[28.71326,68.96804],[28.83346,68.98447],[28.97366,69.03424],[29.06477,69.0347],[29.12027,69.04685],[29.17298,69.06938],[29.24047,69.11506],[29.26879,69.16668],[29.30227,69.20084],[29.30744,69.22632],[29.33452,69.27738],[29.37679,69.30161],[29.43456,69.31184],[29.60427,69.3152],[29.66184,69.32502],[29.75139,69.35716],[29.90069,69.35825],[29.96714,69.37349],[30.00176,69.39458],[30.12341,69.44191],[30.13736,69.45297],[30.14501,69.49106],[30.15483,69.50609],[30.21064,69.52821],[30.2247,69.54082],[30.23162,69.55834],[30.22015,69.60025],[30.20878,69.60867],[30.14863,69.61849],[30.11907,69.63456],[30.18615,69.64133],[30.23069,69.6373],[30.29436,69.62025],[30.51166,69.53633],[30.75531,69.52149],[30.85298,69.52744],[30.89825,69.54423],[30.92703,69.57839],[30.9277,69.67213],[30.8843,69.70236],[30.87706,69.73761],[30.84399,69.76623],[30.84095,69.80584],[31.03224,69.77709],[31.13331,69.7757],[31.21412,69.75601],[31.26157,69.76341],[31.28346,69.76032],[31.40903,69.71581],[31.40138,69.68769],[31.36793,69.67137],[31.36158,69.65046],[31.29672,69.61262],[31.32569,69.61494],[31.45216,69.68891],[31.47779,69.69766],[31.52068,69.68867],[31.55681,69.70197],[31.81056,69.68773],[31.79762,69.70449],[31.7212,69.72557],[31.70086,69.73656],[31.69907,69.74429],[31.72804,69.77025],[31.70883,69.80858],[31.71095,69.82738],[31.72804,69.8454],[31.75367,69.85407],[31.86793,69.84854],[31.90675,69.82925],[31.96404,69.8166],[32.02906,69.78197],[32.05698,69.77709],[32.07635,69.78876],[32.09889,69.7919],[32.09181,69.81562],[32.05047,69.84199],[31.98129,69.87328],[31.98129,69.90062],[31.91831,69.92646],[31.91334,69.93618],[31.92319,69.95181],[31.94215,69.96503],[31.98455,69.97028],[32.05445,69.96377],[32.26726,69.87629],[32.35808,69.87954],[32.48829,69.8509],[32.5232,69.83234],[32.50359,69.82087],[32.50668,69.81098],[32.5232,69.80317],[32.62468,69.78278],[32.72731,69.7919],[32.91961,69.78002],[33.0,69.76011],[33.0,69.61005],[32.87176,69.58251],[32.50196,69.63312],[32.43727,69.65009],[32.37062,69.64008],[32.16969,69.65485],[32.15943,69.66108],[32.15968,69.66771],[32.17368,69.68154],[32.18043,69.71475],[32.16245,69.74144],[32.13014,69.75601],[32.11166,69.75288],[32.10743,69.74604],[32.11915,69.70848],[32.10157,69.67398],[32.05982,69.65949],[31.96827,69.6542],[32.05592,69.63654],[32.06381,69.61945],[32.05193,69.60431],[32.01612,69.58023],[32.01612,69.56419],[32.07472,69.59077],[32.13331,69.59821],[32.28826,69.57429],[32.3991,69.58422],[32.42848,69.57416],[32.43385,69.56419],[32.3921,69.53685],[32.42091,69.5362],[32.50196,69.51704],[32.48585,69.50348],[32.42018,69.50275],[32.38168,69.47309],[32.36525,69.46865],[32.32276,69.46235],[32.23846,69.43696],[32.19361,69.43452],[32.23805,69.42231],[32.2894,69.43073],[32.386,69.46182],[32.4201,69.46459],[32.4546,69.49286],[32.5276,69.48932],[32.53688,69.50959],[32.60377,69.4842],[32.64389,69.49799],[32.68702,69.50275],[32.79005,69.48969],[32.8777,69.49112],[32.89926,69.48225],[32.79249,69.44253],[32.76954,69.41401],[32.89308,69.46182],[33.0,69.47478],[33.0,69.43385],[32.86183,69.36522],[32.83774,69.33145],[32.80372,69.30415],[32.8235,69.30121],[32.85483,69.3111],[32.88917,69.31192],[32.95314,69.37751],[33.0,69.3953],[33.0,66.90432],[32.84327,66.97626],[32.80486,67.01032],[32.79819,67.03046],[32.80226,67.04906],[32.81739,67.06342],[32.85385,67.07453],[32.93279,67.07978],[32.96876,67.09077],[32.92994,67.1],[32.77223,67.093],[32.63551,67.13288],[32.45444,67.13496],[32.38258,67.15965],[32.32537,67.15933],[32.24968,67.14472],[32.1902,67.15282],[32.07407,67.14159],[31.91049,67.16828],[31.8777,67.16478],[31.85092,67.15282],[31.92661,67.15282],[31.91293,67.1249],[32.09278,67.12035],[32.20484,67.13447],[32.23455,67.13296],[32.26197,67.12499],[32.30397,67.0976],[32.34498,67.08417],[32.35808,67.07026],[32.32455,67.07803],[32.28981,67.0777],[32.31414,67.06025],[32.41863,67.05439],[32.50327,67.03046],[32.54982,67.00007],[32.55698,66.989],[32.55152,66.97651],[32.53346,66.95698],[32.50668,66.94892],[32.3921,66.95356],[32.41774,66.94636],[32.47242,66.94514],[32.49586,66.93309],[32.47535,66.92695],[32.47828,66.90998],[32.46217,66.90013],[32.42018,66.89216],[32.42018,66.88593],[32.54542,66.883],[32.59148,66.85798],[32.6526,66.84162],[32.67604,66.82836],[32.66651,66.80956],[32.70509,66.79637],[32.90675,66.77607],[32.93474,66.74193],[32.9192,66.73676],[32.81202,66.73574],[32.76954,66.74193],[32.97462,66.69111],[33.0,66.69127],[33.0,66.59534],[32.93816,66.60301],[32.86525,66.59797],[32.90138,66.57477],[33.0,66.57578],[33.0,66.54314],[32.96876,66.54043],[32.94093,66.52847],[33.0,66.51094],[33.0,53.0]]],[[[22.76722,54.35627],[22.69839,54.34294],[19.68028,54.43668],[19.60955,54.45673],[19.62647,54.46101],[19.62647,54.46845],[19.73406,54.5257],[19.83188,54.59813],[19.88315,54.65619],[19.90016,54.66706],[19.90016,54.68757],[19.93019,54.71943],[19.96168,54.77318],[19.95232,54.81631],[19.92579,54.86713],[19.92066,54.88959],[19.94077,54.93439],[19.97674,54.96459],[19.99586,54.96809],[20.0337,54.94819],[20.20582,54.95844],[20.36557,54.94619],[20.40699,54.95161],[20.48243,54.97553],[20.63404,55.04877],[20.80844,55.17626],[20.82228,55.18098],[20.92457,55.28266],[20.98951,55.27041],[20.94109,55.24868],[20.93702,55.23774],[20.9131,55.23322],[20.90333,55.22582],[20.90553,55.21857],[20.89064,55.21259],[20.88404,55.19806],[20.83481,55.15205],[20.68784,55.05069],[20.53338,54.97358],[20.53093,54.96467],[20.55812,54.94082],[20.76368,54.9477],[20.80519,54.94082],[20.86036,54.91132],[20.96909,54.89981],[21.03932,54.904],[21.05592,54.91445],[21.07895,54.89981],[21.09067,54.90156],[21.10621,54.91352],[21.23015,54.93891],[21.24342,54.96125],[21.21941,55.01325],[21.19508,55.1354],[21.18133,55.17109],[21.18344,55.20173],[21.20167,55.21442],[21.22291,55.20148],[21.25904,55.20498],[21.27133,55.22028],[21.27231,55.24384],[21.26759,55.24868],[21.34984,55.28779],[21.37485,55.28996],[21.40555,55.27239],[21.46766,55.21115],[21.50394,55.19441],[21.60512,55.1925],[21.64584,55.18103],[21.75064,55.12795],[21.81989,55.11932],[21.87322,55.09493],[21.94277,55.07829],[21.9775,55.09199],[22.00344,55.09349],[22.01543,55.08842],[22.01863,55.06093],[22.02773,55.04439],[22.04995,55.03354],[22.09987,55.02992],[22.14266,55.05463],[22.25128,55.07085],[22.43628,55.05778],[22.54108,55.07576],[22.56547,55.0678],[22.58067,55.05762],[22.60837,54.99241],[22.63348,54.95794],[22.71554,54.95138],[22.75213,54.93112],[22.74097,54.91763],[22.74924,54.90988],[22.82127,54.88549],[22.84835,54.81381],[22.84577,54.79614],[22.83285,54.77867],[22.78665,54.75599],[22.76484,54.73712],[22.72484,54.72338],[22.72702,54.70534],[22.70087,54.67956],[22.7081,54.63563],[22.68175,54.5699],[22.67462,54.49228],[22.6804,54.45322],[22.70697,54.41875],[22.76722,54.35627]]],[[[28.63461,60.60139],[28.59946,60.57665],[28.57553,60.58039],[28.5617,60.59447],[28.55665,60.61201],[28.56105,60.62946],[28.57553,60.64305],[28.58872,60.64631],[28.61785,60.63923],[28.63103,60.61762],[28.63461,60.60139]]],[[[29.79135,59.99486],[29.80055,59.98554],[29.78688,59.97508],[29.6574,60.02546],[29.71355,60.02188],[29.78745,59.99677],[29.79135,59.99486]]],[[[27.88502,60.01105],[27.89234,59.99502],[27.82049,59.98273],[27.80486,59.98949],[27.80974,60.02021],[27.82008,60.03083],[27.86931,60.01374],[27.88502,60.01105]]],[[[27.02223,60.04218],[27.02735,60.02676],[27.02068,60.01756],[26.98471,60.01773],[26.94451,60.09138],[26.95004,60.09956],[26.96412,60.09943],[27.01783,60.04792],[27.02223,60.04218]]],[[[28.71176,60.29499],[28.72136,60.28754],[28.70314,60.28001],[28.69459,60.26114],[28.6242,60.27021],[28.55104,60.30272],[28.54135,60.34736],[28.5687,60.34333],[28.58033,60.34894],[28.58693,60.34003],[28.61231,60.33731],[28.68295,60.29951],[28.71176,60.29499]]],[[[28.51686,60.33771],[28.52426,60.33137],[28.51832,60.31293],[28.50367,60.31102],[28.44239,60.34431],[28.42555,60.36078],[28.42799,60.36591],[28.4546,60.36685],[28.48487,60.36188],[28.5031,60.35407],[28.51368,60.3417],[28.51686,60.33771]]],[[[32.386,67.13231],[32.40756,67.12043],[32.40707,67.10712],[32.39373,67.10033],[32.34425,67.11685],[32.33766,67.1249],[32.34148,67.13605],[32.37355,67.13687],[32.386,67.13231]]]]}},{"type":"Feature","properties":{"layer":"land","name":"Sweden","name_sv":"Sverige","iso":"SWE","focus":true},"geometry":{"type":"MultiPolygon","coordinates":[[[[20.62317,69.03636],[20.67546,69.01817],[20.79535,69.01124],[20.86398,68.98628],[20.91121,68.9807],[20.93457,68.96695],[20.93426,68.94902],[20.91782,68.93295],[20.88764,68.92706],[20.88454,68.9067],[20.90573,68.89461],[21.07213,68.86944],[21.21662,68.81725],[21.3054,68.7558],[21.40637,68.74888],[21.46363,68.68687],[21.49567,68.6755],[21.57246,68.66739],[21.71684,68.61922],[21.7371,68.58791],[21.91921,68.56822],[22.0361,68.50652],[22.03837,68.48828],[22.07217,68.47701],[22.30306,68.47613],[22.37107,68.46838],[22.37799,68.45412],[22.45685,68.45179],[22.60764,68.42492],[22.66221,68.4274],[22.74862,68.38549],[22.80825,68.3949],[22.83337,68.38477],[22.87512,68.35107],[22.90375,68.33661],[23.06694,68.29025],[23.08162,68.26529],[23.14001,68.23418],[23.15521,68.21744],[23.14942,68.19403],[23.15975,68.17873],[23.14942,68.13941],[23.15169,68.13026],[23.16565,68.12204],[23.18725,68.12225],[23.2721,68.14499],[23.30652,68.14561],[23.33091,68.12778],[23.383,68.05125],[23.48469,68.0159],[23.57368,67.97332],[23.64314,67.96319],[23.66215,67.95043],[23.66122,67.93286],[23.63611,67.91348],[23.53255,67.89317],[23.49885,67.88216],[23.48128,67.86464],[23.47674,67.84134],[23.48469,67.79623],[23.48459,67.73716],[23.5188,67.65282],[23.55032,67.61091],[23.55353,67.58704],[23.47343,67.555],[23.48469,67.54296],[23.44346,67.50472],[23.43126,67.48552],[23.44366,67.46103],[23.47715,67.44382],[23.59456,67.45361],[23.66267,67.43622],[23.75259,67.42731],[23.76519,67.42007],[23.76323,67.39754],[23.75135,67.36953],[23.75145,67.34623],[23.78566,67.33752],[23.76323,67.30649],[23.73543,67.28969],[23.62226,67.26902],[23.60272,67.26026],[23.59146,67.22502],[23.59673,67.21797],[23.61492,67.21399],[23.59756,67.19027],[23.57399,67.17303],[23.58133,67.15314],[23.6666,67.09792],[23.67673,67.05849],[23.72034,67.01687],[23.7438,67.00103],[23.79207,66.98893],[23.81667,66.9755],[23.87361,66.92465],[23.93335,66.88876],[24.00404,66.8052],[23.99919,66.79629],[23.98441,66.79298],[23.93924,66.79112],[23.92477,66.77298],[23.89242,66.75091],[23.90317,66.68632],[23.88188,66.6318],[23.89325,66.59604],[23.89149,66.57888],[23.88188,66.56354],[23.80767,66.53925],[23.80612,66.52814],[23.78587,66.51842],[23.73109,66.50312],[23.73109,66.48716],[23.67683,66.47401],[23.65244,66.45884],[23.64231,66.43626],[23.66587,66.40556],[23.67704,66.36362],[23.66277,66.31652],[23.68944,66.25699],[23.72416,66.20663],[23.78555,66.17669],[23.88932,66.16111],[23.91144,66.14862],[23.97459,66.07282],[24.01965,66.04894],[24.05531,65.98517],[24.05479,65.94791],[24.10233,65.90859],[24.12445,65.8689],[24.16341,65.84079],[24.1631,65.8227],[24.14031,65.80451],[24.10515,65.80182],[24.03272,65.80972],[24.05323,65.79605],[24.02882,65.79011],[23.98015,65.79487],[23.95704,65.78913],[23.94386,65.76655],[23.92644,65.7604],[23.88543,65.77363],[23.87184,65.79487],[23.85467,65.78913],[23.78175,65.79304],[23.76197,65.82225],[23.73943,65.82929],[23.6902,65.83015],[23.67498,65.82538],[23.63551,65.79605],[23.6233,65.79621],[23.60759,65.80972],[23.48414,65.81586],[23.49057,65.82978],[23.47006,65.83332],[23.45737,65.83015],[23.44996,65.81586],[23.42205,65.80223],[23.43784,65.7923],[23.43344,65.76667],[23.42848,65.76533],[23.38502,65.77521],[23.37428,65.79043],[23.37428,65.8227],[23.35279,65.82136],[23.31218,65.79605],[23.28972,65.79584],[23.23024,65.8227],[23.19597,65.82697],[23.18377,65.81965],[23.18238,65.80223],[23.19077,65.78986],[23.23764,65.7687],[23.1482,65.74559],[23.12843,65.73395],[23.12957,65.71503],[23.10304,65.70466],[23.07879,65.70722],[23.08676,65.72773],[23.04591,65.76122],[22.98976,65.76431],[22.94402,65.77534],[22.91489,65.79605],[22.90105,65.79865],[22.8602,65.79605],[22.83717,65.80769],[22.80592,65.84858],[22.78517,65.86432],[22.65301,65.90839],[22.63429,65.90522],[22.68214,65.87108],[22.69972,65.80394],[22.68873,65.77562],[22.66375,65.75751],[22.64812,65.75507],[22.65301,65.77806],[22.62794,65.79035],[22.56984,65.79605],[22.51149,65.77489],[22.50554,65.7836],[22.51157,65.79466],[22.53199,65.80972],[22.5184,65.82266],[22.4699,65.84321],[22.47731,65.85688],[22.40553,65.86392],[22.37013,65.86172],[22.36744,65.84321],[22.32594,65.83698],[22.36744,65.80972],[22.36451,65.7978],[22.3191,65.80223],[22.36061,65.76122],[22.32602,65.7355],[22.28549,65.74339],[22.24464,65.76024],[22.20924,65.76122],[22.24985,65.73574],[22.36183,65.71625],[22.37664,65.70026],[22.38795,65.67251],[22.3628,65.67292],[22.33961,65.66502],[22.32944,65.68928],[22.30787,65.70083],[22.2815,65.70148],[22.25758,65.69302],[22.26808,65.68122],[22.25758,65.66502],[22.28492,65.63154],[22.26206,65.62556],[22.18922,65.62409],[22.26271,65.61176],[22.30063,65.61152],[22.3191,65.63154],[22.28492,65.66502],[22.29314,65.67365],[22.3086,65.66938],[22.33334,65.65135],[22.32594,65.64521],[22.38038,65.63402],[22.38453,65.62783],[22.3401,65.61286],[22.33334,65.60419],[22.3436,65.59565],[22.41139,65.57901],[22.42897,65.54898],[22.40528,65.54194],[22.36988,65.56281],[22.29851,65.57689],[22.27491,65.58788],[22.25074,65.58316],[22.2566,65.56904],[22.22828,65.57209],[22.12647,65.60375],[22.05128,65.61734],[22.0062,65.64179],[21.96388,65.64672],[21.92986,65.6634],[21.85279,65.67829],[21.80958,65.7106],[21.76417,65.72773],[21.78777,65.68671],[21.84791,65.66096],[21.97022,65.63154],[22.05275,65.59764],[22.13258,65.57819],[22.17009,65.55305],[22.20297,65.54898],[22.17693,65.53978],[22.09311,65.53535],[22.06593,65.51431],[22.04762,65.52497],[22.01124,65.51748],[21.85353,65.53535],[21.90024,65.50129],[21.92791,65.48945],[21.95037,65.49494],[21.92172,65.508],[21.94711,65.50943],[22.03159,65.46703],[22.01173,65.43203],[21.99757,65.42609],[21.96608,65.43374],[21.94223,65.45336],[21.9323,65.44135],[21.94223,65.41181],[21.92775,65.40412],[21.88852,65.40766],[21.88087,65.41865],[21.82097,65.40103],[21.79021,65.40009],[21.7059,65.4145],[21.68832,65.41234],[21.70265,65.39814],[21.6561,65.39716],[21.63111,65.40005],[21.61004,65.41865],[21.58668,65.4182],[21.54444,65.41181],[21.54444,65.40559],[21.59962,65.39814],[21.59962,65.39191],[21.48911,65.39338],[21.46998,65.37763],[21.48976,65.37084],[21.4489,65.35716],[21.49155,65.34829],[21.54298,65.31859],[21.56568,65.31586],[21.584,65.32095],[21.58595,65.33666],[21.60475,65.33373],[21.70167,65.28588],[21.69923,65.27155],[21.66814,65.25275],[21.62281,65.24079],[21.577,65.23811],[21.54444,65.2473],[21.51596,65.28339],[21.48959,65.30549],[21.40895,65.3332],[21.34555,65.37279],[21.31227,65.37084],[21.33277,65.364],[21.31951,65.35139],[21.27784,65.35004],[21.26441,65.33666],[21.39137,65.32184],[21.42213,65.30878],[21.48227,65.26097],[21.53761,65.2309],[21.60987,65.16885],[21.61883,65.14802],[21.59986,65.13907],[21.54444,65.13744],[21.56284,65.1225],[21.54379,65.08307],[21.58595,65.06916],[21.56316,65.06127],[21.47926,65.06232],[21.46705,65.05549],[21.50343,65.02143],[21.46315,65.00772],[21.42213,65.01459],[21.41481,65.00092],[21.38315,64.98656],[21.3794,64.97736],[21.39422,64.96678],[21.37778,64.96003],[21.24342,64.95311],[21.24147,64.94538],[21.25221,64.93256],[21.24684,64.92178],[21.22788,64.90656],[21.2024,64.89851],[21.21258,64.87198],[21.1727,64.85342],[21.18133,64.83584],[21.11305,64.82274],[21.09734,64.82754],[21.08522,64.85757],[21.0691,64.86074],[21.042,64.84687],[21.03736,64.83271],[21.04233,64.81989],[21.08522,64.80915],[21.07895,64.79487],[21.09718,64.7853],[21.15398,64.78119],[21.21754,64.78925],[21.30584,64.7683],[21.31227,64.75385],[21.29949,64.74885],[21.22918,64.74771],[21.26726,64.71752],[21.31227,64.69929],[21.31227,64.69245],[21.28875,64.68684],[21.30494,64.66572],[21.18483,64.70673],[21.14389,64.73298],[21.11988,64.72968],[21.10914,64.71638],[21.11118,64.69937],[21.14039,64.67194],[21.23194,64.66108],[21.25025,64.64399],[21.2317,64.64265],[21.23219,64.633],[21.24513,64.62202],[21.30494,64.6105],[21.31886,64.59268],[21.35328,64.56952],[21.3628,64.57221],[21.36012,64.58259],[21.37403,64.60798],[21.39422,64.60301],[21.45558,64.56249],[21.4673,64.58735],[21.48561,64.58344],[21.48976,64.55585],[21.50123,64.54418],[21.51515,64.53709],[21.55193,64.53473],[21.511,64.52094],[21.49659,64.52456],[21.46315,64.54841],[21.38657,64.52172],[21.36459,64.54169],[21.34986,64.53815],[21.34734,64.53197],[21.36695,64.52798],[21.39918,64.50519],[21.42254,64.51463],[21.47609,64.51496],[21.48976,64.48701],[21.47771,64.47167],[21.47967,64.46084],[21.49195,64.45433],[21.51987,64.45539],[21.53761,64.47272],[21.57862,64.46589],[21.57244,64.48017],[21.58595,64.48017],[21.60532,64.46564],[21.60646,64.45222],[21.60011,64.44245],[21.57521,64.44111],[21.52573,64.42178],[21.45729,64.37165],[21.37322,64.33039],[21.31853,64.36408],[21.32423,64.34663],[21.31853,64.32933],[21.33277,64.31501],[21.28777,64.30231],[21.24391,64.30707],[21.11704,64.22114],[21.07895,64.22687],[21.04469,64.19155],[20.96656,64.1494],[20.9485,64.13007],[20.96079,64.11286],[20.95427,64.09479],[20.91236,64.05292],[20.90756,64.0351],[20.9144,64.02424],[20.90138,64.01407],[20.89698,63.98371],[20.84148,63.95942],[20.82496,63.94473],[20.77719,63.86937],[20.72934,63.84956],[20.68474,63.84846],[20.67481,63.84272],[20.66993,63.82909],[20.67791,63.82258],[20.709,63.82221],[20.67465,63.78925],[20.66432,63.7912],[20.64308,63.81452],[20.61264,63.82221],[20.56495,63.79833],[20.56178,63.78522],[20.54265,63.77534],[20.53093,63.78124],[20.54086,63.79169],[20.53875,63.80077],[20.50343,63.82201],[20.45582,63.7722],[20.43686,63.76118],[20.41359,63.76756],[20.4192,63.75935],[20.41359,63.7403],[20.42107,63.71235],[20.3943,63.6811],[20.36492,63.68073],[20.35475,63.68915],[20.36166,63.72549],[20.33888,63.75015],[20.32545,63.75397],[20.31666,63.74006],[20.31813,63.67902],[20.30795,63.65436],[20.29518,63.65225],[20.26759,63.6706],[20.26694,63.68134],[20.28663,63.72077],[20.28443,63.73286],[20.2461,63.69823],[20.23601,63.67357],[20.24285,63.65087],[20.15349,63.65087],[20.11988,63.64248],[20.09205,63.66454],[20.07358,63.66625],[20.03452,63.65681],[20.01108,63.6341],[20.03053,63.60248],[19.93775,63.61986],[19.88697,63.6031],[19.86443,63.57319],[19.75318,63.52432],[19.75034,63.51423],[19.76686,63.48762],[19.76889,63.46076],[19.7448,63.45726],[19.68735,63.43134],[19.6395,63.44489],[19.63706,63.47834],[19.61297,63.48583],[19.61915,63.50007],[19.57862,63.52119],[19.52638,63.5305],[19.47022,63.56147],[19.4463,63.56086],[19.42042,63.54853],[19.46876,63.53425],[19.4546,63.50894],[19.52345,63.48583],[19.46144,63.46894],[19.51173,63.43334],[19.51661,63.41474],[19.50799,63.41185],[19.4546,63.43122],[19.37257,63.47956],[19.3462,63.48591],[19.34522,63.47761],[19.37257,63.44489],[19.35141,63.44001],[19.29322,63.46654],[19.28077,63.45942],[19.27613,63.44269],[19.26954,63.34248],[19.25929,63.32905],[19.24545,63.32233],[19.23365,63.32567],[19.22926,63.34248],[19.20753,63.32612],[19.15659,63.31904],[19.13307,63.3083],[19.15349,63.29401],[19.11199,63.25308],[19.13307,63.25308],[19.11671,63.23664],[19.09718,63.23786],[19.05738,63.26048],[19.03989,63.23896],[19.05641,63.22651],[19.11199,63.21955],[19.10418,63.20783],[19.06788,63.20213],[19.05275,63.17886],[19.03679,63.17792],[18.96176,63.22577],[18.96656,63.23892],[18.90675,63.26708],[18.886,63.27253],[18.87289,63.26919],[18.87916,63.25308],[18.86606,63.2499],[18.81031,63.26048],[18.75115,63.25947],[18.7352,63.25308],[18.75563,63.24274],[18.91334,63.21206],[18.89438,63.19782],[18.86264,63.19204],[18.79664,63.1916],[18.80348,63.17792],[18.78728,63.16804],[18.77312,63.16877],[18.76043,63.17756],[18.75294,63.20767],[18.8239,63.21206],[18.8239,63.21955],[18.72902,63.232],[18.70045,63.22577],[18.71412,63.21922],[18.72779,63.1916],[18.75563,63.15746],[18.61134,63.1789],[18.56446,63.17792],[18.56446,63.17113],[18.60865,63.16535],[18.64308,63.14692],[18.65707,63.12373],[18.65463,63.11371],[18.63966,63.10969],[18.57862,63.1245],[18.55698,63.11652],[18.53842,63.08466],[18.52296,63.07551],[18.55698,63.07551],[18.49903,63.05508],[18.48658,63.0257],[18.4782,63.02025],[18.43409,63.04755],[18.40382,63.05565],[18.37208,63.04755],[18.42189,63.02692],[18.43409,63.01411],[18.36834,63.02025],[18.34311,63.03954],[18.33912,63.02558],[18.32423,63.01411],[18.24171,62.99982],[18.26645,62.9903],[18.52443,62.99189],[18.55112,62.98591],[18.57065,62.97309],[18.57667,62.9584],[18.56804,62.95344],[18.55405,62.9584],[18.54396,62.97309],[18.53663,62.97309],[18.52809,62.9538],[18.50489,62.9492],[18.41814,62.96931],[18.40333,62.96483],[18.39259,62.94522],[18.43963,62.92817],[18.4546,62.92475],[18.511,62.93244],[18.52296,62.92475],[18.51254,62.90412],[18.47234,62.90168],[18.40008,62.91108],[18.41505,62.89716],[18.46339,62.8876],[18.47446,62.8769],[18.46258,62.86115],[18.37761,62.83674],[18.32423,62.84154],[18.3169,62.85578],[18.26832,62.88349],[18.24855,62.88373],[18.25538,62.86945],[18.20704,62.86945],[18.22022,62.85228],[18.20704,62.83535],[18.22926,62.82953],[18.26222,62.84829],[18.28272,62.84154],[18.24366,62.79902],[18.19508,62.77741],[18.18336,62.78352],[18.18287,62.78998],[18.20086,62.80801],[18.18629,62.81167],[18.15919,62.7801],[18.14047,62.77192],[18.07732,62.77387],[18.08473,62.78693],[18.06837,62.79389],[18.00896,62.79438],[18.03403,62.81147],[18.12143,62.80581],[18.14617,62.82225],[18.08432,62.83735],[18.07106,62.84894],[18.07732,62.85578],[18.02027,62.84125],[17.98862,62.82591],[17.96778,62.80781],[17.93531,62.81704],[17.92433,62.83112],[17.92644,62.86636],[17.91277,62.88373],[17.92644,62.90054],[17.9214,62.91572],[17.87867,62.91108],[17.8545,62.95515],[17.83546,62.97028],[17.80974,62.97931],[17.83082,62.99982],[17.8086,62.99836],[17.76197,62.97931],[17.71079,62.99824],[17.69361,62.9936],[17.81756,62.94233],[17.84767,62.92129],[17.88966,62.87018],[17.90187,62.8393],[17.88551,62.82225],[17.88551,62.81485],[17.92905,62.80052],[17.9568,62.78254],[17.95493,62.76333],[17.99537,62.72773],[18.0027,62.70897],[17.9909,62.68081],[17.99733,62.66486],[17.99342,62.6599],[17.97486,62.65717],[17.9336,62.67084],[17.87184,62.67084],[17.89161,62.65803],[18.04322,62.62617],[18.0477,62.60663],[18.06422,62.59577],[18.04249,62.59211],[17.96827,62.56049],[17.96217,62.56363],[17.95338,62.61176],[17.93702,62.61563],[17.92579,62.60472],[17.90935,62.54938],[17.87867,62.54108],[17.89283,62.52749],[17.84311,62.48969],[17.8235,62.48583],[17.78614,62.50576],[17.73463,62.50576],[17.69304,62.49775],[17.65895,62.47842],[17.65968,62.46137],[17.69606,62.45059],[17.70737,62.43744],[17.56178,62.44375],[17.42677,62.54108],[17.4061,62.53559],[17.39552,62.5113],[17.34148,62.49811],[17.33082,62.48774],[17.33058,62.47223],[17.37745,62.43391],[17.37843,62.41079],[17.33741,62.40396],[17.36052,62.38959],[17.36647,62.37889],[17.36004,62.35566],[17.38063,62.33267],[17.43784,62.33027],[17.45411,62.32144],[17.47682,62.2923],[17.48829,62.28661],[17.48829,62.28046],[17.46022,62.27302],[17.54656,62.24909],[17.56666,62.25389],[17.59938,62.24958],[17.65268,62.232],[17.54444,62.20161],[17.54176,62.20637],[17.56951,62.232],[17.53492,62.23501],[17.50864,62.21841],[17.50416,62.20368],[17.50864,62.16376],[17.47446,62.1166],[17.47315,62.08466],[17.46762,62.07636],[17.44728,62.06818],[17.469,62.06216],[17.45924,62.04865],[17.42612,62.02656],[17.46046,62.00332],[17.3921,61.99242],[17.386,61.96198],[17.35475,61.95531],[17.34457,61.93667],[17.34815,61.91157],[17.36459,61.8863],[17.34352,61.87128],[17.34262,61.85566],[17.35377,61.84732],[17.33741,61.82368],[17.35369,61.81403],[17.40561,61.82111],[17.39291,61.80524],[17.37159,61.8006],[17.37159,61.79316],[17.38836,61.78832],[17.38592,61.74604],[17.39112,61.72773],[17.39918,61.72236],[17.48308,61.73457],[17.51417,61.71381],[17.52003,61.69123],[17.49635,61.63508],[17.4616,61.62962],[17.43287,61.63939],[17.36231,61.70913],[17.33058,61.71809],[17.33229,61.70502],[17.35092,61.67715],[17.31316,61.68195],[17.29981,61.68993],[17.30323,61.70506],[17.26661,61.72163],[17.22429,61.72724],[17.13803,61.72553],[17.1504,61.7143],[17.19996,61.71125],[17.26856,61.69082],[17.25978,61.67414],[17.22869,61.66307],[17.16619,61.65668],[17.16619,61.64985],[17.19337,61.64232],[17.16481,61.63642],[17.11891,61.64582],[17.09718,61.63614],[17.2256,61.62202],[17.24789,61.60883],[17.22592,61.60285],[17.15073,61.61791],[17.08351,61.61567],[17.08351,61.60883],[17.13494,61.60594],[17.14568,61.5952],[17.05633,61.58218],[17.08237,61.57127],[17.18653,61.56102],[17.18653,61.55418],[17.09034,61.55606],[17.08009,61.55048],[17.16619,61.52692],[17.16619,61.51948],[17.12452,61.51948],[17.12452,61.51325],[17.17237,61.49897],[17.17701,61.48688],[17.15187,61.46483],[17.16928,61.44111],[17.19256,61.437],[17.20411,61.44823],[17.22039,61.44798],[17.21705,61.43391],[17.18458,61.42731],[17.16619,61.41641],[17.13657,61.43708],[17.12761,61.41828],[17.10841,61.40937],[17.10402,61.39936],[17.13803,61.36929],[17.20021,61.34813],[17.20183,61.3371],[17.27605,61.31403],[17.21372,61.31342],[17.15187,61.32832],[17.16627,61.30842],[17.24789,61.2873],[17.20509,61.28852],[17.18727,61.2912],[17.1351,61.31611],[17.09718,61.32087],[17.09718,61.31403],[17.12135,61.30817],[17.18035,61.27603],[17.20021,61.25943],[17.21274,61.2353],[17.17091,61.22004],[17.15187,61.20417],[17.18653,61.19111],[17.18165,61.16596],[17.1587,61.14956],[17.17897,61.13597],[17.18279,61.12324],[17.1714,61.11506],[17.14568,61.11473],[17.19337,61.10859],[17.19988,61.09589],[17.18116,61.08369],[17.16871,61.05931],[17.16619,61.04654],[17.18653,61.03286],[17.1587,61.01984],[17.23585,61.02228],[17.24789,61.01236],[17.18824,61.00458],[17.16774,60.99217],[17.15821,60.94843],[17.1797,60.93724],[17.20509,60.93391],[17.2024,60.92154],[17.21681,60.89936],[17.23292,60.90461],[17.24627,60.89802],[17.28224,60.84101],[17.25807,60.83275],[17.25929,60.81566],[17.28224,60.81314],[17.28305,60.78115],[17.2964,60.77277],[17.3357,60.76691],[17.31153,60.74527],[17.19117,60.70173],[17.1867,60.69237],[17.25799,60.6944],[17.27801,60.67988],[17.31023,60.67304],[17.36459,60.64924],[17.32374,60.63565],[17.32374,60.62873],[17.33953,60.62299],[17.38022,60.62442],[17.41383,60.63793],[17.57496,60.64789],[17.65895,60.6083],[17.60377,60.58413],[17.63819,60.51545],[17.67058,60.5041],[17.74147,60.49844],[17.72706,60.53473],[17.76222,60.5633],[17.81609,60.58527],[17.91863,60.60016],[17.94874,60.59919],[17.97486,60.58784],[17.99537,60.55305],[17.98764,60.53075],[17.96746,60.51895],[17.96746,60.51211],[18.01832,60.50227],[18.0984,60.46491],[18.11199,60.43696],[18.14332,60.41356],[18.17872,60.39891],[18.26222,60.38239],[18.20704,60.35505],[18.20704,60.3476],[18.23487,60.32709],[18.2964,60.35505],[18.32634,60.35554],[18.35841,60.3476],[18.42799,60.34878],[18.44777,60.34138],[18.44777,60.31346],[18.47446,60.29979],[18.47446,60.29295],[18.438,60.29206],[18.42677,60.2862],[18.56544,60.25935],[18.60483,60.23835],[18.56373,60.22761],[18.40056,60.25959],[18.3169,60.32095],[18.3309,60.28571],[18.44777,60.21109],[18.43068,60.21035],[18.39259,60.23216],[18.39967,60.20783],[18.41993,60.19351],[18.50611,60.15575],[18.53492,60.15888],[18.54851,60.17414],[18.55014,60.1291],[18.57814,60.07392],[18.58432,60.07392],[18.58985,60.08885],[18.59083,60.1083],[18.57814,60.14216],[18.62574,60.15082],[18.65138,60.14826],[18.68572,60.13081],[18.72071,60.12604],[18.7352,60.11481],[18.73829,60.06411],[18.74513,60.04971],[18.78883,60.01756],[18.79664,60.00495],[18.76254,60.05598],[18.7531,60.08218],[18.76588,60.11107],[18.80348,60.12165],[18.8169,60.11758],[18.82447,60.06831],[18.90309,59.94721],[18.92213,59.93431],[18.96583,59.92683],[19.00554,59.91181],[19.00953,59.89631],[19.03207,59.8815],[19.04363,59.88207],[19.03679,59.90253],[19.07163,59.89631],[19.06788,59.83369],[19.03468,59.83503],[18.91676,59.92129],[18.886,59.92988],[18.93068,59.88548],[18.93531,59.86848],[18.92408,59.85228],[18.86158,59.80305],[18.82081,59.79267],[18.75457,59.79116],[18.73862,59.78278],[18.7339,59.76879],[18.78981,59.77904],[19.042,59.78498],[19.08522,59.7722],[19.07447,59.7497],[19.03598,59.7285],[18.9568,59.71922],[18.94125,59.72382],[18.91334,59.75178],[18.90138,59.73469],[18.87989,59.72158],[18.78126,59.70157],[18.75782,59.69107],[18.75563,59.67666],[18.71412,59.67325],[18.70851,59.65746],[18.69361,59.64936],[18.74204,59.64936],[18.73561,59.64151],[18.70045,59.62141],[18.66,59.63569],[18.68653,59.60578],[18.63998,59.58364],[18.59734,59.57404],[18.5407,59.54584],[18.48406,59.53441],[18.37965,59.47639],[18.26905,59.47744],[18.26905,59.47061],[18.30323,59.45698],[18.28932,59.45059],[18.24855,59.4501],[18.28272,59.43643],[18.27687,59.42255],[18.29314,59.41405],[18.3379,59.40852],[18.3073,59.3968],[18.24757,59.39769],[18.18849,59.40742],[18.15919,59.42219],[18.18287,59.42805],[18.20704,59.42219],[18.19947,59.45087],[18.18141,59.4582],[18.14552,59.44383],[18.12623,59.45527],[18.11329,59.45466],[18.08448,59.43895],[18.08448,59.4278],[18.0984,59.40852],[18.06544,59.39716],[18.04249,59.39737],[18.00896,59.40852],[18.14617,59.34024],[18.09506,59.33841],[18.09514,59.32681],[18.17286,59.32657],[18.19663,59.33417],[18.20704,59.33267],[18.21437,59.31977],[18.22055,59.31977],[18.25473,59.36278],[18.31813,59.37592],[18.38966,59.36945],[18.44777,59.35391],[18.42677,59.34024],[18.47006,59.3371],[18.48194,59.34772],[18.44777,59.39545],[18.49562,59.39545],[18.43751,59.41926],[18.42677,59.43643],[18.48463,59.43423],[18.53663,59.41596],[18.54396,59.39545],[18.61231,59.37494],[18.60084,59.36249],[18.54396,59.36815],[18.63258,59.34691],[18.6465,59.33027],[18.63893,59.31509],[18.6198,59.3083],[18.5193,59.29828],[18.46119,59.31244],[18.36443,59.30659],[18.3379,59.31293],[18.34474,59.33405],[18.32488,59.33442],[18.29127,59.3227],[18.27589,59.31293],[18.30014,59.30134],[18.3169,59.28559],[18.3169,59.27875],[18.28305,59.279],[18.27296,59.27424],[18.27931,59.2617],[18.36118,59.24079],[18.41228,59.21503],[18.42677,59.19685],[18.3357,59.23591],[18.31373,59.23408],[18.31349,59.22211],[18.36525,59.20991],[18.38706,59.18309],[18.40626,59.1894],[18.39259,59.16889],[18.4297,59.17463],[18.43409,59.16523],[18.42416,59.14395],[18.41432,59.14004],[18.38152,59.14777],[18.34376,59.14175],[18.29021,59.12055],[18.31137,59.121],[18.32423,59.1081],[18.20086,59.08076],[18.25538,59.10126],[18.24171,59.1081],[18.25538,59.11433],[18.25538,59.12055],[18.22364,59.11953],[18.18523,59.09931],[18.13868,59.09382],[18.10865,59.06306],[18.0962,59.05834],[18.04322,59.05972],[18.05055,59.03856],[18.01368,59.04491],[18.0027,59.03856],[18.01856,59.02289],[17.97739,58.98656],[17.96119,58.96345],[17.97055,58.93598],[17.96119,58.92251],[17.93068,58.91006],[17.89967,58.91572],[17.89234,58.8898],[17.89283,58.86103],[17.8694,58.87702],[17.86525,58.88882],[17.87184,58.90205],[17.86118,58.91909],[17.81471,58.92821],[17.77361,58.96068],[17.78736,58.92552],[17.80348,58.90827],[17.78631,58.88422],[17.77443,58.88622],[17.78297,58.91572],[17.74928,58.92381],[17.75196,58.96507],[17.74147,58.98395],[17.75571,59.00633],[17.76075,59.03701],[17.75611,59.08519],[17.76905,59.10895],[17.76881,59.12055],[17.75815,59.12592],[17.73276,59.11445],[17.7212,59.05899],[17.71046,59.0528],[17.66578,59.08076],[17.66871,59.09544],[17.69361,59.13141],[17.68092,59.15339],[17.65895,59.16889],[17.67311,59.13475],[17.64747,59.10806],[17.61109,59.09382],[17.62045,59.07258],[17.61451,59.03213],[17.6316,59.01813],[17.60711,58.96597],[17.5975,58.97089],[17.57691,58.95669],[17.61109,58.94302],[17.60125,58.9278],[17.62672,58.91779],[17.61793,58.90205],[17.59897,58.89411],[17.53598,58.90205],[17.55942,58.88036],[17.59067,58.86726],[17.59067,58.86103],[17.56951,58.86103],[17.58375,58.85358],[17.55568,58.85415],[17.44728,58.89521],[17.44728,58.88837],[17.46502,58.8815],[17.46909,58.87043],[17.44996,58.81586],[17.48829,58.79963],[17.45973,58.79145],[17.33741,58.80646],[17.37159,58.779],[17.3768,58.76439],[17.35776,58.75117],[17.27605,58.74885],[17.27605,58.7307],[17.16236,58.732],[17.13185,58.73754],[17.10084,58.76138],[17.08693,58.76484],[17.02817,58.75117],[17.07342,58.74478],[17.08351,58.73754],[17.0774,58.72036],[17.06251,58.71019],[17.08302,58.70287],[17.14568,58.70279],[17.14568,58.6966],[17.09303,58.66083],[16.97495,58.68537],[16.95387,58.66926],[17.00164,58.66787],[17.01954,58.65986],[17.03582,58.6413],[16.92416,58.62543],[16.23373,58.66926],[16.23373,58.66181],[16.25709,58.65176],[16.26149,58.64305],[16.25489,58.63451],[16.17921,58.63451],[16.17921,58.62832],[16.21412,58.63129],[16.22006,58.62084],[16.24025,58.62812],[16.28541,58.61591],[16.334,58.63915],[16.37159,58.62055],[16.37159,58.60375],[16.38771,58.59162],[16.40919,58.59663],[16.4284,58.63939],[16.43979,58.64814],[16.51783,58.62458],[16.63592,58.62678],[16.68971,58.60545],[16.73048,58.60228],[16.7483,58.59292],[16.74155,58.614],[16.78932,58.60716],[16.77963,58.58869],[16.78598,58.57274],[16.80421,58.56208],[16.83033,58.55939],[16.81666,58.55195],[16.81666,58.54637],[16.844,58.54637],[16.83416,58.52953],[16.88494,58.51846],[16.9402,58.49112],[16.91619,58.48347],[16.844,58.47748],[16.85288,58.46308],[16.83033,58.45209],[16.76547,58.44066],[16.7483,58.42902],[16.59791,58.44864],[16.53972,58.46817],[16.44142,58.48599],[16.41261,58.47748],[16.44825,58.4748],[16.65952,58.41478],[16.70558,58.4077],[16.71485,58.39496],[16.70965,58.36913],[16.71485,58.36017],[16.75457,58.37376],[16.76661,58.3686],[16.77508,58.33967],[16.63168,58.35395],[16.69996,58.31916],[16.6985,58.3017],[16.72706,58.30362],[16.72047,58.31916],[16.79916,58.32364],[16.78932,58.30557],[16.7614,58.30557],[16.75457,58.2851],[16.7068,58.27827],[16.7068,58.27139],[16.80299,58.2447],[16.78932,58.23725],[16.80258,58.23102],[16.8213,58.2071],[16.82228,58.17963],[16.78826,58.17927],[16.80983,58.1621],[16.77719,58.13052],[16.72145,58.14985],[16.66188,58.18553],[16.61744,58.20311],[16.63209,58.18574],[16.67189,58.16527],[16.68629,58.14789],[16.65952,58.14789],[16.73609,58.08478],[16.71485,58.07958],[16.71762,58.0668],[16.71225,58.05952],[16.68629,58.05854],[16.74025,58.03978],[16.75457,58.02497],[16.7378,58.01423],[16.72047,58.02497],[16.69158,58.01484],[16.68678,58.00873],[16.69996,57.99771],[16.67905,58.00511],[16.65797,58.03535],[16.6447,58.03864],[16.6312,58.0279],[16.63722,58.01447],[16.65952,57.99022],[16.68629,57.99022],[16.70639,57.9621],[16.72779,57.97407],[16.73536,57.97191],[16.74155,57.94619],[16.78248,57.91511],[16.72731,57.92878],[16.73618,57.91376],[16.76539,57.89883],[16.76881,57.88784],[16.75815,57.87702],[16.7234,57.88349],[16.68287,57.91889],[16.67945,57.89838],[16.67075,57.89142],[16.61061,57.89468],[16.61378,57.9121],[16.60377,57.92878],[16.6447,57.92133],[16.51531,57.99885],[16.4983,57.99299],[16.49448,57.98404],[16.50457,57.97016],[16.53207,57.95026],[16.5901,57.93561],[16.56959,57.92133],[16.57602,57.91128],[16.57252,57.89395],[16.56275,57.88784],[16.52459,57.90632],[16.48081,57.91511],[16.49448,57.90209],[16.48707,57.89468],[16.4603,57.90209],[16.4603,57.89468],[16.7068,57.75064],[16.69996,57.74384],[16.68295,57.7473],[16.6351,57.76569],[16.54184,57.83902],[16.41944,57.89468],[16.43897,57.86538],[16.53004,57.82526],[16.57325,57.79536],[16.59449,57.77289],[16.61818,57.76659],[16.66521,57.73701],[16.65211,57.72956],[16.69077,57.72565],[16.71485,57.70283],[16.69313,57.70283],[16.69313,57.69599],[16.7068,57.69599],[16.7068,57.68854],[16.63917,57.69233],[16.577,57.70966],[16.61061,57.68236],[16.61997,57.66665],[16.61769,57.65827],[16.58326,57.66193],[16.59181,57.65168],[16.62485,57.64142],[16.63054,57.6291],[16.56275,57.59296],[16.55494,57.60619],[16.55592,57.62714],[16.53883,57.62067],[16.52052,57.62714],[16.54225,57.60733],[16.52052,57.59296],[16.52052,57.58613],[16.54225,57.57929],[16.54225,57.5725],[16.51498,57.5725],[16.51498,57.56631],[16.59246,57.56485],[16.62916,57.55687],[16.68897,57.47175],[16.65952,57.47626],[16.67221,57.45966],[16.63844,57.44896],[16.63331,57.43708],[16.63901,57.4267],[16.67262,57.41547],[16.62574,57.39899],[16.63168,57.38076],[16.5726,57.38744],[16.54762,57.38251],[16.53484,57.36026],[16.56959,57.34658],[16.54737,57.3288],[16.56275,57.31928],[16.4852,57.29462],[16.46909,57.27538],[16.49448,57.24291],[16.46599,57.22801],[16.45818,57.20401],[16.46502,57.17731],[16.50945,57.12735],[16.5525,57.11009],[16.56959,57.08649],[16.55445,57.08076],[16.58326,57.04491],[16.53484,57.05174],[16.53484,57.06346],[16.52768,57.06538],[16.51075,57.05598],[16.50034,57.03974],[16.43979,57.05174],[16.4734,57.03124],[16.4734,57.02383],[16.45314,57.02351],[16.43979,57.01411],[16.43491,56.99787],[16.43979,56.97663],[16.46811,56.94929],[16.43637,56.91112],[16.43979,56.86685],[16.40797,56.79914],[16.42856,56.78294],[16.46339,56.79784],[16.4725,56.79438],[16.47169,56.77741],[16.45484,56.7683],[16.41261,56.77741],[16.36109,56.76374],[16.35662,56.75845],[16.37778,56.7259],[16.37916,56.6756],[16.37159,56.66132],[16.34156,56.65127],[16.30112,56.66327],[16.25522,56.65038],[16.24635,56.6424],[16.22096,56.60871],[16.21323,56.54841],[16.20704,56.53852],[16.17872,56.53706],[16.16603,56.508],[16.11769,56.45527],[16.09522,56.41938],[16.03826,56.25507],[16.02036,56.24641],[16.0044,56.21943],[15.93214,56.17471],[15.87436,56.10273],[15.85174,56.08637],[15.78875,56.10643],[15.8187,56.14004],[15.82651,56.15937],[15.80616,56.16791],[15.75668,56.15672],[15.73121,56.15721],[15.71363,56.17471],[15.70248,56.17023],[15.6482,56.19457],[15.59213,56.16055],[15.57594,56.17471],[15.5962,56.20376],[15.58644,56.20889],[15.49293,56.17634],[15.47999,56.15184],[15.43328,56.1789],[15.40398,56.17976],[15.37672,56.16108],[15.36557,56.1411],[15.32097,56.13963],[15.29526,56.14741],[15.3226,56.15363],[15.29526,56.18838],[15.27377,56.17121],[15.23455,56.15721],[15.19239,56.1529],[15.15431,56.16865],[15.13087,56.16108],[15.09303,56.16108],[15.08522,56.16462],[15.07553,56.18838],[15.03468,56.18154],[15.049,56.15363],[14.95338,56.17292],[14.90602,56.1612],[14.84816,56.16397],[14.84962,56.14741],[14.83025,56.14265],[14.77459,56.16791],[14.72495,56.16763],[14.70134,56.16136],[14.6858,56.14741],[14.6823,56.11713],[14.70338,56.10944],[14.76775,56.03071],[14.71551,56.00235],[14.70574,56.01703],[14.6858,56.01703],[14.67303,56.00532],[14.6115,56.01114],[14.60971,56.01533],[14.62379,56.02448],[14.60768,56.03701],[14.60328,56.05805],[14.58221,56.04377],[14.5691,56.05805],[14.49741,56.04047],[14.40772,55.97704],[14.34645,55.95332],[14.32325,55.91572],[14.27101,55.89448],[14.23471,55.8627],[14.20851,55.82127],[14.1985,55.77998],[14.19581,55.72565],[14.2059,55.70856],[14.26108,55.68016],[14.27369,55.66763],[14.27605,55.635],[14.28452,55.62295],[14.31666,55.60236],[14.35816,55.56367],[14.36752,55.5454],[14.36305,55.52363],[14.34881,55.51056],[14.2649,55.46125],[14.219,55.41376],[14.18116,55.39082],[14.06422,55.39077],[13.95623,55.42683],[13.89723,55.43488],[13.8423,55.42121],[13.78028,55.42744],[13.62957,55.41828],[13.59596,55.39326],[13.58082,55.38882],[13.53785,55.39326],[13.50343,55.38837],[13.38136,55.34602],[13.28053,55.34544],[13.11549,55.38028],[13.03077,55.38642],[12.97918,55.40327],[12.93263,55.38801],[12.88673,55.39326],[12.83277,55.38255],[12.82879,55.40009],[12.85939,55.43488],[12.90463,55.41795],[12.9297,55.41877],[12.96583,55.43488],[12.95997,55.4479],[12.96323,55.45425],[12.98569,55.4479],[12.97584,55.47504],[12.92848,55.52001],[12.91749,55.54719],[12.92937,55.57892],[13.03834,55.6352],[13.05795,55.66071],[13.06137,55.67446],[13.05486,55.69404],[13.01149,55.72842],[12.97438,55.72647],[12.96583,55.74616],[12.92262,55.74946],[12.91131,55.76386],[12.9319,55.76948],[12.93865,55.79047],[12.92604,55.83405],[12.89129,55.85358],[12.85076,55.86567],[12.8213,55.8867],[12.8108,55.90225],[12.80494,55.92927],[12.77076,55.94843],[12.75229,55.99657],[12.71949,56.01215],[12.70875,56.02131],[12.69801,56.0515],[12.60222,56.1232],[12.55372,56.18154],[12.54078,56.22248],[12.50457,56.27534],[12.46485,56.29169],[12.45143,56.30443],[12.64625,56.25727],[12.66619,56.23945],[12.70485,56.22248],[12.73561,56.22931],[12.79689,56.2281],[12.81446,56.23615],[12.83351,56.26569],[12.82944,56.27855],[12.78346,56.2934],[12.73178,56.35969],[12.64381,56.39606],[12.62159,56.41934],[12.65691,56.45527],[12.71372,56.46735],[12.83326,56.44257],[12.89015,56.45527],[12.93336,56.50654],[12.93865,56.52729],[12.93442,56.54707],[12.90382,56.593],[12.88608,56.63715],[12.87176,56.64948],[12.84205,56.65388],[12.77817,56.64423],[12.73178,56.64704],[12.67986,56.67959],[12.66432,56.7143],[12.61573,56.75007],[12.59474,56.78799],[12.59832,56.82099],[12.53387,56.84634],[12.52703,56.85993],[12.4992,56.86685],[12.46957,56.89203],[12.37501,56.91206],[12.35646,56.92381],[12.34522,56.94135],[12.34213,56.96296],[12.35426,56.98566],[12.34099,57.01407],[12.27125,57.04287],[12.24741,57.06074],[12.24529,57.07905],[12.2186,57.09272],[12.23764,57.10806],[12.23341,57.12149],[12.20436,57.14793],[12.19744,57.18488],[12.1491,57.1883],[12.19125,57.21259],[12.13836,57.21967],[12.10133,57.23672],[12.1565,57.24291],[12.09506,57.25039],[12.09506,57.25715],[12.11988,57.27534],[12.14723,57.28547],[12.14405,57.31013],[12.10499,57.34455],[12.06715,57.33979],[12.04982,57.35114],[12.10873,57.39435],[12.06031,57.39435],[12.09205,57.41136],[12.08985,57.42304],[12.05926,57.45881],[12.04363,57.46182],[12.0066,57.43415],[11.99293,57.36603],[11.97902,57.34658],[11.97218,57.36408],[11.9336,57.36083],[11.94483,57.3876],[11.90333,57.39435],[11.91521,57.40339],[11.90333,57.44896],[11.90707,57.46528],[11.91635,57.47626],[11.94483,57.48994],[11.91017,57.50361],[11.93116,57.51105],[11.90333,57.52412],[11.91765,57.53954],[11.91147,57.59528],[11.91684,57.62092],[11.89715,57.62714],[11.89186,57.61298],[11.86736,57.60741],[11.85808,57.63264],[11.83497,57.66193],[11.84457,57.68301],[11.90952,57.68684],[11.92368,57.70283],[11.84588,57.69331],[11.74773,57.71361],[11.7518,57.69599],[11.71974,57.69351],[11.70541,57.69843],[11.70631,57.72199],[11.81039,57.7814],[11.80787,57.78807],[11.7894,57.79027],[11.7518,57.78482],[11.68678,57.83763],[11.65626,57.83942],[11.6784,57.85375],[11.70395,57.8605],[11.69361,57.88117],[11.70729,57.89142],[11.75929,57.90209],[11.75929,57.90827],[11.74562,57.90827],[11.74562,57.91511],[11.75945,57.91901],[11.76612,57.92878],[11.73658,57.93867],[11.74366,57.95571],[11.78728,57.99771],[11.80014,58.02228],[11.80291,58.03657],[11.78297,58.06916],[11.78631,58.0786],[11.80096,58.08641],[11.79347,58.10008],[11.81813,58.10318],[11.82846,58.12124],[11.84132,58.19379],[11.87574,58.19916],[11.88966,58.21678],[11.86061,58.21841],[11.85182,58.22663],[11.84457,58.25336],[11.81381,58.27827],[11.80893,58.30219],[11.82594,58.31656],[11.88282,58.33283],[11.87037,58.34536],[11.80698,58.32661],[11.72674,58.32709],[11.72576,58.31297],[11.67897,58.30744],[11.61891,58.27827],[11.58107,58.25092],[11.55201,58.25031],[11.52589,58.25776],[11.53956,58.23725],[11.50587,58.24307],[11.49659,58.25837],[11.50367,58.28022],[11.54176,58.33356],[11.62208,58.38813],[11.60776,58.39496],[11.62176,58.40599],[11.66993,58.42219],[11.6526,58.4374],[11.62892,58.43134],[11.58863,58.40111],[11.55323,58.4632],[11.54705,58.4632],[11.55348,58.43399],[11.55177,58.39936],[11.54168,58.36494],[11.52247,58.33625],[11.46599,58.29413],[11.39617,58.26459],[11.41619,58.29035],[11.44337,58.30557],[11.44337,58.31297],[11.39918,58.30297],[11.38933,58.30557],[11.3838,58.31818],[11.40105,58.33682],[11.44858,58.34174],[11.42286,58.36384],[11.42408,58.38813],[11.40699,58.38736],[11.3825,58.35395],[11.37062,58.34748],[11.34588,58.34602],[11.42408,58.44269],[11.37241,58.39989],[11.3484,58.38813],[11.33416,58.36762],[11.30681,58.36005],[11.25359,58.36591],[11.2317,58.33967],[11.22088,58.34626],[11.22486,58.37067],[11.20436,58.40111],[11.20899,58.41893],[11.2234,58.42487],[11.25904,58.42219],[11.25147,58.44233],[11.29371,58.47004],[11.25766,58.48216],[11.23854,58.50788],[11.25221,58.51846],[11.25563,58.55573],[11.28631,58.5799],[11.2658,58.5799],[11.26979,58.59223],[11.25221,58.60716],[11.25904,58.63451],[11.24985,58.64891],[11.21062,58.67918],[11.21803,58.70795],[11.18686,58.71019],[11.17742,58.71857],[11.17856,58.73648],[11.18979,58.753],[11.21062,58.75739],[11.20688,58.77094],[11.23341,58.80817],[11.2317,58.84369],[11.20289,58.85493],[11.1976,58.86416],[11.19012,58.90827],[11.1976,58.92251],[11.14674,58.93122],[11.11988,58.94086],[11.10816,58.95356],[11.11744,58.96882],[11.18385,58.9914],[11.12281,58.99409],[11.115,59.0082],[11.12941,59.03119],[11.19361,59.08015],[11.22006,59.09016],[11.32097,59.09951],[11.35467,59.09162],[11.37623,59.04169],[11.39381,59.01944],[11.41407,59.00113],[11.43814,58.99113],[11.45323,58.96048],[11.45199,58.89604],[11.48259,58.8869],[11.54708,58.88473],[11.61157,58.89315],[11.66438,58.92007],[11.74531,59.09216],[11.74851,59.14006],[11.77559,59.20254],[11.81166,59.24967],[11.8068,59.29359],[11.78396,59.36062],[11.67741,59.55905],[11.671,59.58055],[11.67492,59.60711],[11.69374,59.6223],[11.8284,59.65972],[11.85248,59.67336],[11.89724,59.71398],[11.90209,59.78514],[11.84298,59.83842],[11.84959,59.87242],[11.89031,59.89278],[11.9422,59.90203],[12.1027,59.89397],[12.14373,59.89841],[12.2906,59.95872],[12.44676,60.05112],[12.48325,60.08124],[12.51095,60.11798],[12.52469,60.1617],[12.52159,60.19762],[12.48728,60.29591],[12.49172,60.31229],[12.57792,60.3759],[12.60531,60.41916],[12.61265,60.45538],[12.60862,60.48649],[12.59435,60.51494],[12.48252,60.65733],[12.377,60.7541],[12.35003,60.79335],[12.31323,60.90187],[12.29484,60.93533],[12.25608,60.98132],[12.25329,61.0017],[12.28099,61.01519],[12.51177,61.04912],[12.56965,61.05064],[12.68251,61.04033],[12.7038,61.0462],[12.73915,61.14245],[12.83981,61.22699],[12.88818,61.34962],[12.88694,61.3615],[12.87713,61.37098],[12.61378,61.54704],[12.5834,61.5611],[12.55094,61.56692],[12.48252,61.56914],[12.41648,61.58229],[12.33783,61.63298],[12.29132,61.65112],[12.17557,61.71153],[12.16172,61.72484],[12.31747,62.23403],[12.31427,62.28612],[12.28636,62.33542],[12.09123,62.58631],[12.09009,62.60634],[12.15407,62.71051],[12.15624,62.73369],[12.0933,62.90743],[12.10436,62.92334],[12.22269,63.00148],[11.99243,63.2889],[12.20492,63.45463],[12.2198,63.47427],[12.21949,63.49659],[12.17029,63.59813],[12.29318,63.65699],[12.48252,63.80949],[12.68189,63.95636],[12.75527,63.99139],[12.98244,64.05883],[13.23411,64.09087],[13.96424,64.00953],[13.98233,64.0195],[14.1478,64.169],[14.16051,64.18725],[14.16144,64.20544],[14.11555,64.44124],[14.09695,64.46532],[14.06088,64.47663],[13.94006,64.49131],[13.64276,64.58402],[14.1726,64.99154],[14.31068,65.08414],[14.33848,65.1229],[14.36598,65.21576],[14.38024,65.24028],[14.40049,65.25545],[14.48214,65.28868],[14.51429,65.31808],[14.51832,65.36454],[14.51036,65.46474],[14.56069,65.70105],[14.63707,65.78121],[14.64885,65.80239],[14.64441,65.84291],[14.54054,66.12545],[15.05338,66.15328],[15.48188,66.27487],[15.4918,66.288],[15.48208,66.34081],[15.42989,66.46357],[15.42627,66.49121],[15.66946,66.59942],[16.03884,66.88755],[16.12566,66.93436],[16.31056,67.00992],[16.39965,67.03596],[16.41557,67.0527],[16.44378,67.18262],[16.43789,67.20032],[16.12711,67.42276],[16.18075,67.4964],[16.19956,67.50828],[16.36699,67.52167],[16.42859,67.53402],[16.48295,67.55784],[16.58723,67.6259],[16.60873,67.64729],[16.7619,67.87715],[16.78288,67.89699],[16.808,67.91064],[17.22007,68.04009],[17.29996,68.09791],[17.32145,68.1053],[17.89537,67.96965],[17.921,67.97285],[18.16667,68.15848],[18.18858,68.19873],[18.13567,68.39572],[18.15623,68.51861],[18.17184,68.53592],[18.43622,68.57385],[18.64458,68.50125],[18.70028,68.49561],[19.03815,68.50564],[19.48174,68.42404],[19.93101,68.3502],[19.97122,68.35128],[20.01028,68.36389],[20.24593,68.47737],[19.96222,68.54119],[20.15177,68.60682],[20.23663,68.65907],[20.33884,68.76547],[20.35651,68.80459],[20.34876,68.89311],[20.34111,68.91006],[20.10227,69.02214],[20.36272,69.02925],[20.62317,69.03636]]],[[[17.12452,57.31928],[17.09702,57.31737],[17.07553,57.30512],[17.042,57.2709],[17.06446,57.24189],[17.06625,57.22671],[17.05047,57.20116],[17.04949,57.1883],[17.02817,57.18146],[17.01531,57.14793],[16.97348,57.10419],[16.96062,57.06322],[16.94321,57.05183],[16.89861,57.03807],[16.91285,57.02351],[16.93393,57.01756],[16.89918,56.99641],[16.87127,56.96918],[16.88453,56.93561],[16.88307,56.91625],[16.85816,56.8968],[16.84181,56.84406],[16.83033,56.82583],[16.78159,56.81061],[16.76873,56.79678],[16.75652,56.74746],[16.6985,56.64521],[16.68279,56.59349],[16.63697,56.55972],[16.63152,56.53221],[16.63844,56.52416],[16.62485,56.50365],[16.61964,56.47533],[16.57586,56.40575],[16.56642,56.34614],[16.55226,56.3321],[16.54119,56.30614],[16.4909,56.23957],[16.45021,56.21865],[16.42848,56.21796],[16.41261,56.22931],[16.41261,56.27094],[16.39894,56.29825],[16.40724,56.31997],[16.40577,56.38703],[16.41407,56.40278],[16.39145,56.45869],[16.39894,56.54466],[16.41944,56.58564],[16.44256,56.60871],[16.45281,56.63752],[16.62086,56.87226],[16.63787,56.88247],[16.71681,56.89183],[16.73129,56.904],[16.7483,56.94188],[16.79363,57.00385],[16.84555,57.05907],[16.88836,57.11823],[16.90992,57.20222],[16.94044,57.21284],[16.95924,57.2307],[16.96648,57.30459],[17.01922,57.34455],[17.05486,57.35822],[17.06528,57.35773],[17.0735,57.34321],[17.08188,57.34138],[17.10402,57.35277],[17.12281,57.32518],[17.12452,57.31928]]],[[[19.04021,57.86791],[19.08522,57.82575],[19.01498,57.82201],[18.98658,57.80744],[18.98162,57.77049],[18.95777,57.78461],[18.94874,57.78266],[18.94752,57.77049],[18.93214,57.75227],[18.93214,57.74079],[18.94125,57.72956],[18.86525,57.72333],[18.82081,57.73701],[18.80714,57.73444],[18.81031,57.70966],[18.79664,57.67552],[18.76466,57.6269],[18.76246,57.61717],[18.81031,57.60733],[18.79469,57.57807],[18.78981,57.54828],[18.7614,57.50764],[18.77613,57.49746],[18.76881,57.48184],[18.7732,57.47223],[18.80348,57.46943],[18.78981,57.44896],[18.86891,57.43529],[18.87973,57.4492],[18.90886,57.43915],[18.92612,57.4182],[18.92628,57.39265],[18.87916,57.3876],[18.85816,57.39435],[18.84116,57.38288],[18.80152,57.37621],[18.77019,57.36449],[18.68043,57.31049],[18.66676,57.29678],[18.67368,57.27766],[18.71095,57.27432],[18.71412,57.24291],[18.68051,57.22993],[18.59148,57.21869],[18.56446,57.20942],[18.56446,57.20197],[18.57814,57.20197],[18.57814,57.19575],[18.40642,57.14301],[18.38575,57.12743],[18.4546,57.12743],[18.35987,57.09614],[18.34474,57.08275],[18.3379,57.03124],[18.36427,57.01142],[18.40008,57.00397],[18.34474,57.00397],[18.34474,56.99714],[18.35841,56.98969],[18.32146,56.96906],[18.31153,56.94806],[18.20395,56.91519],[18.16969,56.91201],[18.13868,56.92202],[18.20387,56.98627],[18.20086,57.01756],[18.26564,57.04149],[18.29021,57.09272],[18.22332,57.06029],[18.20086,57.06538],[18.20086,57.07282],[18.22511,57.09492],[18.22731,57.10749],[18.21437,57.11384],[18.22804,57.13369],[18.18531,57.14484],[18.15984,57.2298],[18.09938,57.25898],[18.10109,57.27802],[18.11557,57.29702],[18.15309,57.31342],[18.16586,57.33161],[18.17115,57.35212],[18.16603,57.36709],[18.17921,57.37954],[18.14617,57.40803],[18.14536,57.42617],[18.11345,57.48798],[18.11199,57.51105],[18.12818,57.54816],[18.16147,57.57795],[18.32504,57.67259],[18.46306,57.80317],[18.49936,57.82657],[18.55014,57.83942],[18.5949,57.83137],[18.60865,57.83633],[18.6408,57.88618],[18.67775,57.91389],[18.72381,57.923],[18.74244,57.91791],[18.7693,57.88784],[18.76466,57.86518],[18.80348,57.82575],[18.81072,57.85122],[18.84409,57.8736],[18.8519,57.89126],[18.83741,57.91218],[18.85133,57.91511],[18.91334,57.92133],[18.89796,57.89765],[18.91725,57.88813],[18.94158,57.88882],[18.94125,57.90209],[18.95655,57.90778],[18.99578,57.91206],[19.00953,57.90827],[19.00213,57.90209],[19.02467,57.87189],[19.04021,57.86791]]],[[[19.27296,57.97655],[19.30568,57.97639],[19.33855,57.96357],[19.31056,57.95673],[19.29607,57.94367],[19.24789,57.95246],[19.20533,57.93513],[19.16196,57.92597],[19.1399,57.90827],[19.16065,57.89606],[19.16033,57.88032],[19.12965,57.84687],[19.08448,57.85936],[19.03679,57.90522],[19.03956,57.91698],[19.06788,57.93936],[19.09832,57.97655],[19.14861,57.97907],[19.16342,57.98713],[19.20582,57.98347],[19.22242,57.99022],[19.22674,57.9737],[19.24008,57.97061],[19.27296,57.97655]]],[[[11.73878,58.05854],[11.73846,58.04149],[11.74562,58.03119],[11.73194,57.99771],[11.71022,57.99291],[11.71144,58.01138],[11.69508,58.01508],[11.67937,58.00625],[11.65065,57.95539],[11.61891,57.95425],[11.59474,57.93561],[11.52784,57.95429],[11.51246,57.99262],[11.51564,58.0008],[11.56756,58.00389],[11.50563,58.01301],[11.49789,58.02806],[11.50587,58.04605],[11.52475,58.05073],[11.65968,58.04548],[11.71656,58.06452],[11.73878,58.05854]]],[[[11.80698,58.23041],[11.81528,58.18928],[11.81381,58.14448],[11.8047,58.12572],[11.75668,58.11831],[11.70818,58.09821],[11.65463,58.10798],[11.62892,58.10008],[11.61232,58.1186],[11.5853,58.12311],[11.53395,58.10688],[11.51629,58.08601],[11.49562,58.08991],[11.46388,58.10688],[11.46388,58.07217],[11.45769,58.07217],[11.44744,58.10346],[11.40659,58.13109],[11.40887,58.1457],[11.42897,58.16096],[11.52784,58.21279],[11.56267,58.21955],[11.60157,58.23725],[11.6631,58.23725],[11.66,58.25812],[11.67742,58.27139],[11.66993,58.2851],[11.68637,58.2912],[11.73878,58.2851],[11.74985,58.26288],[11.7894,58.24641],[11.80698,58.23041]]],[[[19.33172,58.36762],[19.29119,58.35025],[19.25034,58.34284],[19.21412,58.35468],[19.18775,58.39496],[19.22242,58.39496],[19.30568,58.37897],[19.33172,58.36762]]],[[[18.43043,59.25829],[18.4131,59.27875],[18.34474,59.29926],[18.46168,59.29825],[18.52345,59.28864],[18.61231,59.25829],[18.53907,59.25995],[18.51612,59.27131],[18.51726,59.24901],[18.5324,59.24189],[18.57814,59.24462],[18.55161,59.2259],[18.52036,59.22866],[18.46827,59.2521],[18.43043,59.25829]]],[[[18.55014,60.32709],[18.56788,60.32127],[18.5669,60.30744],[18.51433,60.32095],[18.45883,60.35383],[18.40219,60.36982],[18.38917,60.39102],[18.38803,60.47891],[18.37517,60.50039],[18.37875,60.5078],[18.40626,60.50585],[18.42677,60.48542],[18.42677,60.46491],[18.46608,60.44269],[18.47446,60.43081],[18.41993,60.44379],[18.48463,60.3664],[18.49431,60.35659],[18.50782,60.35602],[18.5298,60.36811],[18.53679,60.34443],[18.55014,60.32709]]],[[[20.8392,63.76756],[20.86492,63.79682],[20.90463,63.79352],[20.92042,63.77375],[20.87355,63.75397],[20.88087,63.76073],[20.87322,63.7707],[20.8519,63.77167],[20.8392,63.76756]]],[[[18.48536,59.09756],[18.48731,59.08503],[18.45606,59.0572],[18.43588,59.04975],[18.4275,59.0257],[18.41359,59.01166],[18.37672,59.0069],[18.34441,59.0257],[18.34132,59.03343],[18.36158,59.03921],[18.35109,59.05683],[18.37631,59.06379],[18.37477,59.07836],[18.46599,59.11726],[18.47934,59.11664],[18.48536,59.10562],[18.48536,59.09756]]],[[[18.71583,59.20881],[18.75001,59.20515],[18.66847,59.17426],[18.65968,59.17691],[18.67726,59.19929],[18.70436,59.21149],[18.71583,59.20881]]],[[[18.79705,59.29487],[18.8108,59.28925],[18.77516,59.25218],[18.72267,59.2624],[18.72462,59.27265],[18.73845,59.28522],[18.75766,59.29458],[18.79005,59.29658],[18.79705,59.29487]]],[[[18.67604,59.34028],[18.63803,59.36799],[18.7059,59.37124],[18.74171,59.35077],[18.74708,59.33185],[18.74138,59.32001],[18.72657,59.312],[18.6775,59.29955],[18.67311,59.3039],[18.6858,59.31647],[18.68214,59.33124],[18.67604,59.34028]]],[[[18.1067,59.38495],[18.12273,59.38911],[18.24928,59.36668],[18.20395,59.36591],[18.22242,59.35179],[18.21209,59.3415],[18.19011,59.33837],[18.13998,59.34858],[18.12281,59.35676],[18.10532,59.37763],[18.1067,59.38495]]],[[[18.85426,59.40253],[18.86948,59.39346],[18.85572,59.38593],[18.84653,59.3959],[18.85426,59.40253]]],[[[18.94239,59.39362],[18.94825,59.37873],[18.93767,59.37324],[18.89991,59.39374],[18.89943,59.4007],[18.92156,59.40591],[18.93588,59.39883],[18.94239,59.39362]]],[[[18.92579,59.43403],[18.89389,59.40717],[18.87233,59.40864],[18.86061,59.42451],[18.87355,59.43977],[18.91179,59.44721],[18.92416,59.44135],[18.92579,59.43403]]],[[[18.65659,59.50674],[18.63771,59.49921],[18.63299,59.48965],[18.60841,59.49364],[18.59441,59.48688],[18.60532,59.46678],[18.60182,59.45612],[18.59116,59.45246],[18.57846,59.46393],[18.5809,59.43073],[18.55641,59.42231],[18.54542,59.42853],[18.51051,59.48314],[18.51441,59.49095],[18.5381,59.49555],[18.54884,59.49299],[18.55738,59.482],[18.55958,59.49144],[18.57765,59.49506],[18.54811,59.49897],[18.55112,59.51008],[18.60971,59.54564],[18.65431,59.55004],[18.67449,59.54564],[18.68897,59.53339],[18.73911,59.54043],[18.73748,59.53514],[18.68141,59.52131],[18.65659,59.50674]]],[[[18.97771,59.63386],[18.98463,59.62434],[18.96803,59.61937],[18.9275,59.62246],[18.90528,59.58324],[18.88559,59.5786],[18.86345,59.58397],[18.85857,59.59577],[18.86842,59.60562],[18.93775,59.64908],[18.95248,59.65298],[18.96485,59.64765],[18.97771,59.63386]]],[[[18.85426,59.60114],[18.8239,59.58389],[18.75685,59.57266],[18.79615,59.5893],[18.86476,59.63247],[18.92433,59.65693],[18.92416,59.64826],[18.85792,59.60334],[18.85426,59.60114]]],[[[18.99635,59.80976],[19.00229,59.80573],[18.99781,59.79462],[18.97202,59.78661],[18.93556,59.79267],[18.92628,59.78685],[18.89129,59.78559],[18.88575,59.79393],[18.95916,59.86371],[18.97828,59.85786],[18.99545,59.8395],[18.99497,59.80854],[18.99635,59.80976]]],[[[18.72397,60.1966],[18.72877,60.20043],[18.71225,60.21214],[18.71852,60.21646],[18.7531,60.20917],[18.78826,60.18415],[18.78443,60.17512],[18.8003,60.17642],[18.8069,60.16059],[18.761,60.15005],[18.72438,60.15546],[18.7142,60.17341],[18.71827,60.19416],[18.72397,60.1966]]],[[[15.70533,56.1164],[15.7269,56.11835],[15.71437,56.107],[15.70086,56.10566],[15.70362,56.08071],[15.69679,56.07429],[15.65113,56.08999],[15.64235,56.10464],[15.65496,56.11945],[15.66912,56.12393],[15.69353,56.11758],[15.70533,56.1164]]],[[[16.86671,58.30459],[16.88063,58.29328],[16.87908,58.28059],[16.85581,58.27188],[16.83644,58.29051],[16.83253,58.30418],[16.8449,58.31037],[16.86671,58.30459]]],[[[16.89161,58.33373],[16.91896,58.33637],[16.88185,58.31712],[16.84604,58.31981],[16.8274,58.32754],[16.78517,58.38007],[16.79005,58.38907],[16.8366,58.40046],[16.86427,58.39769],[16.85125,58.38337],[16.82879,58.38154],[16.84718,58.37214],[16.82748,58.36359],[16.83058,58.35594],[16.87029,58.33324],[16.89161,58.33373]]],[[[18.32146,58.96914],[18.35711,58.977],[18.35385,58.96735],[18.33888,58.95791],[18.28981,58.94139],[18.31642,58.92695],[18.21632,58.90559],[18.19361,58.91132],[18.19557,58.92015],[18.22641,58.94473],[18.26189,58.95962],[18.30568,58.9654],[18.32146,58.96914]]],[[[18.19825,59.00967],[18.1902,58.99388],[18.14584,59.00438],[18.15024,58.97687],[18.1447,58.96906],[18.11752,58.96735],[18.09897,58.97883],[18.05063,58.96092],[18.0586,58.98509],[18.08155,58.99673],[18.08286,59.00922],[18.10353,59.02265],[18.21656,59.02448],[18.17872,59.01142],[18.19207,59.01203],[18.19825,59.00967]]],[[[17.70729,58.99335],[17.70021,58.97675],[17.70411,58.95527],[17.69711,58.93549],[17.68068,58.92182],[17.69117,58.9018],[17.68483,58.90082],[17.65772,58.92267],[17.65707,58.91779],[17.64812,58.91893],[17.63917,58.93098],[17.64064,58.94766],[17.62428,58.96393],[17.6268,58.98139],[17.64812,59.01752],[17.64389,59.06135],[17.65219,59.07152],[17.6631,59.07197],[17.66896,59.05891],[17.6867,59.05036],[17.70631,59.00837],[17.70729,58.99335]]],[[[18.12468,62.68793],[18.07895,62.67976],[18.02703,62.68452],[18.00611,62.70555],[18.02833,62.74518],[18.04103,62.75454],[18.0643,62.75788],[18.1032,62.74518],[18.1281,62.75165],[18.15984,62.74714],[18.15724,62.72541],[18.14698,62.70954],[18.11704,62.70173],[18.13006,62.69351],[18.12468,62.68793]]],[[[20.87086,63.66938],[20.85613,63.65095],[20.82594,63.64362],[20.82765,63.65314],[20.86891,63.67573],[20.87086,63.66938]]],[[[20.89812,63.7541],[20.9485,63.7746],[20.93287,63.74531],[20.93287,63.71528],[20.92311,63.70319],[20.86476,63.68309],[20.86207,63.69335],[20.88087,63.74238],[20.88893,63.74994],[20.89812,63.7541]]],[[[22.40805,65.45527],[22.41782,65.44994],[22.41041,65.44131],[22.37566,65.43073],[22.28517,65.43163],[22.29477,65.45287],[22.30641,65.45539],[22.33253,65.44302],[22.37086,65.45946],[22.39088,65.45954],[22.40805,65.45527]]],[[[22.15358,65.43036],[22.14259,65.44579],[22.14731,65.46865],[22.174,65.47431],[22.21022,65.46581],[22.21534,65.46003],[22.20655,65.45018],[22.22722,65.43667],[22.23316,65.4239],[22.2317,65.41812],[22.20143,65.42552],[22.15358,65.43036]]],[[[22.5949,65.52827],[22.61052,65.52399],[22.6172,65.51748],[22.61427,65.51191],[22.56756,65.51691],[22.55299,65.5301],[22.55893,65.53827],[22.5866,65.529],[22.5949,65.52827]]],[[[22.21876,65.50678],[22.19321,65.52578],[22.18678,65.53783],[22.22641,65.54393],[22.3034,65.52302],[22.31861,65.52399],[22.35873,65.50397],[22.35825,65.49506],[22.33269,65.49165],[22.30779,65.50674],[22.27882,65.51325],[22.27052,65.50983],[22.27052,65.49689],[22.28549,65.47919],[22.2658,65.48176],[22.21876,65.50678]]],[[[22.57797,65.58275],[22.62582,65.59341],[22.64145,65.5891],[22.63746,65.57966],[22.61394,65.57144],[22.59742,65.55394],[22.53932,65.56367],[22.52914,65.57624],[22.5359,65.58137],[22.56072,65.5808],[22.57797,65.58275]]],[[[22.57016,65.59479],[22.55445,65.60537],[22.56813,65.61253],[22.59506,65.61298],[22.6045,65.60029],[22.58912,65.59374],[22.57016,65.59479]]],[[[22.96266,65.7163],[22.98512,65.70026],[22.98194,65.69359],[22.96404,65.69562],[22.96095,65.69013],[22.97193,65.66706],[22.92726,65.68452],[22.8991,65.7014],[22.88217,65.72044],[22.88624,65.73737],[22.90455,65.74274],[22.95623,65.73322],[22.95973,65.72533],[22.94597,65.72163],[22.96266,65.7163]]],[[[23.79721,65.75373],[23.80275,65.74372],[23.78468,65.71821],[23.73829,65.69672],[23.69988,65.70746],[23.68149,65.72167],[23.68165,65.74307],[23.68963,65.74844],[23.70476,65.73599],[23.71355,65.7519],[23.75367,65.74128],[23.77516,65.74958],[23.78696,65.74364],[23.79265,65.75389],[23.79721,65.75373]]],[[[22.74106,65.71361],[22.72576,65.72403],[22.72625,65.72997],[22.73552,65.76634],[22.74684,65.77041],[22.79078,65.75031],[22.81137,65.7141],[22.80543,65.70523],[22.76051,65.70848],[22.74106,65.71361]]]]}},{"type":"Feature","properties":{"layer":"lake","name":"Akkajaure","scalerank":5},"geometry":{"type":"Polygon","coordinates":[[[18.41469,67.42716],[18.29429,67.47308],[18.18685,67.48456],[18.17213,67.49192],[18.16212,67.52136],[18.15241,67.5293],[17.80329,67.59789],[17.74001,67.59995],[17.70674,67.61791],[17.63904,67.6185],[17.54955,67.65382],[17.51541,67.65941],[17.40914,67.63616],[17.26137,67.66412],[17.17983,67.69415],[17.17983,67.70033],[17.33732,67.67354],[17.37264,67.6756],[17.36469,67.68708],[17.32377,67.70769],[17.23988,67.73065],[17.17983,67.76921],[17.11743,67.78364],[17.07386,67.78393],[17.0562,67.79659],[17.17542,67.79865],[17.25578,67.75803],[17.58811,67.68267],[17.61461,67.67001],[17.69821,67.65676],[17.73059,67.64381],[17.85128,67.62527],[17.88895,67.60731],[17.98403,67.58406],[18.02554,67.58494],[18.15594,67.56168],[18.20333,67.53313],[18.38466,67.45748],[18.4247,67.44806],[18.41469,67.42716]]]}},{"type":"Feature","properties":{"layer":"lake","name":"Hjälmaren","scalerank":5},"geometry":{"type":"Polygon","coordinates":[[[16.36797,59.29417],[16.40359,59.30418],[16.42626,59.31978],[16.41242,59.29624],[16.3771,59.28122],[16.12836,59.24472],[16.05536,59.22176],[15.95557,59.21617],[15.90906,59.1988],[15.87079,59.19674],[15.8808,59.18644],[15.90994,59.17967],[15.91171,59.16877],[15.82575,59.14228],[15.70006,59.14228],[15.66798,59.14699],[15.61058,59.17025],[15.57937,59.17584],[15.57496,59.17967],[15.58614,59.1885],[15.61793,59.20469],[15.65856,59.20999],[15.63736,59.22971],[15.55877,59.23118],[15.53492,59.25208],[15.56966,59.25826],[15.54523,59.26798],[15.41129,59.25208],[15.34153,59.26915],[15.23909,59.27445],[15.22702,59.28564],[15.25646,59.29947],[15.4319,59.27887],[15.51873,59.31802],[15.57584,59.32655],[15.60704,59.31184],[15.6459,59.30624],[15.72332,59.30683],[15.75158,59.29918],[15.78396,59.26857],[15.81604,59.26503],[15.81545,59.28122],[15.8337,59.29594],[15.82311,59.30683],[15.83841,59.32361],[15.85019,59.31684],[15.85401,59.293],[16.02239,59.28976],[16.05683,59.2718],[16.08273,59.26621],[16.10864,59.2668],[16.14632,59.28181],[16.22697,59.28564],[16.28938,59.30742],[16.33147,59.2927],[16.36797,59.29417]]]}},{"type":"Feature","properties":{"layer":"lake","name":"IJsselmeer","scalerank":2},"geometry":{"type":"Polygon","coordinates":[[[5.20419,53.0],[5.28781,53.04453],[5.3723,53.07691],[5.38996,53.0463],[5.40939,53.03217],[5.4138,53.0198],[5.40903,53.0],[5.20419,53.0]]]}},{"type":"Feature","properties":{"layer":"lake","name":"Inarijrvi","scalerank":4},"geometry":{"type":"Polygon","coordinates":[[[27.16378,68.89633],[27.01336,68.89957],[27.05339,68.9134],[27.09666,68.91576],[27.24973,68.95903],[27.47139,68.99347],[27.49317,69.00319],[27.47993,69.00937],[27.47993,69.01673],[27.49523,69.01643],[27.55263,69.03998],[27.58266,69.0441],[27.58266,69.05029],[27.54851,69.06147],[27.54822,69.07207],[27.56117,69.08208],[27.61592,69.07825],[27.64742,69.08443],[27.8417,69.17303],[27.90558,69.19246],[27.96621,69.18069],[27.925,69.16008],[27.97652,69.15007],[28.02214,69.16744],[28.02685,69.16038],[28.02126,69.13977],[28.09632,69.14713],[28.1393,69.16361],[28.22231,69.17892],[28.28766,69.201],[28.26676,69.21012],[28.26705,69.22896],[28.24262,69.21513],[28.19376,69.21277],[28.14784,69.18628],[28.0713,69.17303],[28.06218,69.17833],[28.06924,69.19482],[28.03627,69.19776],[28.0139,69.21542],[28.04187,69.22896],[27.97976,69.22219],[27.98917,69.23691],[28.00713,69.2428],[27.97976,69.26664],[27.98476,69.2793],[27.99712,69.28342],[28.02744,69.28372],[28.12046,69.31551],[28.15166,69.31845],[28.1443,69.30609],[28.10339,69.27694],[28.11457,69.26723],[28.09632,69.22896],[28.10045,69.21336],[28.15461,69.23515],[28.24998,69.24545],[28.29943,69.26223],[28.32917,69.29049],[28.31504,69.29784],[28.32917,69.31109],[28.30297,69.30874],[28.24645,69.27694],[28.26176,69.30314],[28.25911,69.31227],[28.2073,69.29578],[28.15726,69.25634],[28.17139,69.29166],[28.24056,69.3161],[28.32269,69.3264],[28.37685,69.31845],[28.36949,69.31109],[28.45928,69.33405],[28.50637,69.3629],[28.53846,69.37291],[28.59674,69.37291],[28.57054,69.35436],[28.34889,69.26988],[28.36949,69.27223],[28.61028,69.33906],[28.6462,69.36614],[28.64826,69.37879],[28.62324,69.37997],[28.62324,69.38615],[28.76247,69.43502],[28.81516,69.4412],[28.82782,69.43649],[28.78778,69.40764],[28.71449,69.38792],[28.69918,69.37291],[28.70713,69.35789],[28.6774,69.33847],[28.57143,69.29902],[28.49048,69.28224],[28.40394,69.2478],[28.39746,69.23515],[28.40452,69.22131],[28.4213,69.22043],[28.45898,69.22896],[28.5626,69.22896],[28.6512,69.2428],[28.62235,69.2325],[28.5414,69.18069],[28.46104,69.17539],[28.42572,69.16567],[28.39451,69.10886],[28.39746,69.09856],[28.43131,69.10092],[28.479,69.12564],[28.49313,69.128],[28.4999,69.12152],[28.48459,69.09827],[28.44515,69.07825],[28.46134,69.0653],[28.46634,69.0441],[28.26764,69.0962],[28.25351,69.08502],[28.24086,69.06088],[28.24262,69.04822],[28.25351,69.03733],[28.22702,69.03115],[28.1237,69.05029],[28.11045,69.04175],[28.08219,68.99877],[28.07601,68.98199],[28.0978,68.98111],[28.13547,68.96021],[28.22849,68.93725],[28.32034,68.93372],[28.32917,68.92106],[28.32092,68.90869],[28.26087,68.88573],[28.29384,68.87867],[28.41129,68.89957],[28.39451,68.88485],[28.31504,68.86601],[28.38392,68.86601],[28.38392,68.85836],[28.26087,68.84541],[28.27383,68.85836],[28.12988,68.85836],[27.9515,68.87985],[27.91352,68.8928],[27.8832,68.89398],[27.8732,68.88956],[27.87467,68.8822],[27.91765,68.87278],[27.9097,68.86101],[27.8732,68.84894],[27.87202,68.83628],[27.88909,68.82833],[27.9565,68.8092],[28.02303,68.80743],[28.05541,68.81744],[28.00713,68.84541],[28.03186,68.851],[28.06159,68.84629],[28.10986,68.81744],[27.83522,68.73561],[27.81138,68.715],[27.74632,68.72207],[27.8523,68.76004],[27.91146,68.79036],[27.87025,68.81362],[27.82404,68.82598],[27.77488,68.8251],[27.72572,68.80743],[27.69746,68.78035],[27.68951,68.76181],[27.69569,68.73002],[27.62976,68.70146],[27.67803,68.73561],[27.63329,68.75356],[27.57972,68.75415],[27.47257,68.74238],[27.47993,68.76299],[27.44342,68.77417],[27.40427,68.77034],[27.4134,68.75592],[27.43106,68.74856],[27.32951,68.75003],[27.30066,68.73561],[27.32892,68.71442],[27.32303,68.70941],[27.29771,68.70764],[27.26033,68.72207],[27.20499,68.72943],[27.27358,68.74591],[27.29448,68.75592],[27.31508,68.77653],[27.33127,68.77976],[27.36454,68.778],[27.42311,68.79036],[27.5229,68.78006],[27.56882,68.79713],[27.51819,68.81568],[27.47257,68.84541],[27.4864,68.85836],[27.46815,68.86307],[27.42606,68.85188],[27.41811,68.83864],[27.44607,68.82009],[27.4864,68.81126],[27.42871,68.82068],[27.3766,68.84541],[27.39014,68.86601],[27.3557,68.88161],[27.35011,68.90457],[27.28623,68.91046],[27.26033,68.90693],[27.23649,68.89427],[27.23972,68.88397],[27.28682,68.86601],[27.22295,68.87484],[27.16378,68.89633]]]}},{"type":"Feature","properties":{"layer":"lake","name":"Kaliningradskiy Zaliv","scalerank":3},"geometry":{"type":"Polygon","coordinates":[[[19.7932,54.54343],[19.90711,54.62821],[19.95539,54.63557],[19.96157,54.64646],[19.94774,54.65323],[19.94833,54.68738],[19.96628,54.71181],[19.98188,54.71799],[20.02015,54.72182],[20.03987,54.71652],[20.054,54.6706],[20.07284,54.65735],[20.08579,54.65647],[20.11258,54.67383],[20.17675,54.69562],[20.40665,54.68767],[20.40665,54.68002],[20.33365,54.66029],[20.28037,54.62909],[20.09227,54.57463],[20.06813,54.55727],[20.03045,54.57081],[19.99101,54.57257],[19.94303,54.51252],[19.90652,54.48839],[19.84,54.47072],[19.7932,54.54343]]]}},{"type":"Feature","properties":{"layer":"lake","name":"Koitere","scalerank":4},"geometry":{"type":"Polygon","coordinates":[[[30.52836,62.81477],[30.68643,62.86952],[30.64463,62.89101],[30.55309,62.92162],[30.51452,62.95135],[30.63198,62.97608],[30.63698,62.96431],[30.64964,62.95783],[30.67966,62.95871],[30.6935,62.96784],[30.7144,62.99992],[30.68879,63.02612],[30.69026,63.03584],[30.72941,63.05526],[30.80948,63.05497],[30.84657,63.06292],[30.87041,63.0532],[30.85805,63.03024],[30.85334,62.94547],[30.82361,62.9178],[30.81066,62.87394],[30.72735,62.86776],[30.69026,62.84862],[30.64522,62.84126],[30.62462,62.82919],[30.67966,62.808],[30.65199,62.78681],[30.6832,62.77326],[30.6932,62.76326],[30.68643,62.75325],[30.67083,62.75266],[30.61078,62.77385],[30.62962,62.7974],[30.62285,62.80594],[30.60401,62.808],[30.57045,62.77591],[30.53101,62.78592],[30.44829,62.77591],[30.41238,62.78003],[30.51011,62.80388],[30.52836,62.81477]]]}},{"type":"Feature","properties":{"layer":"lake","name":"Lake Il'Men'","scalerank":4},"geometry":{"type":"Polygon","coordinates":[[[31.6493,58.21975],[31.63723,58.22445],[31.59072,58.2168],[31.51507,58.24241],[31.44472,58.21592],[31.42941,58.2062],[31.44059,58.18943],[31.41027,58.18972],[31.38555,58.17589],[31.41675,58.15057],[31.42705,58.13467],[31.42705,58.11319],[31.38467,58.14262],[31.33757,58.14792],[31.33668,58.16588],[31.23454,58.15175],[31.07441,58.17883],[31.00994,58.20885],[30.94341,58.21886],[30.93282,58.23034],[30.88366,58.21651],[30.83774,58.2221],[30.88719,58.24065],[30.98374,58.29128],[31.00582,58.31012],[31.01494,58.33278],[31.0641,58.32189],[31.1218,58.32925],[31.17655,58.34956],[31.26309,58.41697],[31.27546,58.4364],[31.30342,58.51852],[31.3096,58.47761],[31.32314,58.45259],[31.34139,58.42992],[31.36641,58.41844],[31.41675,58.42845],[31.46414,58.40843],[31.50241,58.40725],[31.5189,58.40137],[31.5289,58.38812],[31.50153,58.38812],[31.51036,58.37193],[31.55039,58.3581],[31.56658,58.36398],[31.62516,58.40843],[31.6231,58.39195],[31.62869,58.38371],[31.66637,58.37576],[31.66637,58.3631],[31.65224,58.33955],[31.62811,58.36016],[31.6181,58.36016],[31.61162,58.35074],[31.62339,58.32042],[31.64694,58.29039],[31.65636,58.25507],[31.69375,58.2168],[31.7117,58.16529],[31.72819,58.15528],[31.70876,58.14674],[31.69581,58.1594],[31.67344,58.20326],[31.6493,58.21975]]]}},{"type":"Feature","properties":{"layer":"lake","name":"Lake Kovdozero","scalerank":4},"geometry":{"type":"Polygon","coordinates":[[[32.12588,66.50816],[32.13794,66.52582],[32.12588,66.54789],[32.09791,66.55614],[32.07083,66.59087],[31.96839,66.61854],[31.92247,66.64415],[31.94808,66.6727],[31.93424,66.69979],[31.91423,66.71068],[31.87302,66.71362],[31.82297,66.69272],[31.76498,66.71127],[31.74114,66.7251],[31.70582,66.72569],[31.61103,66.74924],[31.56452,66.7407],[31.54009,66.73069],[31.51301,66.70921],[31.42087,66.69302],[31.3985,66.68389],[31.33286,66.64091],[31.27546,66.62031],[31.26663,66.60353],[31.28223,66.59411],[31.1062,66.55967],[31.07882,66.53229],[31.0588,66.52788],[31.08677,66.56879],[31.18038,66.64739],[31.33197,66.67712],[31.41175,66.71627],[31.49623,66.74012],[31.52213,66.76043],[31.51595,66.80664],[31.55451,66.814],[31.56335,66.82695],[31.58866,66.83078],[31.6125,66.82136],[31.68138,66.83549],[31.7382,66.83873],[31.77823,66.86169],[31.75498,66.87346],[31.67903,66.85138],[31.59072,66.8505],[31.50418,66.85433],[31.47916,66.86375],[31.53214,66.87611],[31.63988,66.93263],[31.66578,66.93734],[31.67373,66.93027],[31.64783,66.91438],[31.64223,66.89878],[31.66461,66.89318],[31.6908,66.89848],[31.69846,66.92115],[31.7591,66.91114],[31.88096,66.92615],[31.97075,66.92851],[32.08437,66.97207],[32.12087,66.95618],[32.13735,66.93528],[32.13647,66.92085],[32.1194,66.89613],[32.13382,66.87228],[32.11233,66.8558],[32.1506,66.8452],[32.20153,66.84815],[32.24333,66.86875],[32.32751,66.88141],[32.33899,66.87199],[32.33193,66.84874],[32.34841,66.82136],[32.34135,66.80311],[32.29808,66.79781],[32.27865,66.73217],[32.28925,66.71392],[32.43937,66.70567],[32.47146,66.68448],[32.44879,66.66888],[32.3911,66.6624],[32.35224,66.64621],[32.30838,66.61737],[32.24862,66.60441],[32.24185,66.59058],[32.30985,66.58028],[32.40846,66.59087],[32.4329,66.60176],[32.46439,66.60618],[32.49501,66.60265],[32.51061,66.59352],[32.41788,66.56203],[32.45939,66.54112],[32.39345,66.52847],[32.37785,66.49226],[32.41288,66.4746],[32.44761,66.46606],[32.43967,66.44192],[32.4014,66.42721],[32.21831,66.46018],[32.19328,66.45635],[32.09703,66.46724],[31.99606,66.45134],[31.94455,66.43339],[31.90657,66.45282],[31.84711,66.4537],[31.81562,66.46724],[31.80619,66.47931],[31.75704,66.49461],[31.80502,66.50875],[31.86242,66.56615],[31.88715,66.57174],[31.99135,66.53141],[32.0461,66.52906],[32.0723,66.51228],[32.10321,66.50551],[32.12588,66.50816]],[[31.97133,66.87611],[32.01755,66.88995],[32.01313,66.90496],[31.89215,66.89731],[31.94307,66.88111],[31.97133,66.87611]]]}},{"type":"Feature","properties":{"layer":"lake","name":"Lake Ladoga","scalerank":0},"geometry":{"type":"MultiPolygon","coordinates":[[[[30.07798,61.24287],[30.11066,61.25935],[30.0824,61.27436],[30.07739,61.29232],[30.09241,61.30763],[30.1242,61.3141],[30.19779,61.30085],[30.23753,61.30115],[30.26137,61.32087],[30.19308,61.33441],[30.22605,61.33324],[30.23988,61.33677],[30.24842,61.34825],[30.22311,61.35531],[30.1448,61.35502],[30.21957,61.40035],[30.20691,61.4239],[30.24724,61.45392],[30.2649,61.45804],[30.3385,61.44244],[30.35086,61.45128],[30.2649,61.47924],[30.23723,61.4813],[30.22664,61.48866],[30.22723,61.52693],[30.26873,61.51456],[30.31612,61.51986],[30.37382,61.49631],[30.45889,61.48571],[30.48803,61.4916],[30.45241,61.5337],[30.52012,61.52192],[30.56133,61.54047],[30.61991,61.54076],[30.64581,61.54694],[30.55927,61.58492],[30.5575,61.60199],[30.5681,61.6064],[30.59577,61.60199],[30.60754,61.62495],[30.65052,61.64467],[30.70351,61.69972],[30.82037,61.77596],[30.84127,61.77861],[30.85805,61.76654],[30.90632,61.75977],[30.86482,61.73857],[30.99051,61.72945],[31.04968,61.7112],[31.06263,61.69501],[31.06616,61.67705],[31.06322,61.63937],[31.07823,61.62289],[31.1112,61.61347],[31.15889,61.61229],[31.16595,61.6382],[31.20864,61.63054],[31.23454,61.63614],[31.22895,61.65615],[31.24896,61.66351],[31.26044,61.66057],[31.26192,61.63614],[31.27192,61.62142],[31.29812,61.59934],[31.31726,61.59522],[31.31932,61.61435],[31.33757,61.62259],[31.32344,61.64232],[31.37848,61.62259],[31.41116,61.59375],[31.43441,61.58521],[31.52213,61.52693],[31.5345,61.51427],[31.54245,61.48542],[31.57247,61.45392],[31.57659,61.44068],[31.59219,61.42449],[31.62516,61.40594],[31.65224,61.39888],[31.65224,61.41625],[31.60456,61.45128],[31.59337,61.47836],[31.59896,61.48601],[31.63988,61.46835],[31.70081,61.41036],[31.73084,61.39181],[31.80443,61.36591],[31.85683,61.35914],[31.88244,61.33147],[31.91246,61.31233],[32.50855,61.1366],[32.56948,61.08126],[32.58155,61.06036],[32.58508,61.03269],[32.58037,60.99825],[32.59156,60.99177],[32.62953,60.9956],[32.63247,60.9747],[32.64425,60.96028],[32.72108,60.90258],[32.80586,60.86137],[32.81734,60.83782],[32.8035,60.74598],[32.8141,60.72155],[32.84736,60.70565],[32.93273,60.68416],[32.95451,60.65679],[32.94833,60.62882],[32.92566,60.60086],[32.82116,60.51549],[32.78319,60.4575],[32.77289,60.47045],[32.77966,60.49371],[32.77642,60.50578],[32.76229,60.51343],[32.72078,60.5202],[32.67722,60.54404],[32.63777,60.55111],[32.60157,60.54463],[32.58508,60.51902],[32.5948,60.49989],[32.64278,60.45309],[32.67192,60.43955],[32.68046,60.42924],[32.68693,60.40275],[32.64543,60.36124],[32.62953,60.35536],[32.59156,60.36124],[32.57802,60.35241],[32.57949,60.34299],[32.62247,60.28942],[32.62659,60.26351],[32.61952,60.2382],[32.56978,60.19081],[32.49795,60.16549],[32.29219,60.13399],[32.26393,60.13812],[32.23862,60.15283],[32.16414,60.21583],[32.12529,60.21112],[32.08378,60.23231],[32.05022,60.23997],[31.77823,60.24644],[31.73643,60.25851],[31.72436,60.23526],[31.58895,60.16696],[31.57041,60.13517],[31.60573,60.14665],[31.61074,60.13871],[31.60662,60.12929],[31.54598,60.09102],[31.5289,60.05275],[31.54922,60.03656],[31.56776,60.01007],[31.57718,59.97975],[31.57041,59.9509],[31.53715,59.92706],[31.48357,59.90881],[31.42735,59.90056],[31.38584,59.90586],[31.34934,59.93971],[31.32344,59.94354],[31.24367,59.93618],[31.18685,59.91646],[31.12739,59.91999],[31.07117,59.93265],[31.04262,59.9509],[31.09737,59.96415],[31.10738,59.98799],[31.16124,60.01949],[31.15065,60.04098],[31.08765,60.06865],[31.11797,60.12899],[31.1059,60.15225],[31.02848,60.17992],[30.98992,60.20641],[30.96196,60.23673],[30.88219,60.39686],[30.85746,60.43513],[30.82361,60.46486],[30.79653,60.44043],[30.78328,60.43896],[30.76915,60.45073],[30.76209,60.47899],[30.77592,60.50578],[30.72794,60.53727],[30.7144,60.55317],[30.70616,60.58025],[30.53395,60.63],[30.5263,60.63971],[30.52836,60.67327],[30.49421,60.72802],[30.49775,60.73744],[30.53601,60.74245],[30.52983,60.76158],[30.53631,60.80544],[30.52512,60.83488],[30.49951,60.85166],[30.43269,60.86843],[30.46684,60.88933],[30.44859,60.89728],[30.37941,60.95262],[30.30082,60.98971],[30.2546,61.03269],[30.23458,61.04358],[29.89577,61.16545],[29.79569,61.21843],[29.82542,61.22432],[29.87104,61.20519],[29.91255,61.20695],[29.92903,61.20077],[29.94817,61.17781],[29.97672,61.16162],[30.01116,61.15338],[30.02853,61.15573],[30.01263,61.18811],[29.98702,61.21107],[29.90254,61.22167],[29.87723,61.23197],[29.89371,61.23698],[29.91137,61.23197],[29.89872,61.24375],[29.8369,61.25935],[29.86192,61.26494],[29.89077,61.30733],[29.90961,61.30674],[30.03,61.24581],[30.06886,61.23698],[30.07798,61.24287]],[[30.79682,61.70413],[30.80271,61.73239],[30.74678,61.70296],[30.71499,61.66116],[30.72558,61.65115],[30.79211,61.64585],[30.82361,61.62259],[30.83627,61.62024],[30.8398,61.62318],[30.81036,61.66734],[30.79594,61.68058],[30.77592,61.68323],[30.81007,61.68323],[30.80477,61.68794],[30.79682,61.70413]],[[30.85746,61.71179],[30.85098,61.69766],[30.85746,61.68029],[30.87424,61.66645],[30.91251,61.64997],[30.90485,61.66704],[30.9075,61.7006],[30.87159,61.71591],[30.85746,61.71179]],[[30.63168,61.57579],[30.67054,61.55872],[30.68643,61.56107],[30.65582,61.58256],[30.61755,61.58904],[30.63168,61.57579]],[[30.56516,61.51898],[30.54926,61.51957],[30.56398,61.50573],[30.58223,61.49985],[30.60136,61.50397],[30.61755,61.51957],[30.61078,61.52693],[30.56516,61.51898]],[[30.33702,61.48542],[30.36882,61.46835],[30.40473,61.46482],[30.38442,61.47924],[30.3485,61.48778],[30.33702,61.48542]],[[30.96019,61.41242],[30.88572,61.38916],[30.91133,61.3662],[30.95519,61.35708],[30.98816,61.36561],[30.9808,61.39593],[31.02525,61.41124],[30.99846,61.41919],[30.96019,61.41242]],[[31.53744,61.39446],[31.5289,61.37562],[31.54598,61.34825],[31.61957,61.30645],[31.64488,61.30174],[31.65931,61.3141],[31.62516,61.34854],[31.64606,61.36179],[31.5969,61.38916],[31.55628,61.39917],[31.53744,61.39446]],[[31.67903,61.3821],[31.66608,61.37562],[31.7067,61.36591],[31.71435,61.35502],[31.70081,61.35502],[31.75527,61.33794],[31.81974,61.30291],[31.88567,61.30085],[31.83799,61.3141],[31.82415,61.34118],[31.80119,61.35148],[31.69316,61.38328],[31.67903,61.3821]],[[30.26078,61.37533],[30.35086,61.38916],[30.33585,61.39534],[30.26255,61.398],[30.23458,61.38298],[30.26078,61.37533]],[[29.95906,61.23904],[29.98025,61.23904],[29.93257,61.262],[29.91137,61.26553],[29.92344,61.24934],[29.93963,61.24169],[29.95906,61.23904]],[[30.62197,60.89669],[30.59194,60.89228],[30.56221,60.86843],[30.59106,60.85695],[30.60578,60.86019],[30.61373,60.87461],[30.62197,60.89669]]],[[[30.79682,61.70413],[30.79653,61.70472],[30.79653,61.70502],[30.79682,61.70413]]]]}},{"type":"Feature","properties":{"layer":"lake","name":"Lake Peipus","scalerank":4},"geometry":{"type":"Polygon","coordinates":[[[27.46697,58.22092],[27.46226,58.25772],[27.41046,58.29186],[27.41782,58.30335],[27.40427,58.33278],[27.40427,58.35397],[27.4184,58.37075],[27.41104,58.37752],[27.32686,58.40402],[27.26033,58.40843],[27.23708,58.42403],[27.22972,58.44552],[27.22972,58.52088],[27.19734,58.60948],[27.16113,58.66306],[27.07459,58.7443],[26.98068,58.77815],[26.95537,58.79582],[26.94654,58.81966],[26.96479,58.87618],[27.011,58.92298],[27.04456,58.94418],[27.08136,58.95978],[27.28712,59.00158],[27.53703,59.01629],[27.73396,58.99363],[27.73749,58.98185],[27.71895,58.95036],[27.72719,58.91503],[27.79401,58.86264],[27.80137,58.81995],[27.78047,58.78522],[27.78047,58.7443],[27.76193,58.66747],[27.78342,58.64687],[27.82992,58.57298],[27.83493,58.55179],[27.83316,58.47201],[27.81138,58.43964],[27.78577,58.42256],[27.78783,58.46995],[27.70953,58.41991],[27.69334,58.39371],[27.66067,58.36398],[27.62976,58.35692],[27.63211,58.34691],[27.64447,58.33955],[27.65654,58.32071],[27.65861,58.31335],[27.65124,58.30864],[27.60915,58.30747],[27.57589,58.32307],[27.54321,58.32248],[27.53586,58.31188],[27.53085,58.27038],[27.50671,58.23711],[27.46697,58.22092]],[[27.46962,58.38783],[27.4658,58.38135],[27.49641,58.37193],[27.52791,58.3737],[27.51113,58.38694],[27.47463,58.39195],[27.46962,58.38783]]]}},{"type":"Feature","properties":{"layer":"lake","name":"Lake Pskov","scalerank":3},"geometry":{"type":"Polygon","coordinates":[[[27.50671,58.23711],[27.52879,58.22799],[27.57442,58.23476],[27.59237,58.22681],[27.60209,58.19208],[27.59679,58.17589],[27.58266,58.16853],[27.60356,58.16588],[27.60356,58.14292],[27.60974,58.13497],[27.65831,58.15734],[27.71277,58.17324],[27.7322,58.17736],[27.76575,58.17206],[27.81521,58.18943],[27.82845,58.16853],[27.84994,58.16441],[27.90881,58.17765],[27.94561,58.17589],[27.97976,58.14115],[28.04481,58.11319],[28.06542,58.06903],[28.15108,58.01457],[28.15726,58.00398],[28.15431,57.99132],[28.14018,57.97307],[28.1655,57.93804],[28.16962,57.91714],[28.16226,57.89594],[28.12664,57.85915],[27.96062,57.85503],[27.94031,57.8618],[27.92029,57.9033],[27.84199,57.92126],[27.89704,57.93568],[27.89881,57.94687],[27.89027,57.9557],[27.81491,57.97425],[27.78783,57.99014],[27.7737,58.01752],[27.71071,58.03901],[27.67391,58.04048],[27.65743,58.02811],[27.65743,58.01457],[27.63358,57.99338],[27.61592,57.96365],[27.59414,58.00898],[27.58972,58.08934],[27.55823,58.09729],[27.54851,58.1073],[27.53409,58.13497],[27.48228,58.1909],[27.46697,58.22092],[27.50671,58.23711]]]}},{"type":"Feature","properties":{"layer":"lake","name":"Lake Saimaa","scalerank":2},"geometry":{"type":"Polygon","coordinates":[[[28.05541,61.08891],[28.07601,61.08803],[28.02626,61.10392],[28.00007,61.1051],[27.98653,61.09421],[28.00566,61.07684],[27.96621,61.08126],[27.94826,61.06301],[27.9303,61.06183],[27.9041,61.0739],[27.91706,61.09009],[27.93825,61.10128],[27.92795,61.11335],[27.90087,61.11158],[27.85671,61.14631],[27.80785,61.15573],[27.82463,61.16074],[27.8732,61.15956],[27.90911,61.18782],[27.98329,61.2043],[28.08808,61.18811],[28.134,61.16927],[28.1443,61.14278],[28.17021,61.13395],[28.26087,61.15573],[28.24233,61.1628],[28.23968,61.17752],[28.13901,61.18193],[28.10986,61.21843],[28.05482,61.23727],[28.0404,61.27583],[28.02273,61.2773],[27.98329,61.26553],[27.95562,61.27318],[27.91765,61.25935],[27.87673,61.25935],[27.84582,61.23904],[27.65743,61.25935],[27.68716,61.24581],[27.69452,61.23639],[27.69157,61.21843],[27.6798,61.20195],[27.66331,61.19724],[27.51496,61.2252],[27.47993,61.22461],[27.48522,61.24787],[27.47875,61.25552],[27.4658,61.25935],[27.47257,61.23904],[27.4552,61.2408],[27.44225,61.26082],[27.43165,61.26553],[27.38337,61.24581],[27.39515,61.27171],[27.42665,61.28084],[27.49317,61.27318],[27.47904,61.2882],[27.41046,61.3141],[27.3766,61.33441],[27.32862,61.34118],[27.32862,61.35502],[27.31508,61.34207],[27.32185,61.32087],[27.25945,61.31322],[27.23914,61.32087],[27.2618,61.32382],[27.28093,61.33441],[27.26651,61.34118],[27.28093,61.35502],[27.26651,61.36179],[27.28682,61.37562],[27.2462,61.38298],[27.25827,61.39476],[27.34216,61.41625],[27.32862,61.4239],[27.36277,61.43685],[27.35512,61.44921],[27.33951,61.4551],[27.30802,61.45128],[27.31508,61.43685],[27.30242,61.43626],[27.26651,61.44421],[27.27416,61.45804],[27.21882,61.46482],[27.24826,61.49572],[27.26298,61.49985],[27.28093,61.48542],[27.29448,61.50573],[27.33245,61.47571],[27.38337,61.45804],[27.37601,61.47482],[27.41811,61.46482],[27.46962,61.4707],[27.4864,61.46482],[27.4814,61.48042],[27.46844,61.48571],[27.43842,61.48542],[27.32656,61.50897],[27.2774,61.53693],[27.28152,61.57932],[27.26651,61.59522],[27.28447,61.612],[27.28682,61.64997],[27.27387,61.65939],[27.2933,61.67558],[27.32656,61.68706],[27.3557,61.68323],[27.3557,61.66351],[27.30802,61.62259],[27.33745,61.59904],[27.356,61.6329],[27.36924,61.63466],[27.38337,61.62259],[27.37866,61.60817],[27.3348,61.57461],[27.34216,61.56784],[27.32862,61.5543],[27.31361,61.55195],[27.29448,61.5337],[27.32303,61.53222],[27.41634,61.50926],[27.52791,61.51338],[27.52791,61.51957],[27.50348,61.52192],[27.4864,61.5337],[27.49994,61.54694],[27.42488,61.5543],[27.47875,61.5649],[27.47639,61.60111],[27.46315,61.6329],[27.4658,61.64997],[27.48699,61.6326],[27.51407,61.62878],[27.49052,61.59993],[27.48758,61.58433],[27.49994,61.57138],[27.57,61.56578],[27.60268,61.58021],[27.6639,61.58904],[27.73278,61.62259],[27.62328,61.61641],[27.60003,61.62436],[27.59561,61.63231],[27.6012,61.6382],[27.6433,61.63614],[27.69157,61.64997],[27.75309,61.64232],[27.7634,61.64673],[27.77046,61.67087],[27.78901,61.68117],[27.80137,61.69766],[27.73573,61.70354],[27.73955,61.71797],[27.71571,61.72621],[27.67126,61.75977],[27.64948,61.76713],[27.6118,61.76183],[27.59561,61.77331],[27.61857,61.78979],[27.62181,61.80127],[27.61592,61.81481],[27.67803,61.80069],[27.65743,61.78685],[27.71218,61.77331],[27.70894,61.7424],[27.72837,61.7374],[27.75869,61.7424],[27.78724,61.75329],[27.80137,61.76654],[27.81727,61.75918],[27.8258,61.74534],[27.82345,61.7321],[27.80785,61.72562],[27.83198,61.70148],[27.8417,61.69677],[27.86319,61.7112],[27.91352,61.68176],[27.925,61.67087],[27.9041,61.67087],[27.94414,61.6535],[27.94561,61.64232],[27.9041,61.61553],[27.93207,61.62259],[27.94561,61.60876],[27.93825,61.6014],[27.95032,61.58609],[28.01596,61.54488],[28.03186,61.52339],[28.03451,61.48542],[28.07454,61.49043],[28.08955,61.49896],[28.09632,61.52693],[28.13047,61.52693],[28.12017,61.55047],[28.1443,61.56784],[28.15608,61.56343],[28.15726,61.5337],[28.18022,61.51662],[28.2335,61.57461],[28.2123,61.58227],[28.24645,61.61553],[28.24645,61.63614],[28.25822,61.64556],[28.26264,61.66145],[28.25616,61.72121],[28.26087,61.73239],[28.22555,61.72562],[28.24292,61.74299],[28.27383,61.75682],[28.33535,61.76654],[28.33535,61.75977],[28.31769,61.75888],[28.30886,61.74593],[28.38892,61.74446],[28.40482,61.73857],[28.40217,61.75712],[28.36949,61.7686],[28.35654,61.78008],[28.41865,61.76654],[28.44426,61.7371],[28.45898,61.74593],[28.44515,61.753],[28.44102,61.76418],[28.44515,61.79303],[28.50814,61.75035],[28.52786,61.75212],[28.53316,61.76889],[28.51638,61.78361],[28.47929,61.80069],[28.52727,61.82512],[28.53463,61.8416],[28.50137,61.84249],[28.47311,61.85573],[28.50225,61.86191],[28.56289,61.8416],[28.64914,61.82394],[28.67534,61.8101],[28.69918,61.821],[28.76689,61.80745],[28.80927,61.826],[28.84931,61.81158],[28.86461,61.82629],[28.85932,61.84425],[28.82193,61.84837],[28.82193,61.85573],[28.8499,61.86221],[28.83165,61.88134],[28.66327,61.89665],[28.63001,61.90489],[28.60351,61.92402],[28.77425,61.92402],[28.74687,61.93786],[28.693,61.94139],[28.58526,61.9879],[28.51962,61.99791],[28.45368,62.02116],[28.3951,62.03176],[28.30886,62.07503],[28.40482,62.05384],[28.44044,62.03412],[28.48694,62.03412],[28.44515,62.04766],[28.4525,62.05384],[28.42483,62.06679],[28.3589,62.06973],[28.30856,62.10035],[28.27471,62.10888],[28.23938,62.11006],[28.2123,62.10241],[28.28766,62.08121],[28.25764,62.0821],[28.1708,62.10241],[28.17786,62.09475],[28.15314,62.09034],[28.10133,62.11153],[28.07601,62.10918],[28.10339,62.09475],[28.07101,62.08916],[27.9983,62.11507],[27.91146,62.13243],[27.88438,62.14332],[27.86319,62.15745],[27.92294,62.16864],[27.98653,62.16364],[27.98653,62.1707],[27.93354,62.19955],[27.9147,62.21898],[27.91765,62.24576],[27.8835,62.25253],[27.89704,62.26666],[27.88585,62.28285],[27.8417,62.31523],[27.82198,62.32142],[27.82198,62.32818],[27.93825,62.32142],[27.92589,62.34379],[27.90322,62.3485],[27.85289,62.34173],[27.81786,62.34526],[27.81521,62.35556],[27.82345,62.36174],[27.8573,62.36822],[27.86996,62.37676],[27.81874,62.40384],[27.78047,62.44475],[27.79077,62.45241],[27.77399,62.4633],[27.7737,62.47213],[27.74368,62.47066],[27.73632,62.46477],[27.77076,62.41061],[27.77164,62.39442],[27.76163,62.385],[27.73955,62.38294],[27.6639,62.41767],[27.65743,62.43445],[27.57883,62.46271],[27.58001,62.44269],[27.62652,62.42062],[27.62505,62.40766],[27.60562,62.39501],[27.57972,62.38853],[27.55823,62.39324],[27.44637,62.45329],[27.44843,62.46212],[27.4602,62.46595],[27.50671,62.46477],[27.50671,62.47213],[27.3766,62.52011],[27.3716,62.50363],[27.38278,62.49156],[27.41811,62.47831],[27.41811,62.47213],[27.3404,62.47154],[27.30566,62.45535],[27.25415,62.46507],[27.2565,62.47684],[27.27416,62.48597],[27.26269,62.5048],[27.22147,62.52011],[27.16407,62.55426],[27.11992,62.60047],[27.11639,62.61931],[27.1208,62.63285],[27.19469,62.56103],[27.215,62.55632],[27.32892,62.49303],[27.33834,62.49803],[27.33863,62.50598],[27.32185,62.51305],[27.32921,62.52482],[27.37042,62.53365],[27.34275,62.55926],[27.33304,62.57516],[27.33863,62.58222],[27.39368,62.55014],[27.40427,62.56103],[27.38602,62.57074],[27.38867,62.58369],[27.4031,62.59135],[27.42135,62.58517],[27.4343,62.55956],[27.44519,62.51216],[27.55146,62.55426],[27.5544,62.50569],[27.61592,62.47831],[27.63653,62.45182],[27.73131,62.41855],[27.73955,62.41061],[27.69334,62.46595],[27.65802,62.48979],[27.61268,62.50274],[27.59561,62.53071],[27.61651,62.53336],[27.65625,62.52188],[27.69069,62.49244],[27.69805,62.47831],[27.73249,62.50274],[27.73573,62.51481],[27.69187,62.52423],[27.60768,62.56868],[27.57206,62.56426],[27.50701,62.60577],[27.51407,62.62314],[27.52437,62.61431],[27.56205,62.60253],[27.53409,62.59576],[27.55999,62.58517],[27.57471,62.58193],[27.59914,62.58987],[27.6433,62.57457],[27.61592,62.60253],[27.62269,62.61607],[27.61798,62.62755],[27.59561,62.64345],[27.60062,62.65699],[27.58531,62.66847],[27.59237,62.68142],[27.62328,62.69202],[27.63653,62.71233],[27.61592,62.74589],[27.66067,62.72558],[27.67273,62.73058],[27.68009,62.75619],[27.67803,62.76708],[27.64565,62.78945],[27.64389,62.80035],[27.62269,62.79505],[27.61592,62.78003],[27.60326,62.79151],[27.60856,62.80417],[27.6483,62.82625],[27.67391,62.82743],[27.69834,62.81977],[27.68333,62.8286],[27.6433,62.83537],[27.64712,62.84656],[27.63653,62.86334],[27.64153,62.87394],[27.67126,62.86952],[27.68922,62.87894],[27.69952,62.89219],[27.69805,62.9178],[27.65007,62.93163],[27.60974,62.9178],[27.61592,62.8969],[27.59708,62.89307],[27.56971,62.90013],[27.5544,62.88365],[27.5647,62.87541],[27.57559,62.84156],[27.55087,62.83125],[27.53379,62.83596],[27.47728,62.88483],[27.45373,62.8913],[27.39014,62.88983],[27.39721,62.90897],[27.38337,62.9178],[27.40133,62.94164],[27.39485,62.94959],[27.3766,62.95135],[27.39691,62.97932],[27.34216,62.98609],[27.3557,62.99992],[27.30066,63.01023],[27.29389,63.02023],[27.27799,63.02553],[27.2462,63.02701],[27.25474,63.03878],[27.30066,63.04761],[27.22618,63.06792],[27.20499,63.05497],[27.18291,63.06468],[27.17114,63.06115],[27.16496,63.07646],[27.18468,63.08176],[27.17084,63.09324],[27.16407,63.10972],[27.24149,63.08941],[27.26651,63.09589],[27.23237,63.11649],[27.20911,63.14034],[27.18321,63.14917],[27.14994,63.17713],[27.12993,63.18478],[27.17114,63.18478],[27.15671,63.20598],[27.17614,63.20097],[27.2462,63.21216],[27.22559,63.25926],[27.21029,63.27192],[27.19086,63.26044],[27.18468,63.26721],[27.19086,63.28781],[27.17496,63.29017],[27.16407,63.30842],[27.19822,63.32873],[27.20558,63.31254],[27.22501,63.29812],[27.24797,63.29193],[27.26651,63.30135],[27.22765,63.33256],[27.23502,63.3617],[27.22471,63.36906],[27.20882,63.36552],[27.19822,63.34933],[27.19115,63.36494],[27.20146,63.38525],[27.17761,63.40379],[27.15995,63.43058],[27.16113,63.44353],[27.17761,63.45236],[27.16672,63.46502],[27.16555,63.47915],[27.17761,63.50741],[27.1158,63.52801],[27.02337,63.5389],[27.01159,63.53655],[27.00718,63.52419],[27.01277,63.51477],[27.03926,63.50417],[27.04751,63.49328],[26.97921,63.49328],[26.97833,63.51094],[26.9589,63.52124],[26.97185,63.5392],[26.95272,63.54715],[26.89709,63.54862],[26.91151,63.56216],[26.87736,63.59101],[26.89355,63.59572],[26.92799,63.5916],[26.97303,63.55922],[27.03544,63.56628],[27.07194,63.53861],[27.12257,63.54862],[27.14671,63.56216],[27.19704,63.5183],[27.19086,63.47267],[27.22677,63.46325],[27.26033,63.445],[27.27946,63.42086],[27.28682,63.39025],[27.26004,63.40497],[27.23737,63.43352],[27.21205,63.44883],[27.17761,63.4244],[27.2462,63.39025],[27.27446,63.36906],[27.27416,63.34256],[27.30743,63.33874],[27.34157,63.36611],[27.36542,63.36906],[27.37042,63.35993],[27.34805,63.304],[27.3713,63.304],[27.38337,63.31519],[27.39574,63.30253],[27.38396,63.29429],[27.34187,63.28781],[27.32156,63.24925],[27.30802,63.23924],[27.36277,63.21216],[27.32185,63.19833],[27.37042,63.19156],[27.32185,63.18478],[27.3766,63.17802],[27.3766,63.17124],[27.32244,63.15505],[27.25474,63.18537],[27.23295,63.18714],[27.21882,63.17124],[27.23708,63.16801],[27.26033,63.1371],[27.30125,63.12385],[27.30802,63.11649],[27.27416,63.11649],[27.27416,63.10972],[27.32892,63.10383],[27.356,63.09618],[27.3766,63.08176],[27.35335,63.08058],[27.32862,63.08853],[27.35099,63.04526],[27.40015,63.01288],[27.4602,62.99286],[27.56205,62.98609],[27.60268,62.97284],[27.62976,62.97932],[27.63035,62.99198],[27.58766,63.01611],[27.57559,63.03319],[27.64006,63.01258],[27.6433,62.99992],[27.66449,62.99374],[27.69805,62.95135],[27.71836,62.94046],[27.77193,62.93134],[27.79401,62.9384],[27.81638,62.97961],[27.7946,62.98609],[27.75604,62.97961],[27.74632,62.98609],[27.74191,62.99728],[27.74632,63.00581],[27.76752,63.02023],[27.72572,63.04408],[27.72189,63.06174],[27.70541,63.06792],[27.74044,63.09854],[27.75722,63.09942],[27.76752,63.08176],[27.7737,63.08176],[27.79813,63.1056],[27.83198,63.11649],[27.84906,63.11002],[27.85259,63.08146],[27.86996,63.07558],[27.86996,63.06792],[27.83905,63.0588],[27.82698,63.04643],[27.82198,63.03024],[27.85082,63.0114],[27.89027,62.99992],[27.91176,63.00463],[27.93501,63.04408],[27.95003,63.04584],[28.02744,63.04084],[28.03539,63.02524],[28.0975,62.99816],[28.1864,62.99168],[28.21643,62.99728],[28.2335,63.01405],[28.21937,63.01405],[28.21937,63.02023],[28.27677,63.0432],[28.30562,63.04732],[28.33623,63.04084],[28.37685,63.04761],[28.38392,63.02377],[28.37715,63.02082],[28.33535,63.02023],[28.30209,63.03113],[28.28442,63.02965],[28.26705,63.01405],[28.28119,63.01523],[28.3012,62.99992],[28.34889,62.99345],[28.34889,62.98609],[28.23997,62.9908],[28.22673,62.98756],[28.2335,62.97314],[28.21996,62.96695],[28.16226,62.96401],[28.1237,62.95135],[28.1237,62.94517],[28.18522,62.94517],[28.13489,62.90573],[28.1237,62.88983],[28.19229,62.881],[28.22526,62.86834],[28.24645,62.84891],[28.13047,62.84156],[28.15726,62.82919],[28.13047,62.80123],[28.16462,62.79328],[28.17933,62.78327],[28.18934,62.75295],[28.20082,62.73824],[28.2335,62.71939],[28.21348,62.7141],[28.19876,62.6982],[28.21525,62.69702],[28.24704,62.71292],[28.26705,62.70556],[28.27589,62.6932],[28.27383,62.65728],[28.2335,62.65081],[28.2335,62.64345],[28.33535,62.62932],[28.48665,62.57398],[28.56201,62.57133],[28.6512,62.55426],[28.62324,62.54719],[28.62324,62.54101],[28.64266,62.53571],[28.71449,62.47272],[28.89199,62.4265],[28.91201,62.41061],[28.94645,62.40678],[28.95999,62.39942],[28.96617,62.38294],[28.86697,62.40501],[28.83636,62.39648],[28.88787,62.36881],[28.89758,62.35556],[28.82164,62.37617],[28.79367,62.39383],[28.75364,62.3903],[28.70654,62.41061],[28.60734,62.41914],[28.58615,62.42768],[28.547,62.46713],[28.52786,62.47213],[28.52462,62.48567],[28.45898,62.50569],[28.54317,62.50863],[28.56878,62.4995],[28.59674,62.47831],[28.62559,62.47066],[28.6512,62.47213],[28.60705,62.50775],[28.51108,62.56073],[28.43161,62.56839],[28.37626,62.59812],[28.35654,62.60253],[28.35654,62.59576],[28.37685,62.5884],[28.35801,62.56898],[28.26705,62.58222],[28.25087,62.57339],[28.20524,62.52747],[28.21525,62.51776],[28.20259,62.47655],[28.1708,62.46477],[28.17786,62.45182],[28.1708,62.44475],[28.21937,62.42385],[28.17315,62.41885],[28.10869,62.44093],[28.06777,62.4421],[28.05541,62.45918],[28.09809,62.45506],[28.1237,62.46477],[28.11693,62.47213],[28.1443,62.47831],[28.13459,62.48832],[28.13459,62.50216],[28.1552,62.52394],[28.11693,62.54719],[28.1287,62.55514],[28.11693,62.57457],[28.13753,62.60253],[28.11134,62.60871],[28.07748,62.6355],[28.05541,62.64345],[28.0507,62.65876],[28.02744,62.66405],[28.04658,62.67642],[28.1237,62.66405],[28.07601,62.68437],[28.08043,62.70674],[28.0036,62.72234],[27.99683,62.75648],[27.95209,62.76944],[27.92118,62.75531],[27.88968,62.72528],[27.81462,62.71439],[27.76752,62.6982],[27.78783,62.68437],[27.75722,62.67524],[27.74986,62.65964],[27.71895,62.65081],[27.79401,62.62314],[27.84376,62.63697],[27.86319,62.62932],[27.82963,62.60636],[27.81197,62.60607],[27.80137,62.62314],[27.77694,62.60901],[27.71218,62.62314],[27.73278,62.6093],[27.72572,62.5884],[27.779,62.58752],[27.81079,62.5625],[27.81786,62.55043],[27.81521,62.53365],[27.85377,62.52158],[27.89027,62.4995],[27.90116,62.48538],[27.89851,62.4736],[27.86996,62.45182],[27.89233,62.43268],[28.00713,62.40384],[28.01743,62.40678],[28.03686,62.42739],[28.05187,62.42768],[28.05629,62.41385],[28.04658,62.39236],[28.04805,62.37676],[27.99477,62.33849],[27.9777,62.31523],[27.93707,62.30022],[27.925,62.28668],[27.93943,62.25842],[27.98505,62.24547],[28.07601,62.23193],[28.06924,62.24576],[28.1499,62.24606],[28.17786,62.25253],[28.1443,62.26666],[28.1443,62.27314],[28.19052,62.2702],[28.27383,62.24576],[28.29914,62.2493],[28.2335,62.2805],[28.34212,62.29433],[28.37685,62.2805],[28.34948,62.2649],[28.3483,62.25401],[28.36331,62.23958],[28.38156,62.23428],[28.41424,62.24194],[28.44367,62.22987],[28.50049,62.22221],[28.50814,62.2072],[28.52668,62.2019],[28.54906,62.20396],[28.56878,62.21162],[28.5626,62.23193],[28.58909,62.21839],[28.56907,62.2593],[28.57202,62.2699],[28.62206,62.26931],[28.61028,62.28668],[28.61823,62.30699],[28.63442,62.29404],[28.6615,62.29404],[28.68623,62.30523],[28.69918,62.30081],[28.68535,62.31464],[28.71567,62.31435],[28.7401,62.32818],[28.693,62.34173],[28.65444,62.36321],[28.64443,62.37676],[28.72715,62.35556],[28.65591,62.38294],[28.63766,62.39648],[28.66091,62.39942],[28.74687,62.37676],[28.74628,62.3641],[28.81075,62.33819],[28.82193,62.32818],[28.77748,62.31788],[28.79132,62.29404],[28.81575,62.27314],[28.85667,62.25989],[28.92555,62.21839],[28.9803,62.16364],[28.95675,62.15893],[28.90877,62.18924],[28.85755,62.20308],[28.79456,62.24576],[28.78778,62.23958],[28.79132,62.23517],[28.80221,62.23193],[28.8025,62.22545],[28.8393,62.19454],[28.85637,62.18454],[28.93202,62.16364],[28.89552,62.15775],[28.68535,62.20455],[28.69918,62.19072],[28.77425,62.17806],[28.77395,62.1657],[28.80839,62.16364],[28.82753,62.15422],[28.84254,62.13567],[28.78778,62.14332],[28.79456,62.13567],[28.76041,62.12949],[28.81104,62.11536],[28.87374,62.11889],[29.02799,62.1501],[29.04182,62.16364],[29.10364,62.1501],[29.22668,62.15745],[29.18812,62.17865],[29.10393,62.18689],[29.06213,62.19778],[29.09804,62.20602],[29.15751,62.20043],[29.2099,62.17806],[29.24052,62.17806],[29.32206,62.15893],[29.34325,62.16364],[29.31646,62.17011],[29.31322,62.17688],[29.36651,62.18748],[29.37004,62.21162],[29.41154,62.21839],[29.41154,62.22575],[29.27466,62.24576],[29.31558,62.25253],[29.30557,62.26666],[29.2882,62.27314],[29.31558,62.28668],[29.2882,62.31464],[29.30175,62.33496],[29.28408,62.35203],[29.26848,62.38647],[29.2205,62.40384],[29.2205,62.41061],[29.31558,62.41767],[29.3356,62.44829],[29.31911,62.4892],[29.26348,62.53277],[29.24052,62.56103],[29.20608,62.55426],[29.21432,62.56721],[29.25465,62.57457],[29.28143,62.6093],[29.30852,62.6146],[29.33972,62.60871],[29.36592,62.59429],[29.3774,62.57457],[29.32235,62.58222],[29.36386,62.54101],[29.35974,62.52806],[29.36739,62.51687],[29.398,62.50569],[29.38888,62.53395],[29.40183,62.54955],[29.41272,62.5519],[29.4192,62.54807],[29.41154,62.52305],[29.47365,62.4995],[29.47277,62.48096],[29.54489,62.44829],[29.5808,62.43975],[29.59729,62.43121],[29.61848,62.40001],[29.66234,62.38588],[29.67794,62.38294],[29.69266,62.3903],[29.67735,62.40413],[29.67706,62.42739],[29.602,62.44358],[29.56932,62.47213],[29.62437,62.46683],[29.63143,62.47537],[29.62378,62.48538],[29.57609,62.4995],[29.57168,62.52659],[29.59169,62.54337],[29.65174,62.55426],[29.58963,62.60253],[29.64203,62.62373],[29.69943,62.62932],[29.69266,62.62314],[29.8001,62.57633],[29.81629,62.5575],[29.81099,62.53571],[29.80246,62.52747],[29.82306,62.52011],[29.89459,62.44122],[29.94729,62.44888],[29.94935,62.44122],[29.91137,62.41061],[29.85044,62.42385],[29.85603,62.40619],[29.84809,62.39383],[29.81629,62.38294],[29.83013,62.36969],[29.82483,62.35438],[29.81688,62.35232],[29.79068,62.36704],[29.74123,62.35556],[29.74123,62.34938],[29.77538,62.34173],[29.76802,62.32818],[29.85662,62.30758],[29.78539,62.30758],[29.74741,62.32142],[29.7377,62.30081],[29.7221,62.3014],[29.65704,62.32612],[29.63938,62.32436],[29.62378,62.31464],[29.65439,62.29375],[29.65763,62.28433],[29.63762,62.2805],[29.59346,62.30081],[29.54195,62.30081],[29.54195,62.29404],[29.55961,62.28727],[29.57992,62.25989],[29.65469,62.20661],[29.73976,62.18601],[29.76802,62.19101],[29.76184,62.20455],[29.77538,62.21839],[29.83778,62.19984],[29.87222,62.17541],[29.97496,62.17099],[30.00351,62.15363],[30.02029,62.13184],[29.99968,62.12684],[29.97348,62.10918],[29.93934,62.10918],[29.92256,62.08416],[29.91196,62.08504],[29.8575,62.1239],[29.83278,62.13155],[29.80099,62.15333],[29.76802,62.1501],[29.66617,62.15745],[29.69943,62.13567],[29.68501,62.12301],[29.63084,62.1501],[29.58345,62.15745],[29.56049,62.17629],[29.54872,62.17806],[29.55637,62.1707],[29.53076,62.16452],[29.50809,62.17806],[29.53047,62.15422],[29.53429,62.14215],[29.53518,62.12625],[29.50721,62.09063],[29.52163,62.08121],[29.49661,62.07474],[29.41773,62.10241],[29.43656,62.0768],[29.461,62.05855],[29.52163,62.03412],[29.50809,62.01292],[29.52899,62.00762],[29.56638,61.98407],[29.607,61.97377],[29.65057,61.95346],[29.67235,61.9514],[29.62761,61.97495],[29.62084,62.00291],[29.607,62.01645],[29.63349,62.03235],[29.66617,62.03412],[29.70179,62.01528],[29.76125,61.94904],[29.80246,61.9305],[29.79481,61.91902],[29.76743,61.91313],[29.75477,61.90312],[29.78892,61.88929],[29.77479,61.87575],[29.75183,61.87516],[29.70708,61.88929],[29.74123,61.8416],[29.71857,61.81894],[29.66028,61.85397],[29.63143,61.84837],[29.67441,61.83807],[29.68589,61.82806],[29.6697,61.82836],[29.65174,61.80745],[29.63673,61.8001],[29.53635,61.79774],[29.47984,61.78008],[29.52487,61.76654],[29.52782,61.75212],[29.52016,61.74181],[29.48042,61.75212],[29.47042,61.74888],[29.44981,61.7218],[29.43862,61.71826],[29.41154,61.75212],[29.40036,61.73916],[29.38387,61.73239],[29.38387,61.71797],[29.4245,61.70825],[29.43215,61.69766],[29.3774,61.68441],[29.30204,61.68912],[29.2988,61.68382],[29.32912,61.66351],[29.29821,61.63908],[29.24729,61.62642],[29.24052,61.61553],[29.28143,61.61553],[29.25288,61.60169],[29.2205,61.6014],[29.14485,61.62259],[29.15162,61.60876],[29.10364,61.61553],[29.10364,61.60876],[29.12424,61.6014],[29.10482,61.59757],[29.04182,61.61553],[29.09628,61.58904],[29.12424,61.56784],[29.10334,61.56196],[29.05978,61.57697],[29.04182,61.57461],[29.02122,61.58756],[29.00414,61.59021],[29.00061,61.6014],[28.98736,61.60935],[28.81487,61.68382],[28.77425,61.6903],[28.72185,61.68941],[28.71272,61.67087],[28.7189,61.64084],[28.70654,61.63614],[28.66504,61.67087],[28.66768,61.64644],[28.65179,61.63878],[28.59674,61.64232],[28.60292,61.61406],[28.61735,61.6014],[28.67181,61.60876],[28.66504,61.62259],[28.71007,61.61523],[28.76011,61.62142],[28.82193,61.60228],[28.81016,61.59228],[28.85667,61.57461],[28.8393,61.5699],[28.80839,61.58904],[28.77366,61.59698],[28.68535,61.58904],[28.66239,61.56961],[28.6668,61.56343],[28.69918,61.5543],[28.68446,61.54106],[28.66504,61.53988],[28.70654,61.5337],[28.65827,61.50985],[28.67504,61.50573],[28.688,61.51397],[28.71155,61.49455],[28.70654,61.47924],[28.67033,61.46334],[28.57467,61.50014],[28.53463,61.49896],[28.56878,61.47924],[28.56348,61.46452],[28.56848,61.45069],[28.58909,61.43067],[28.55906,61.40447],[28.5052,61.39476],[28.35007,61.39858],[28.3433,61.3924],[28.34153,61.37445],[28.34683,61.37268],[28.39128,61.36679],[28.44691,61.37268],[28.47311,61.36915],[28.44544,61.34913],[28.41777,61.34619],[28.30356,61.36385],[28.29502,61.36179],[28.29826,61.35296],[28.34536,61.3247],[28.38716,61.32823],[28.4525,61.3141],[28.48282,61.31999],[28.52668,61.34825],[28.55494,61.35502],[28.55494,61.33441],[28.5832,61.34854],[28.67858,61.34825],[28.6512,61.37562],[28.66916,61.37209],[28.7348,61.33176],[28.78778,61.32087],[28.79573,61.30498],[28.86668,61.28731],[28.88404,61.26936],[28.87904,61.24228],[28.86491,61.22638],[28.76041,61.19724],[28.72597,61.17958],[28.66916,61.16545],[28.58909,61.15573],[28.51049,61.12659],[28.39599,61.11276],[28.32151,61.0739],[28.27854,61.07861],[28.24203,61.06419],[28.12723,61.05948],[28.05452,61.07096],[28.04481,61.07449],[28.04628,61.08656],[28.05541,61.08891]],[[28.56554,61.24581],[28.55965,61.24139],[28.56878,61.23197],[28.60469,61.20725],[28.62235,61.20254],[28.66062,61.21726],[28.67181,61.21107],[28.67858,61.21843],[28.65885,61.22049],[28.61735,61.24581],[28.6041,61.24198],[28.56554,61.24581]],[[27.9515,61.48424],[27.97299,61.47924],[27.95532,61.49307],[27.95238,61.50132],[27.95915,61.51338],[27.9462,61.52752],[27.90764,61.51338],[27.84553,61.51074],[27.82845,61.51338],[27.81521,61.5337],[27.77723,61.5337],[27.74809,61.544],[27.71218,61.5337],[27.71807,61.52104],[27.71571,61.49513],[27.72955,61.48748],[27.75869,61.48895],[27.7737,61.47924],[27.75133,61.47895],[27.75486,61.4707],[27.78783,61.45128],[27.71777,61.45098],[27.69805,61.45804],[27.70541,61.46482],[27.69216,61.47718],[27.62976,61.46482],[27.57736,61.48454],[27.5544,61.48542],[27.54233,61.47953],[27.49994,61.48542],[27.49994,61.47924],[27.54822,61.46482],[27.54086,61.45804],[27.77193,61.43832],[27.80137,61.43067],[27.73367,61.41683],[27.71218,61.4027],[27.81756,61.40418],[27.84935,61.41036],[27.90381,61.43685],[27.91971,61.45422],[27.89704,61.46482],[27.89733,61.47718],[27.8835,61.48542],[27.90263,61.48778],[27.9515,61.48424]],[[27.66979,61.28672],[27.71895,61.27318],[27.67803,61.28731],[27.68245,61.30439],[27.65802,61.32146],[27.67126,61.33441],[27.63653,61.34118],[27.65007,61.36179],[27.64153,61.36414],[27.63653,61.38298],[27.61651,61.38916],[27.52791,61.38916],[27.53409,61.4027],[27.42135,61.43067],[27.38867,61.42449],[27.33333,61.39888],[27.30066,61.39593],[27.30066,61.38916],[27.41193,61.35884],[27.52025,61.35531],[27.55587,61.34766],[27.58266,61.32823],[27.46697,61.34795],[27.45226,61.34825],[27.44077,61.335],[27.51731,61.28879],[27.56882,61.27996],[27.59708,61.26141],[27.62593,61.26318],[27.65743,61.28731],[27.66979,61.28672]],[[28.23997,61.39417],[28.26912,61.39122],[28.29002,61.39947],[28.28766,61.41625],[28.4216,61.41625],[28.5414,61.43685],[28.50726,61.47217],[28.48694,61.47924],[28.49372,61.48542],[28.46928,61.48954],[28.45898,61.50573],[28.41012,61.5128],[28.38892,61.5075],[28.39069,61.4916],[28.35654,61.49896],[28.37685,61.46482],[28.36213,61.45186],[28.34271,61.44598],[28.29443,61.44421],[28.20612,61.45775],[28.18522,61.45128],[28.21348,61.45098],[28.21966,61.44215],[28.21937,61.41036],[28.23997,61.39417]],[[28.24262,61.53899],[28.22555,61.51338],[28.25528,61.51486],[28.28089,61.52693],[28.2909,61.5125],[28.32917,61.5337],[28.35124,61.51957],[28.36331,61.51957],[28.37303,61.53693],[28.38421,61.54341],[28.38392,61.55783],[28.39775,61.55901],[28.43249,61.54076],[28.45928,61.55842],[28.47311,61.58227],[28.43043,61.58963],[28.38392,61.58904],[28.32534,61.56107],[28.26647,61.55342],[28.24262,61.53899]],[[28.29119,61.69412],[28.29266,61.68441],[28.27383,61.64232],[28.3012,61.63614],[28.28089,61.60876],[28.31092,61.62318],[28.32917,61.64232],[28.34212,61.617],[28.36007,61.60788],[28.5414,61.62259],[28.50608,61.67646],[28.46722,61.68735],[28.4525,61.69766],[28.50726,61.7112],[28.50049,61.71797],[28.45192,61.72003],[28.40482,61.70502],[28.40482,61.69766],[28.43161,61.68323],[28.43161,61.66351],[28.41453,61.65733],[28.39834,61.65674],[28.37685,61.67087],[28.38392,61.71797],[28.36949,61.72651],[28.30503,61.73239],[28.28148,61.72062],[28.28119,61.70855],[28.29119,61.69412]],[[28.85814,61.90371],[28.8705,61.90312],[28.89758,61.91666],[28.88404,61.90312],[28.92054,61.89488],[28.93202,61.85573],[28.96941,61.83159],[28.98324,61.80657],[28.99384,61.80069],[28.98648,61.79303],[29.00767,61.78008],[29.02269,61.78626],[29.11159,61.77949],[29.12424,61.77331],[29.11688,61.76654],[29.1266,61.76242],[29.15839,61.76683],[29.17223,61.75212],[29.22021,61.76683],[29.23404,61.78361],[29.19254,61.80745],[29.20932,61.81246],[29.26789,61.80834],[29.30175,61.821],[29.29291,61.83542],[29.2938,61.8469],[29.31264,61.85485],[29.30175,61.86221],[29.3091,61.86957],[29.29174,61.87545],[29.32382,61.9149],[29.31558,61.9305],[29.34325,61.94404],[29.32441,61.95699],[29.33089,61.96936],[29.37004,61.97877],[29.42979,61.95964],[29.43215,61.94404],[29.51398,61.93786],[29.51398,61.94404],[29.48278,61.95846],[29.45952,61.97877],[29.43892,62.01969],[29.46423,62.02852],[29.44952,62.04206],[29.40124,62.06473],[29.37887,62.09063],[29.36386,62.12272],[29.32235,62.12949],[29.26819,62.1501],[29.29939,62.1027],[29.28497,62.09475],[29.26701,62.0556],[29.24788,62.04766],[29.2882,62.02646],[29.29498,61.98496],[29.28026,61.98761],[29.2626,62.00291],[29.21962,62.00851],[29.1999,62.01969],[29.22668,62.0403],[29.15839,62.08121],[29.24111,62.07503],[29.24729,62.08004],[29.23522,62.10712],[29.23728,62.11978],[29.22639,62.1342],[29.18312,62.14126],[29.14191,62.13685],[29.13808,62.11654],[29.12395,62.10918],[29.0901,62.12272],[29.00355,62.1289],[28.93202,62.10241],[28.87757,62.09122],[28.69918,62.07503],[28.70654,62.0612],[28.67858,62.05501],[28.67858,62.03412],[28.68829,62.02293],[28.74422,61.98613],[28.82811,61.96759],[28.87668,61.93786],[28.87668,61.9305],[28.82723,61.92196],[28.82134,61.91195],[28.82546,61.90989],[28.85814,61.90371]],[[27.81521,62.47831],[27.78989,62.52865],[27.76016,62.53071],[27.70953,62.55014],[27.65743,62.56103],[27.76458,62.51776],[27.78724,62.48449],[27.80461,62.47743],[27.81521,62.47831]],[[27.84258,62.92516],[27.82198,62.93163],[27.84199,62.91103],[27.82963,62.90161],[27.86643,62.85009],[27.87467,62.81771],[27.89027,62.81477],[27.8835,62.82919],[27.91647,62.82507],[27.9671,62.79622],[28.05187,62.73441],[28.08219,62.74589],[28.04187,62.75325],[28.07572,62.76237],[28.13783,62.74324],[28.16521,62.74589],[28.14107,62.76414],[28.11192,62.77444],[28.04805,62.78003],[28.05953,62.79946],[28.1237,62.82213],[28.1237,62.82919],[28.04187,62.83537],[28.11693,62.84891],[28.11693,62.85569],[28.08072,62.8548],[28.04805,62.86334],[28.13047,62.87688],[28.10574,62.8863],[28.0557,62.87806],[28.03451,62.88365],[28.04481,62.89072],[28.08219,62.8969],[28.05187,62.8966],[28.02744,62.91103],[28.08955,62.92486],[28.07484,62.93516],[28.06571,62.96607],[28.05541,62.97932],[28.03392,62.9858],[28.01302,62.98079],[27.99565,62.96843],[27.98653,62.95135],[27.9933,62.95135],[27.9933,62.94517],[27.95179,62.95135],[27.93207,62.9384],[27.9041,62.93428],[27.8835,62.94517],[27.91765,62.95871],[27.87879,62.97137],[27.86054,62.96754],[27.84935,62.95135],[27.88821,62.92221],[27.9041,62.9178],[27.88173,62.90985],[27.86172,62.91515],[27.84258,62.92516]]]}},{"type":"Feature","properties":{"layer":"lake","name":"Lake Srednye Kuyto","scalerank":3},"geometry":{"type":"Polygon","coordinates":[[[30.41768,65.10993],[30.34674,65.14702],[30.33025,65.17233],[30.33673,65.19176],[30.35439,65.19912],[30.35822,65.17851],[30.41856,65.1373],[30.46537,65.12141],[30.48038,65.10404],[30.50157,65.09521],[30.6829,65.06224],[30.70851,65.06636],[30.71646,65.07549],[30.70881,65.08667],[30.68643,65.09639],[30.70233,65.10375],[30.96932,65.09609],[31.00817,65.10404],[30.9808,65.11699],[30.9808,65.12376],[31.0641,65.10492],[31.08383,65.11022],[31.08471,65.12729],[31.06734,65.1426],[31.02907,65.15909],[30.99611,65.16085],[30.93193,65.15114],[30.89955,65.15173],[30.83744,65.16527],[30.77592,65.15909],[30.77592,65.16527],[30.83038,65.2],[30.92399,65.2056],[30.98963,65.18823],[31.10178,65.18293],[31.24837,65.19264],[31.3673,65.16115],[31.46032,65.17174],[31.4821,65.16409],[31.503,65.14731],[31.59072,65.13642],[31.63193,65.11699],[31.62928,65.09756],[31.6125,65.08285],[31.57659,65.0693],[31.6075,65.05076],[31.67491,65.03575],[31.70699,65.02132],[31.65224,65.02132],[31.65224,65.01455],[31.76704,64.9913],[31.81738,64.96333],[31.88391,64.94773],[31.92365,64.92301],[32.00254,64.90475],[31.95455,64.89857],[31.96545,64.87208],[31.87213,64.91211],[31.65931,64.93949],[31.66313,64.94891],[31.6387,64.95303],[31.57394,64.99395],[31.51183,65.01485],[31.49917,65.04075],[31.5133,65.05871],[31.5289,65.06224],[31.48416,65.1008],[31.45149,65.11935],[31.43029,65.12052],[31.41086,65.09727],[31.39938,65.0958],[31.31726,65.1373],[31.29812,65.13348],[31.26192,65.10404],[31.23954,65.10286],[31.14152,65.12082],[31.13887,65.11052],[31.14594,65.1008],[31.221,65.06224],[31.2001,65.05724],[31.12474,65.0902],[31.09001,65.09697],[31.0067,65.09462],[30.97403,65.08285],[30.98757,65.0693],[30.85245,65.08137],[30.81007,65.06224],[30.85805,65.0275],[30.83744,65.0275],[30.85805,65.00101],[30.82685,64.99719],[30.80271,64.98041],[30.81625,64.96686],[30.76267,64.95068],[30.74354,64.9339],[30.57664,64.93949],[30.50775,64.9183],[30.54013,64.94243],[30.56898,64.94979],[30.57664,64.98041],[30.59489,64.98512],[30.65199,64.97305],[30.74796,64.98041],[30.71116,64.98718],[30.70616,64.99365],[30.71057,65.00984],[30.72764,65.01455],[30.71322,65.02397],[30.63904,65.03722],[30.56898,65.06224],[30.43269,65.08285],[30.43269,65.0902],[30.43946,65.0902],[30.41768,65.10993]]]}},{"type":"Feature","properties":{"layer":"lake","name":"Lake Topozero","scalerank":4},"geometry":{"type":"Polygon","coordinates":[[[32.00195,65.54706],[31.97457,65.5553],[31.97487,65.5712],[31.92659,65.61034],[31.94867,65.61152],[31.95485,65.61859],[31.93424,65.63831],[31.86065,65.65097],[31.75615,65.64891],[31.65489,65.69748],[31.60838,65.68982],[31.5969,65.69306],[31.59867,65.73045],[31.58366,65.74457],[31.52714,65.75576],[31.4824,65.79638],[31.46738,65.80227],[31.51154,65.83289],[31.53832,65.83877],[31.5813,65.82876],[31.62133,65.83171],[31.66608,65.84319],[31.66549,65.86173],[31.67314,65.86438],[31.73319,65.86526],[31.76116,65.87203],[31.81355,65.90059],[31.85329,65.90706],[31.89303,65.90677],[31.91982,65.89823],[31.93984,65.88352],[31.97546,65.88204],[32.04404,65.89146],[32.20035,65.88469],[32.16591,65.87351],[31.89215,65.86438],[31.86536,65.85055],[32.0776,65.84319],[32.1191,65.83024],[32.17297,65.84319],[32.26246,65.83701],[32.24156,65.82906],[32.14501,65.82759],[32.08378,65.80963],[32.10144,65.77813],[32.11469,65.7749],[32.19505,65.78755],[32.2445,65.77607],[32.24509,65.76489],[32.21418,65.7278],[32.22566,65.72161],[32.25569,65.7278],[32.27953,65.70307],[32.29425,65.69954],[32.31927,65.72279],[32.33752,65.72014],[32.34871,65.70749],[32.34429,65.66186],[32.41347,65.62418],[32.35489,65.6286],[32.33752,65.62418],[32.34105,65.60887],[32.32545,65.60358],[32.28307,65.60416],[32.29661,65.57679],[32.27894,65.57237],[32.28424,65.56678],[32.37226,65.52851],[32.5006,65.54382],[32.54358,65.52851],[32.51208,65.53499],[32.48176,65.52851],[32.65308,65.49142],[32.67192,65.47935],[32.65956,65.45963],[32.68487,65.45639],[32.71755,65.43667],[32.70077,65.43225],[32.71961,65.3987],[32.7149,65.38516],[32.69989,65.37515],[32.67928,65.37338],[32.66456,65.38074],[32.66662,65.39811],[32.61187,65.39811],[32.65308,65.42607],[32.63513,65.44315],[32.47528,65.46699],[32.41347,65.4876],[32.36107,65.48583],[32.31633,65.51262],[32.29042,65.51085],[32.27365,65.4979],[32.25893,65.49496],[32.1874,65.50114],[32.24185,65.52174],[32.21124,65.53587],[32.0773,65.555],[32.00195,65.54706]],[[32.17032,65.57031],[32.15943,65.56943],[32.18386,65.55383],[32.22066,65.54235],[32.28983,65.53528],[32.19064,65.56707],[32.17032,65.57031]],[[31.80296,65.69983],[31.95455,65.70601],[31.92688,65.72574],[31.89244,65.7278],[31.8165,65.71161],[31.80296,65.69983]],[[31.96074,65.67246],[31.9784,65.66598],[32.03727,65.6651],[32.00872,65.68246],[31.96456,65.69218],[31.95132,65.69071],[31.94808,65.68364],[31.96074,65.67246]]]}},{"type":"Feature","properties":{"layer":"lake","name":"Mälaren","scalerank":2},"geometry":{"type":"Polygon","coordinates":[[[18.09501,59.32685],[18.01965,59.32714],[17.98874,59.33715],[17.96961,59.33391],[17.89955,59.29624],[17.88542,59.27504],[17.89131,59.24089],[17.87806,59.22441],[17.86511,59.23059],[17.86746,59.25826],[17.8289,59.27004],[17.74148,59.27151],[17.74148,59.26533],[17.78298,59.25826],[17.77209,59.24708],[17.73059,59.23913],[17.71351,59.24472],[17.74148,59.25208],[17.6935,59.26533],[17.70056,59.27887],[17.63698,59.29182],[17.60548,59.29182],[17.57693,59.27887],[17.59282,59.2721],[17.59989,59.26062],[17.60372,59.23059],[17.59753,59.22441],[17.57546,59.25973],[17.5107,59.2824],[17.47184,59.30536],[17.35086,59.32655],[17.36499,59.28299],[17.37764,59.26621],[17.39943,59.25826],[17.39943,59.25208],[17.21398,59.25826],[17.21398,59.26533],[17.24989,59.26768],[17.28227,59.27887],[17.24165,59.31978],[17.30611,59.3295],[17.31612,59.33715],[17.3067,59.35364],[17.09888,59.37718],[17.04354,59.36158],[17.03589,59.38131],[16.97171,59.4078],[16.95582,59.43282],[16.92638,59.45696],[16.84072,59.49081],[16.82129,59.49346],[16.82394,59.47756],[16.74829,59.47756],[16.71474,59.48492],[16.69442,59.47285],[16.72621,59.46579],[16.83984,59.41251],[16.88488,59.40868],[16.89194,59.39102],[16.80834,59.3922],[16.78244,59.41604],[16.66587,59.47845],[16.59022,59.45019],[16.5287,59.46343],[16.50809,59.45019],[16.47718,59.45696],[16.16545,59.44401],[16.08097,59.45519],[16.04241,59.47197],[16.02151,59.49787],[16.12395,59.47756],[16.23374,59.47756],[16.23374,59.48492],[16.21314,59.48492],[16.21314,59.4911],[16.24846,59.50347],[16.2673,59.50288],[16.28231,59.4705],[16.2985,59.46078],[16.31882,59.45872],[16.33677,59.46343],[16.32559,59.47668],[16.3303,59.4811],[16.35414,59.48816],[16.38358,59.50965],[16.46865,59.49846],[16.49455,59.51171],[16.44598,59.52584],[16.53429,59.53585],[16.54901,59.55263],[16.49808,59.6009],[16.52458,59.60797],[16.56019,59.61268],[16.58639,59.59649],[16.63172,59.58059],[16.6747,59.53791],[16.7268,59.52908],[16.74182,59.52996],[16.76448,59.55086],[16.78597,59.55998],[16.79775,59.58942],[16.80628,59.59472],[16.89871,59.58736],[16.94375,59.54939],[16.95376,59.54733],[17.06974,59.54644],[17.05826,59.56146],[17.02146,59.5803],[17.00792,59.59472],[17.05561,59.60973],[17.08387,59.575],[17.12949,59.55115],[17.15422,59.54468],[17.20927,59.54527],[17.22987,59.52643],[17.34438,59.47756],[17.3641,59.47786],[17.35321,59.49935],[17.36116,59.50494],[17.41238,59.47403],[17.40943,59.50111],[17.39207,59.52584],[17.40708,59.54174],[17.36469,59.59796],[17.33673,59.62386],[17.38588,59.65565],[17.37382,59.62004],[17.38,59.6065],[17.40266,59.6009],[17.43534,59.57382],[17.48656,59.54792],[17.50628,59.5485],[17.53307,59.55998],[17.54808,59.5538],[17.54484,59.54026],[17.5316,59.52584],[17.51541,59.51848],[17.53218,59.49994],[17.55662,59.4911],[17.56957,59.50494],[17.65199,59.49787],[17.66848,59.49287],[17.69703,59.45343],[17.71498,59.4443],[17.73088,59.44813],[17.73736,59.46049],[17.72764,59.47756],[17.78916,59.53967],[17.76532,59.57676],[17.74001,59.59472],[17.61078,59.63269],[17.56398,59.66095],[17.56339,59.67655],[17.61784,59.69716],[17.60372,59.71041],[17.61755,59.73042],[17.59694,59.73837],[17.53601,59.73837],[17.55662,59.7313],[17.51423,59.70952],[17.50864,59.69363],[17.51423,59.6583],[17.50186,59.64947],[17.52924,59.61297],[17.53601,59.57323],[17.49038,59.63299],[17.47449,59.64211],[17.48067,59.66036],[17.45506,59.67037],[17.44741,59.67979],[17.45153,59.69127],[17.49509,59.73425],[17.48891,59.73896],[17.41385,59.73984],[17.37146,59.75191],[17.54808,59.75662],[17.5678,59.76957],[17.59753,59.81343],[17.61078,59.79695],[17.63168,59.78665],[17.6252,59.76427],[17.68672,59.7313],[17.66435,59.73042],[17.65729,59.72159],[17.65258,59.6898],[17.64257,59.67361],[17.62991,59.66537],[17.59076,59.66242],[17.64816,59.63799],[17.71999,59.62533],[17.70939,59.69392],[17.72764,59.70334],[17.75885,59.61886],[17.77562,59.60797],[17.8133,59.59796],[17.81948,59.5906],[17.81536,59.56411],[17.84392,59.53202],[17.8189,59.52584],[17.79329,59.50906],[17.77768,59.48669],[17.78298,59.46343],[17.76002,59.42104],[17.79034,59.38749],[17.89278,59.34775],[17.92281,59.34333],[17.99551,59.35393],[18.09501,59.33862],[18.09501,59.32685]]]}},{"type":"Feature","properties":{"layer":"lake","name":"Oulujärvi","scalerank":4},"geometry":{"type":"Polygon","coordinates":[[[26.77963,64.36371],[26.80112,64.39079],[26.7552,64.4011],[26.74254,64.40816],[26.73783,64.41935],[26.78052,64.42494],[26.88148,64.40404],[26.91151,64.41111],[26.82791,64.42847],[26.80789,64.43848],[26.79612,64.45585],[26.79612,64.47322],[26.80701,64.48529],[26.85499,64.49323],[26.81142,64.52444],[26.80789,64.53444],[26.8129,64.55358],[26.80112,64.56212],[26.81466,64.56035],[26.84204,64.54151],[26.95566,64.52444],[27.00747,64.50236],[27.02072,64.5212],[27.00718,64.52797],[27.02337,64.53327],[27.05369,64.51943],[27.11727,64.51001],[27.13611,64.51502],[27.12404,64.53003],[27.13876,64.53945],[27.16348,64.54239],[27.24031,64.5265],[27.25297,64.51502],[27.21353,64.50442],[27.18468,64.48028],[27.23943,64.46262],[27.25356,64.44908],[27.16407,64.41817],[27.18497,64.3955],[27.28682,64.37019],[27.28064,64.33663],[27.31449,64.35253],[27.38337,64.3331],[27.38043,64.30337],[27.41134,64.30455],[27.42488,64.32927],[27.45343,64.34105],[27.4867,64.34281],[27.49494,64.33163],[27.50995,64.32957],[27.57206,64.34988],[27.58266,64.35665],[27.54086,64.37019],[27.5703,64.38608],[27.60974,64.39079],[27.60974,64.39757],[27.57559,64.40522],[27.59031,64.41111],[27.65419,64.40257],[27.6639,64.38932],[27.67803,64.38402],[27.70629,64.38667],[27.7372,64.40139],[27.78047,64.39079],[27.90646,64.39197],[27.97828,64.38373],[28.0139,64.35665],[27.86289,64.37343],[27.83581,64.34988],[27.86819,64.34546],[27.91529,64.31897],[27.98947,64.31779],[27.97976,64.30131],[27.96416,64.29218],[27.80108,64.32486],[27.76016,64.3225],[27.69687,64.30219],[27.63653,64.27423],[27.66302,64.26746],[27.66891,64.25892],[27.6639,64.24685],[27.76928,64.22212],[27.81256,64.22683],[27.82845,64.23979],[27.82639,64.25186],[27.84346,64.25951],[27.8835,64.26039],[27.87614,64.24038],[27.87908,64.22036],[27.90057,64.18857],[27.92441,64.17974],[28.07601,64.18209],[28.09868,64.16796],[28.17786,64.15795],[28.19346,64.14942],[28.197,64.14059],[28.18934,64.13529],[28.1708,64.13676],[28.1708,64.12999],[28.2123,64.12381],[28.09632,64.10349],[28.06188,64.10467],[27.95709,64.15118],[27.79401,64.16472],[27.76752,64.17856],[27.73955,64.17179],[27.76134,64.18974],[27.82433,64.18503],[27.84199,64.19887],[27.80137,64.20593],[27.7737,64.19887],[27.76016,64.21329],[27.68363,64.22566],[27.59797,64.22772],[27.57236,64.24479],[27.58266,64.28159],[27.55234,64.28718],[27.51878,64.28541],[27.45873,64.26775],[27.49994,64.26039],[27.48876,64.2545],[27.4658,64.21329],[27.45667,64.21565],[27.44166,64.2339],[27.39809,64.23184],[27.37484,64.23949],[27.3348,64.21948],[27.34216,64.20593],[27.32568,64.20623],[27.30066,64.19151],[27.24826,64.19092],[27.23237,64.18533],[27.26121,64.17414],[27.32185,64.11704],[27.27416,64.10349],[27.24797,64.12498],[27.16407,64.15736],[27.19086,64.17856],[27.18615,64.19563],[27.19822,64.21329],[27.16496,64.19975],[27.05428,64.19151],[27.03632,64.17856],[27.0269,64.17856],[27.02072,64.19887],[26.96361,64.21977],[26.943,64.24067],[26.90356,64.25421],[26.90356,64.26039],[26.93594,64.26687],[26.93211,64.29395],[26.90709,64.32309],[26.87677,64.33663],[26.81172,64.3281],[26.79052,64.33987],[26.77846,64.35488],[26.77963,64.36371]]]}},{"type":"Feature","properties":{"layer":"lake","name":"Pielinen","scalerank":4},"geometry":{"type":"Polygon","coordinates":[[[29.87104,63.32873],[29.87723,63.33491],[30.01352,63.29458],[30.05355,63.2625],[30.07651,63.25308],[30.07651,63.2469],[30.03177,63.2469],[30.01499,63.26721],[29.95729,63.28193],[29.94052,63.27692],[29.91667,63.24778],[29.9414,63.23689],[29.9623,63.2363],[29.96995,63.22246],[29.99438,63.20598],[29.98379,63.20009],[29.98379,63.17978],[29.96671,63.17124],[29.96936,63.15447],[30.0091,63.11679],[30.00086,63.08853],[30.00763,63.06498],[30.11978,62.97814],[30.22723,62.92486],[30.22046,62.91103],[30.28875,62.86334],[30.26638,62.8604],[30.24842,62.84891],[30.33614,62.83273],[30.37735,62.81683],[30.40443,62.78739],[30.27491,62.808],[30.31671,62.81477],[30.26785,62.83243],[30.24401,62.83037],[30.22723,62.81477],[30.24077,62.80123],[30.15511,62.78916],[30.15422,62.77768],[30.16512,62.75972],[30.14657,62.73087],[30.08888,62.72793],[30.06268,62.71233],[30.04914,62.71939],[30.07121,62.73617],[30.11654,62.74706],[30.12479,62.77709],[30.14304,62.79564],[30.2075,62.81536],[30.19985,62.82919],[30.24401,62.86363],[30.24842,62.87688],[30.21781,62.89336],[30.15982,62.90485],[30.11831,62.9387],[30.10183,62.96489],[30.08328,62.97137],[30.06444,62.97137],[30.05591,62.96225],[30.09005,62.93163],[30.07121,62.93045],[30.02235,62.9487],[30.00763,62.95871],[30.01823,62.97667],[30.01263,62.99463],[29.99733,63.00846],[29.92845,63.02406],[29.83337,63.08323],[29.79363,63.09412],[29.79775,63.10766],[29.83219,63.15241],[29.83219,63.16094],[29.80982,63.16801],[29.79834,63.18184],[29.78156,63.18214],[29.75477,63.16477],[29.71327,63.1527],[29.65616,63.12238],[29.6279,63.12032],[29.60347,63.13003],[29.59052,63.14328],[29.60023,63.16124],[29.58963,63.19833],[29.58021,63.19273],[29.56608,63.16801],[29.53164,63.18478],[29.43892,63.19156],[29.45334,63.17124],[29.38976,63.18096],[29.37386,63.19833],[29.32883,63.21187],[29.31028,63.22511],[29.3091,63.23924],[29.28614,63.23954],[29.26819,63.25308],[29.30116,63.2519],[29.3144,63.25543],[29.32235,63.26721],[29.30263,63.26691],[29.29144,63.2884],[29.21373,63.32137],[29.21373,63.32873],[29.24788,63.34256],[29.16634,63.36229],[29.14485,63.37583],[29.13985,63.40114],[29.10599,63.41145],[28.93879,63.52124],[28.99178,63.51506],[29.03328,63.48504],[29.11688,63.46649],[29.1369,63.45383],[29.16074,63.45943],[29.16487,63.46443],[29.14456,63.47444],[29.10423,63.51477],[29.08921,63.55451],[29.04182,63.60249],[29.07302,63.59601],[29.12748,63.56746],[29.14485,63.54862],[29.14426,63.53007],[29.16516,63.5233],[29.18017,63.49887],[29.23728,63.50005],[29.2414,63.49681],[29.23404,63.47944],[29.25641,63.46208],[29.32176,63.46443],[29.37534,63.43735],[29.45128,63.42999],[29.48719,63.41822],[29.4975,63.40379],[29.51781,63.39761],[29.53164,63.36641],[29.59022,63.3249],[29.60406,63.32137],[29.63762,63.32873],[29.68589,63.31519],[29.72769,63.31519],[29.77538,63.30135],[29.74682,63.33373],[29.77155,63.33491],[29.78951,63.32608],[29.79569,63.30783],[29.78539,63.29311],[29.75477,63.29399],[29.8316,63.28134],[29.87134,63.28605],[29.9049,63.30842],[29.87634,63.31931],[29.87104,63.32873]]]}},{"type":"Feature","properties":{"layer":"lake","name":"Pyhäjärvi","scalerank":5},"geometry":{"type":"Polygon","coordinates":[[[23.54133,61.45363],[23.50159,61.42007],[23.49011,61.398],[23.50012,61.3821],[23.5846,61.33235],[23.72355,61.32823],[23.72531,61.32087],[23.71,61.3141],[23.70353,61.29968],[23.70323,61.2935],[23.73061,61.27996],[23.73238,61.26641],[23.71825,61.24699],[23.70323,61.23904],[23.68322,61.25935],[23.6947,61.27318],[23.68616,61.28672],[23.6526,61.30085],[23.53191,61.30733],[23.55311,61.28731],[23.49777,61.2935],[23.5119,61.30733],[23.46362,61.34825],[23.47599,61.36032],[23.45862,61.37268],[23.41888,61.38593],[23.37649,61.36974],[23.34941,61.36885],[23.32645,61.37562],[23.35971,61.38298],[23.37531,61.41654],[23.43301,61.41036],[23.44625,61.41448],[23.55988,61.48542],[23.6423,61.49896],[23.68822,61.49013],[23.70824,61.49396],[23.71677,61.51633],[23.64171,61.53988],[23.6317,61.58786],[23.61434,61.59522],[23.64171,61.60876],[23.55841,61.63672],[23.55635,61.65321],[23.57666,61.65733],[23.63112,61.6382],[23.65614,61.64232],[23.637,61.65321],[23.61434,61.65674],[23.61434,61.66351],[23.64907,61.67087],[23.53927,61.70502],[23.57106,61.70855],[23.63641,61.70207],[23.66968,61.70502],[23.69205,61.71797],[23.69293,61.73445],[23.67704,61.74799],[23.64907,61.75212],[23.68292,61.77684],[23.70912,61.78243],[23.71,61.80392],[23.66968,61.81481],[23.66968,61.821],[23.71118,61.8366],[23.76446,61.83542],[23.74209,61.85779],[23.71,61.8731],[23.6476,61.88664],[23.63553,61.90312],[23.67586,61.90312],[23.70353,61.88929],[23.74945,61.88311],[23.84276,61.85691],[23.86925,61.87516],[23.87426,61.88634],[23.87102,61.89665],[23.84718,61.89694],[23.83187,61.91166],[23.83511,61.91725],[23.90929,61.91843],[23.94344,61.9305],[23.97022,61.96052],[24.05412,61.96465],[24.07296,61.97142],[23.99877,61.99232],[24.0132,61.99261],[24.02527,62.00733],[24.02144,62.02587],[24.00702,62.02705],[24.00496,62.03412],[24.00702,62.04177],[24.02232,62.05089],[24.02026,62.0665],[23.97199,62.103],[23.95021,62.10918],[23.96375,62.09475],[23.95374,62.09152],[23.90811,62.10094],[23.88015,62.09181],[23.79655,62.10329],[23.78507,62.08857],[23.73738,62.10241],[23.68292,62.10241],[23.65702,62.11242],[23.64907,62.11948],[23.6526,62.12272],[23.70323,62.12949],[23.67821,62.14303],[23.64907,62.14332],[23.65849,62.16275],[23.6214,62.21162],[23.68469,62.23458],[23.71,62.22575],[23.67262,62.20808],[23.67174,62.19778],[23.69941,62.17512],[23.68322,62.16364],[23.69617,62.15157],[23.73915,62.14332],[23.75769,62.1501],[23.76446,62.17806],[23.78654,62.18012],[23.79566,62.17541],[23.80302,62.14803],[23.87455,62.13302],[23.8928,62.13567],[23.92283,62.15745],[23.90517,62.17953],[23.90752,62.19219],[23.92283,62.20455],[23.90429,62.21868],[23.90988,62.22457],[23.95021,62.21839],[23.95815,62.2384],[23.97405,62.24105],[24.01909,62.23193],[23.99289,62.20014],[23.97552,62.19513],[23.95698,62.20455],[23.94402,62.19042],[23.93667,62.17423],[23.93873,62.16423],[23.95462,62.14126],[23.97758,62.1501],[23.98788,62.17276],[23.99877,62.17806],[24.01909,62.14803],[24.03439,62.13508],[24.05323,62.12949],[24.0656,62.13479],[24.06972,62.14745],[24.10681,62.1445],[24.18599,62.17129],[24.20365,62.16923],[24.19041,62.1501],[24.16745,62.14038],[24.08061,62.12949],[24.09503,62.11654],[24.16303,62.12272],[24.1283,62.09358],[24.08738,62.07503],[24.08738,62.06826],[24.1018,62.06031],[24.16715,62.05089],[24.21425,62.03412],[24.2375,62.04236],[24.25782,62.06238],[24.28608,62.10918],[24.27283,62.11565],[24.27724,62.12066],[24.30639,62.12272],[24.35348,62.10506],[24.3576,62.09858],[24.31875,62.08798],[24.30904,62.06856],[24.27842,62.04766],[24.29962,62.04],[24.32375,62.0403],[24.34053,62.01969],[24.3632,62.02175],[24.39234,62.03677],[24.47417,62.0191],[24.57308,62.0191],[24.59457,62.02646],[24.56513,62.03765],[24.52981,62.09122],[24.49831,62.10918],[24.47506,62.10918],[24.42649,62.08857],[24.41177,62.10005],[24.36114,62.11654],[24.38851,62.12949],[24.30197,62.16216],[24.27842,62.17806],[24.33258,62.17512],[24.36408,62.16599],[24.40147,62.1445],[24.42766,62.14921],[24.4574,62.13567],[24.50508,62.12949],[24.53422,62.10594],[24.56013,62.09417],[24.5875,62.06797],[24.60811,62.07503],[24.60075,62.08121],[24.60811,62.08857],[24.60075,62.09475],[24.62871,62.12272],[24.58073,62.15157],[24.57396,62.1707],[24.59457,62.18424],[24.5875,62.21162],[24.61488,62.19101],[24.62194,62.22899],[24.61841,62.24076],[24.59457,62.25989],[24.62989,62.26107],[24.69789,62.27579],[24.69024,62.25989],[24.6976,62.25253],[24.65845,62.20691],[24.66286,62.19101],[24.682,62.18365],[24.7235,62.2019],[24.74528,62.20455],[24.73851,62.21839],[24.78002,62.21839],[24.75706,62.19366],[24.68435,62.15539],[24.69377,62.12625],[24.72762,62.11595],[24.73174,62.10565],[24.72556,62.10153],[24.687,62.10565],[24.64932,62.08651],[24.64019,62.07592],[24.64961,62.05384],[24.63519,62.02705],[24.61694,62.01439],[24.58015,62.00674],[24.67081,61.97465],[24.69053,61.9305],[24.72968,61.91873],[24.7391,61.89488],[24.73174,61.88929],[24.71114,61.89753],[24.64961,61.9514],[24.59457,61.96494],[24.58279,61.9826],[24.53246,61.98496],[24.53246,61.99232],[24.56042,61.99938],[24.52863,62.00851],[24.4309,62.00939],[24.39587,61.99938],[24.43061,61.98496],[24.41295,61.98025],[24.3267,62.00291],[24.31051,62.00203],[24.27842,61.98496],[24.26871,61.99791],[24.23574,62.01145],[24.17216,62.01528],[24.08826,62.04059],[24.07296,62.0403],[24.06501,62.02764],[24.06795,62.01557],[24.07884,62.00733],[24.09415,62.00674],[24.09238,61.99084],[24.10534,61.98231],[24.16715,61.98172],[24.19718,61.95846],[24.18069,61.95405],[24.10798,61.95846],[24.01909,61.94404],[24.0444,61.92226],[24.08061,61.90989],[24.00496,61.91666],[23.94344,61.90312],[23.97081,61.89694],[23.96345,61.8784],[23.90664,61.84896],[23.88103,61.85161],[23.85454,61.83542],[23.79684,61.821],[23.75857,61.78773],[23.73061,61.77331],[23.74091,61.77036],[23.75769,61.74593],[23.81921,61.73239],[23.81921,61.72562],[23.76446,61.72562],[23.77888,61.71797],[23.76446,61.70502],[23.77211,61.69324],[23.76888,61.68206],[23.74474,61.66351],[23.71825,61.66675],[23.73149,61.65085],[23.77624,61.63584],[23.93667,61.65674],[23.89339,61.63849],[23.78919,61.63172],[23.75092,61.62259],[23.77329,61.60111],[23.80656,61.62083],[23.81921,61.62024],[23.82657,61.60876],[23.77888,61.58904],[23.80626,61.55401],[23.81156,61.53517],[23.76623,61.52104],[23.71,61.47924],[23.56577,61.46688],[23.54133,61.45363]]]}},{"type":"Feature","properties":{"layer":"lake","name":"Päijänne","scalerank":3},"geometry":{"type":"Polygon","coordinates":[[[26.30482,61.41419],[26.32778,61.42802],[26.35604,61.43067],[26.31101,61.3924],[26.28334,61.35148],[26.22564,61.33441],[26.19091,61.30733],[26.20238,61.29644],[26.23889,61.30733],[26.25302,61.2935],[26.28657,61.30085],[26.26597,61.27996],[26.27185,61.26406],[26.28039,61.25935],[26.25596,61.22903],[26.24566,61.22461],[26.22917,61.23021],[26.22064,61.27878],[26.17736,61.26553],[26.18414,61.28731],[26.16029,61.28555],[26.13821,61.26288],[26.10819,61.25258],[26.12055,61.24169],[26.1441,61.23492],[26.19091,61.23197],[26.18472,61.20813],[26.21063,61.17428],[26.21122,61.15573],[26.19091,61.16986],[26.17413,61.15662],[26.16736,61.14926],[26.17736,61.12217],[26.19562,61.14013],[26.20651,61.1419],[26.21799,61.1366],[26.21063,61.12011],[26.22623,61.10628],[26.27333,61.08803],[26.21122,61.08862],[26.16942,61.05771],[26.16088,61.04594],[26.16353,61.03269],[26.18325,61.04417],[26.20445,61.04034],[26.1441,61.00855],[26.08788,60.93054],[26.0708,60.97794],[26.0605,60.98559],[26.04725,60.97676],[26.03283,60.94261],[26.01576,60.94791],[26.00899,60.9644],[26.02312,60.97794],[26.09465,61.00561],[26.14793,61.06124],[26.16353,61.09774],[26.13056,61.10481],[26.09465,61.12217],[26.08788,61.14955],[25.98544,61.2043],[25.97043,61.17281],[25.95394,61.18134],[25.93599,61.20283],[25.91715,61.21107],[25.883,61.16309],[25.85739,61.1419],[25.84532,61.13954],[25.83472,61.14955],[25.87623,61.1837],[25.84885,61.1837],[25.80558,61.21667],[25.76261,61.21107],[25.76025,61.21578],[25.7944,61.24228],[25.78498,61.24993],[25.66458,61.28614],[25.64339,61.28731],[25.61336,61.27554],[25.60865,61.25611],[25.62366,61.23139],[25.72493,61.21107],[25.68489,61.18664],[25.55331,61.16986],[25.55007,61.14602],[25.49885,61.11482],[25.54419,61.09038],[25.57451,61.06007],[25.58069,61.06007],[25.59246,61.08774],[25.60748,61.08302],[25.62219,61.05388],[25.60865,61.02651],[25.6269,61.01885],[25.63073,61.01032],[25.62366,60.99295],[25.59187,60.99177],[25.56891,61.00914],[25.5333,61.01562],[25.5124,61.02651],[25.54654,61.06007],[25.46706,61.0998],[25.44028,61.09127],[25.43763,61.08244],[25.46471,61.06007],[25.45823,61.04564],[25.4441,61.04005],[25.4232,61.04329],[25.40554,61.06625],[25.32724,61.05859],[25.30693,61.06772],[25.31782,61.08302],[25.38052,61.09156],[25.4026,61.10128],[25.3761,61.10128],[25.39494,61.13984],[25.43527,61.16044],[25.53241,61.16986],[25.53241,61.17752],[25.50621,61.18311],[25.49208,61.19341],[25.49002,61.2096],[25.49885,61.23197],[25.51887,61.25346],[25.51593,61.26259],[25.48296,61.27377],[25.48531,61.28731],[25.45764,61.28967],[25.43056,61.27996],[25.45352,61.25847],[25.45735,61.24905],[25.44852,61.2408],[25.39524,61.23904],[25.3817,61.25935],[25.38464,61.28408],[25.40937,61.32823],[25.38553,61.33765],[25.33489,61.31322],[25.30693,61.30733],[25.32106,61.33853],[25.2613,61.3506],[25.23864,61.36915],[25.27985,61.37562],[25.23187,61.38916],[25.30752,61.39917],[25.14945,61.45804],[25.14945,61.46482],[25.21774,61.46482],[25.22451,61.47718],[25.21214,61.48365],[25.17741,61.48542],[25.21156,61.49896],[25.21156,61.50573],[25.17505,61.51574],[25.14326,61.53988],[25.16092,61.54577],[25.25365,61.54135],[25.27985,61.56107],[25.25924,61.57461],[25.25924,61.58227],[25.28662,61.58845],[25.3555,61.56107],[25.39141,61.56196],[25.41614,61.58904],[25.36845,61.59522],[25.42674,61.60876],[25.46471,61.64232],[25.43527,61.67293],[25.4235,61.67705],[25.34814,61.67705],[25.3761,61.68323],[25.3761,61.69089],[25.3449,61.70266],[25.34431,61.71061],[25.36168,61.71797],[25.36168,61.72562],[25.28338,61.73857],[25.25071,61.71915],[25.23864,61.72562],[25.25188,61.75212],[25.17005,61.80069],[25.17005,61.80745],[25.23864,61.80069],[25.2457,61.80745],[25.27308,61.79303],[25.27308,61.76654],[25.35167,61.76301],[25.4026,61.77655],[25.43674,61.83542],[25.46088,61.85838],[25.465,61.87074],[25.44999,61.88311],[25.43527,61.8837],[25.36875,61.87634],[25.28014,61.87634],[25.23069,61.85691],[25.21156,61.86221],[25.23746,61.8784],[25.2772,61.88929],[25.38258,61.90401],[25.3555,61.91666],[25.30752,61.92579],[25.29339,61.93786],[25.40613,61.9305],[25.48531,61.90312],[25.48914,61.91902],[25.53241,61.93786],[25.52623,61.94404],[25.50857,61.93727],[25.4915,61.94404],[25.50945,61.97348],[25.51917,61.97877],[25.55979,61.96965],[25.57451,61.98496],[25.5124,62.01292],[25.68048,62.00026],[25.73052,62.02293],[25.73229,62.03412],[25.72434,62.04147],[25.66046,62.04972],[25.63073,62.0662],[25.62219,62.08121],[25.6322,62.08681],[25.67694,62.09063],[25.62955,62.11301],[25.60512,62.11654],[25.57775,62.09475],[25.49002,62.09829],[25.45588,62.11242],[25.45735,62.14332],[25.43615,62.15333],[25.44675,62.16805],[25.46765,62.17217],[25.47825,62.1501],[25.52623,62.16364],[25.5224,62.14215],[25.53241,62.12272],[25.70344,62.13096],[25.73229,62.15745],[25.71286,62.17512],[25.69284,62.18218],[25.68372,62.20043],[25.75436,62.20338],[25.76643,62.21839],[25.72493,62.23193],[25.72493,62.23958],[25.82678,62.24105],[25.87417,62.25459],[25.91715,62.28668],[25.85298,62.30964],[25.84208,62.31788],[25.85415,62.33201],[25.88241,62.3326],[25.93834,62.32142],[25.91244,62.34555],[25.90979,62.35909],[25.92421,62.36969],[25.91774,62.38264],[25.92215,62.39294],[25.94393,62.41061],[25.90272,62.44681],[25.84885,62.45182],[25.87564,62.42356],[25.85091,62.41738],[25.78674,62.44475],[25.80382,62.45535],[25.86328,62.47213],[25.85504,62.47831],[25.86328,62.48597],[25.78792,62.53306],[25.74612,62.54837],[25.69755,62.55426],[25.71109,62.53483],[25.70432,62.51305],[25.68283,62.52629],[25.67812,62.5416],[25.69755,62.57457],[25.61189,62.59576],[25.58422,62.58781],[25.58069,62.59929],[25.60865,62.61548],[25.60865,62.62314],[25.58893,62.62932],[25.61837,62.6408],[25.71139,62.62932],[25.76849,62.63992],[25.7994,62.65287],[25.81412,62.67083],[25.78262,62.71557],[25.77261,62.74177],[25.79381,62.75325],[25.83384,62.70262],[25.86887,62.6982],[25.86887,62.70556],[25.85504,62.71233],[25.8883,62.70026],[25.90832,62.70232],[25.91038,62.72116],[25.92863,62.73824],[25.9301,62.75972],[25.92421,62.77091],[25.89654,62.76708],[25.84974,62.77886],[25.82854,62.76561],[25.80382,62.76708],[25.79469,62.77091],[25.7941,62.78003],[25.80058,62.79446],[25.81206,62.80123],[25.85504,62.79446],[25.85062,62.83067],[25.84208,62.84156],[25.88742,62.84009],[25.90684,62.84597],[25.91715,62.86334],[25.82795,62.8916],[25.80735,62.91103],[25.83178,62.91044],[25.89654,62.88365],[25.89625,62.89307],[25.88977,62.8969],[25.96277,62.90367],[25.99221,62.8969],[25.94423,62.93075],[25.8724,62.9596],[25.85504,62.97314],[25.88065,62.98609],[25.86504,63.00169],[25.78851,63.02465],[25.74524,63.05497],[25.71874,63.06439],[25.6843,63.06792],[25.69078,63.04791],[25.674,63.04496],[25.64692,63.05173],[25.56273,63.09706],[25.54036,63.10236],[25.5642,63.06468],[25.53241,63.03319],[25.52917,63.00611],[25.51946,62.98786],[25.54036,62.96578],[25.52299,62.96548],[25.48826,62.94517],[25.46471,62.97314],[25.43468,62.98432],[25.35756,62.9905],[25.32754,63.0067],[25.34461,63.01876],[25.35167,63.04084],[25.3761,63.04084],[25.48473,63.01405],[25.50445,63.022],[25.50386,63.03966],[25.49208,63.05909],[25.43586,63.11325],[25.41614,63.12326],[25.43615,63.12944],[25.45735,63.12326],[25.43056,63.14328],[25.45912,63.15093],[25.47266,63.14681],[25.48473,63.12208],[25.49944,63.11826],[25.53241,63.12326],[25.52947,63.14622],[25.53771,63.18243],[25.52623,63.19156],[25.55037,63.19597],[25.57451,63.18478],[25.60983,63.22953],[25.61807,63.25396],[25.63603,63.21216],[25.61425,63.20156],[25.60129,63.18478],[25.64751,63.14652],[25.82884,63.07175],[25.86328,63.07558],[25.82707,63.1056],[25.78056,63.12326],[25.81412,63.14328],[25.83561,63.14534],[25.88977,63.11649],[25.9248,63.1159],[25.93834,63.10972],[25.92274,63.08029],[25.94541,63.0585],[26.14999,62.97314],[26.1179,62.96313],[26.08905,62.96931],[26.03313,62.99992],[25.98809,63.01405],[25.97425,63.00846],[25.97808,62.98609],[25.99574,62.96666],[26.0764,62.94017],[26.14233,62.8969],[26.16,62.87188],[26.22476,62.86481],[26.24536,62.85627],[26.41227,62.73205],[26.4158,62.71851],[26.39637,62.71233],[26.35987,62.73617],[26.34515,62.72911],[26.32455,62.70173],[26.30953,62.69938],[26.26921,62.7503],[26.22947,62.78033],[26.0605,62.86069],[26.04461,62.86275],[26.0399,62.84891],[26.04578,62.84038],[26.09465,62.79976],[26.03313,62.81477],[26.01546,62.80358],[25.98897,62.75648],[25.99545,62.74589],[26.01281,62.73735],[26.0399,62.67818],[25.95806,62.72558],[25.96012,62.70379],[25.96248,62.69526],[25.99486,62.6826],[26.03519,62.65375],[26.10819,62.62314],[26.05285,62.61813],[26.03313,62.62314],[26.00281,62.64728],[25.93245,62.65493],[25.91774,62.66759],[25.88771,62.667],[25.83472,62.64345],[25.79145,62.63609],[25.78674,62.61931],[25.79057,62.61136],[25.84473,62.56868],[25.80941,62.55838],[25.78056,62.58222],[25.75142,62.59076],[25.742,62.57987],[25.75083,62.56279],[25.80117,62.54778],[25.85504,62.4995],[25.92745,62.46212],[25.94717,62.44829],[25.96483,62.42356],[25.98161,62.41473],[26.00693,62.41149],[25.99663,62.44622],[26.00663,62.46124],[26.04696,62.47831],[26.02812,62.49538],[26.03313,62.52011],[26.04814,62.53071],[26.0608,62.52953],[26.06492,62.51982],[26.05373,62.50569],[26.06963,62.5051],[26.07787,62.51157],[26.08641,62.54896],[26.10937,62.5313],[26.11584,62.52011],[26.10819,62.52011],[26.13115,62.48008],[26.14233,62.47213],[26.11408,62.46359],[26.06492,62.46948],[26.0399,62.45918],[26.05579,62.44888],[26.05373,62.42385],[26.08964,62.40943],[26.11113,62.39206],[26.18767,62.37617],[26.21122,62.37676],[26.18414,62.3903],[26.20709,62.42974],[26.20032,62.44593],[26.17736,62.46477],[26.18678,62.47183],[26.16353,62.4995],[26.1809,62.50569],[26.14999,62.54719],[26.19091,62.54101],[26.1806,62.57162],[26.1912,62.57869],[26.24036,62.55956],[26.24624,62.56839],[26.2436,62.57663],[26.21799,62.5884],[26.21799,62.59576],[26.24154,62.59429],[26.27774,62.58046],[26.3166,62.60518],[26.35781,62.61401],[26.37577,62.62314],[26.33779,62.63844],[26.36399,62.65758],[26.41756,62.65081],[26.4108,62.63668],[26.43582,62.62667],[26.49763,62.6249],[26.5412,62.60695],[26.55445,62.61637],[26.56063,62.62991],[26.55739,62.63668],[26.46084,62.72734],[26.42404,62.74471],[26.39932,62.76855],[26.37783,62.77739],[26.39637,62.80123],[26.34162,62.83537],[26.34162,62.85245],[26.32101,62.86952],[26.31071,62.88659],[26.31424,62.8913],[26.3478,62.88512],[26.38342,62.86334],[26.374,62.84891],[26.37724,62.84273],[26.39637,62.83537],[26.41433,62.81712],[26.46731,62.79652],[26.48026,62.78062],[26.47202,62.76708],[26.52089,62.73647],[26.53708,62.7035],[26.56151,62.68937],[26.70987,62.62196],[26.76874,62.61666],[26.79376,62.6093],[26.78052,62.60253],[26.792,62.59812],[26.81643,62.6043],[26.82143,62.61548],[26.79376,62.64728],[26.80436,62.66347],[26.87677,62.69202],[26.81643,62.72028],[26.72959,62.74177],[26.6925,62.78209],[26.66395,62.79446],[26.66395,62.80123],[26.70045,62.8027],[26.70487,62.81153],[26.69898,62.8186],[26.62127,62.83626],[26.60772,62.87364],[26.4626,62.94488],[26.45142,62.95871],[26.4941,62.954],[26.53001,62.94194],[26.62392,62.89749],[26.63745,62.88865],[26.65953,62.8495],[26.72076,62.82331],[26.75255,62.79622],[26.77787,62.78739],[26.7761,62.80653],[26.75314,62.81477],[26.75638,62.83832],[26.74137,62.85804],[26.73989,62.86982],[26.74578,62.88365],[26.71752,62.89189],[26.70398,62.90749],[26.7084,62.92516],[26.73283,62.9384],[26.67072,62.98609],[26.69074,62.98226],[26.78787,62.92692],[26.84204,62.9178],[26.79612,62.95754],[26.70369,62.9958],[26.69103,63.01405],[26.73901,63.01405],[26.80083,62.97991],[26.83586,62.97225],[26.8965,62.98609],[26.91946,63.01994],[26.93771,63.03319],[26.99717,63.03495],[27.05428,63.02023],[27.04485,63.00346],[27.02837,63.00228],[26.98363,63.01994],[26.9589,63.02023],[26.95184,63.01405],[26.95507,63.00552],[26.99334,62.99345],[26.96597,62.98609],[26.99158,62.97284],[27.0375,62.93516],[27.06134,62.92486],[27.02631,62.92133],[26.95125,62.96872],[26.91151,62.97932],[26.92446,62.95871],[26.9068,62.95224],[26.92034,62.93634],[26.97303,62.91103],[26.93653,62.9019],[26.91475,62.91073],[26.89709,62.93163],[26.87707,62.9281],[26.86058,62.91515],[26.85734,62.90013],[26.87677,62.88983],[26.86912,62.88365],[26.943,62.84685],[26.96597,62.84156],[26.96597,62.84891],[26.94124,62.85863],[26.92446,62.87688],[27.11197,62.85127],[27.13611,62.84156],[27.12993,62.83537],[27.18468,62.82213],[27.13317,62.81477],[27.06428,62.8342],[27.02042,62.85451],[26.99334,62.85569],[27.01983,62.84685],[27.02572,62.8392],[27.01336,62.80123],[27.02719,62.79357],[27.02219,62.78504],[26.99334,62.77385],[26.93918,62.78445],[26.81466,62.83537],[26.82173,62.81948],[26.86912,62.79446],[26.89709,62.73912],[27.00865,62.67936],[27.05428,62.66405],[27.05428,62.65728],[27.02219,62.66141],[26.95331,62.68437],[26.92446,62.67818],[26.96597,62.65081],[26.95184,62.62932],[27.006,62.61872],[27.05428,62.5884],[27.02278,62.58517],[26.97921,62.59929],[26.86735,62.65346],[26.84498,62.65964],[26.83527,62.65405],[26.83968,62.63462],[26.85175,62.62078],[26.88972,62.6093],[26.88972,62.60253],[26.8232,62.58458],[26.79553,62.56309],[26.80112,62.53365],[26.79376,62.52629],[26.80878,62.5204],[26.86176,62.52482],[26.87677,62.52011],[26.83527,62.49627],[26.84675,62.48008],[26.85676,62.47713],[26.91592,62.51511],[26.91151,62.4995],[26.93771,62.49274],[26.91151,62.47831],[26.94271,62.46418],[26.95566,62.4527],[26.95537,62.44122],[26.94124,62.43386],[26.92387,62.43416],[26.87795,62.45829],[26.81378,62.46448],[26.80201,62.48508],[26.80789,62.4995],[26.77169,62.49362],[26.71105,62.45152],[26.68367,62.45182],[26.73607,62.50981],[26.75697,62.54395],[26.73901,62.56103],[26.76698,62.57457],[26.72694,62.58575],[26.67926,62.61283],[26.63569,62.58222],[26.67749,62.56839],[26.67808,62.55455],[26.69809,62.55426],[26.67396,62.53866],[26.6663,62.52099],[26.62921,62.51305],[26.63863,62.49009],[26.65688,62.47831],[26.60184,62.46477],[26.59772,62.45358],[26.62303,62.43121],[26.56769,62.41767],[26.56386,62.38176],[26.5306,62.38235],[26.45142,62.40384],[26.45201,62.39118],[26.41756,62.36233],[26.41756,62.33496],[26.4523,62.32583],[26.45848,62.31464],[26.45259,62.3011],[26.43346,62.30493],[26.38342,62.32465],[26.35428,62.34614],[26.36958,62.36616],[26.37577,62.38676],[26.43111,62.40384],[26.39343,62.42415],[26.38342,62.43739],[26.41227,62.4371],[26.43788,62.44475],[26.48645,62.4162],[26.51382,62.40796],[26.52678,62.41767],[26.46378,62.45476],[26.47938,62.47213],[26.50205,62.4527],[26.51647,62.45152],[26.53355,62.45918],[26.52854,62.4683],[26.58683,62.4842],[26.60184,62.50569],[26.5933,62.53718],[26.55739,62.56103],[26.46584,62.56839],[26.38342,62.59812],[26.35545,62.60253],[26.33249,62.59723],[26.29393,62.54719],[26.27333,62.53483],[26.24919,62.52747],[26.22387,62.54219],[26.21475,62.53748],[26.21416,62.52188],[26.25243,62.47831],[26.233,62.4474],[26.2327,62.43092],[26.28128,62.41973],[26.29894,62.40943],[26.32101,62.37676],[26.30512,62.36174],[26.31159,62.32701],[26.30777,62.30758],[26.17148,62.36763],[26.10525,62.37676],[26.05874,62.3956],[26.0399,62.3903],[26.14233,62.33496],[26.17207,62.28756],[26.19974,62.29051],[26.20474,62.28491],[26.19738,62.2749],[26.17736,62.26666],[26.09465,62.27314],[26.11908,62.28845],[26.0605,62.30758],[26.08317,62.31052],[26.08228,62.32436],[26.06845,62.34143],[26.03754,62.37175],[25.98338,62.37793],[25.97543,62.38353],[25.97808,62.39648],[25.95747,62.3794],[25.94393,62.35556],[25.96424,62.32789],[25.95806,62.31464],[25.98073,62.3064],[26.05373,62.25989],[25.99574,62.27432],[25.94393,62.27314],[25.95571,62.20838],[25.92804,62.15068],[25.94688,62.13155],[26.00575,62.09475],[25.98985,62.09505],[25.96483,62.11713],[25.90655,62.13067],[25.88889,62.14303],[25.90684,62.21486],[25.89036,62.22516],[25.84885,62.20455],[25.85386,62.18424],[25.81765,62.15687],[25.78056,62.05384],[25.90537,62.02381],[25.91332,62.00674],[25.9301,61.99585],[25.92215,61.9826],[25.84856,62.01322],[25.80293,62.01704],[25.78674,62.00674],[25.80117,61.98231],[25.78439,61.98084],[25.76967,61.99232],[25.75348,61.98761],[25.76143,61.97642],[25.7944,61.95846],[25.77585,61.94257],[25.74789,61.93845],[25.72758,61.94581],[25.73229,61.96494],[25.70815,61.98142],[25.69608,61.9773],[25.68578,61.95846],[25.65663,61.98496],[25.6322,61.98613],[25.61483,61.97495],[25.63603,61.9461],[25.67694,61.91666],[25.64604,61.92549],[25.61483,61.92402],[25.61071,61.91549],[25.62278,61.89959],[25.67253,61.88899],[25.69961,61.9046],[25.7158,61.90401],[25.74524,61.89694],[25.74524,61.88929],[25.7261,61.88988],[25.69078,61.86221],[25.67076,61.85838],[25.60129,61.86221],[25.60748,61.84484],[25.60071,61.82011],[25.58569,61.79597],[25.56715,61.78008],[25.57922,61.75947],[25.59658,61.74888],[25.61748,61.74947],[25.67606,61.78479],[25.68784,61.79715],[25.6843,61.81481],[25.74524,61.82806],[25.74524,61.821],[25.71845,61.80745],[25.72434,61.79097],[25.71109,61.78008],[25.72728,61.75035],[25.72493,61.72562],[25.64927,61.68971],[25.64957,61.69766],[25.62219,61.67087],[25.64427,61.67499],[25.66311,61.67087],[25.65546,61.63525],[25.69902,61.61406],[25.75554,61.59728],[25.78674,61.57461],[25.72022,61.59757],[25.59335,61.61936],[25.57156,61.61553],[25.54654,61.59522],[25.56862,61.58492],[25.6113,61.59404],[25.63603,61.58904],[25.62514,61.57461],[25.56715,61.56107],[25.58569,61.54312],[25.58775,61.53399],[25.58069,61.52693],[25.59511,61.51338],[25.57922,61.50809],[25.54801,61.51015],[25.53241,61.49896],[25.59658,61.47217],[25.63309,61.46658],[25.66311,61.47217],[25.66311,61.47924],[25.64339,61.48542],[25.67989,61.49278],[25.69696,61.48984],[25.70432,61.47571],[25.69726,61.45628],[25.70197,61.44921],[25.72493,61.44421],[25.70579,61.43685],[25.62366,61.4554],[25.61307,61.45422],[25.61483,61.44421],[25.49885,61.45128],[25.51034,61.43538],[25.50562,61.41625],[25.59511,61.39593],[25.58922,61.38387],[25.53241,61.36179],[25.56067,61.35502],[25.52623,61.2935],[25.57009,61.32941],[25.59511,61.32087],[25.56715,61.30085],[25.58893,61.27996],[25.63191,61.30085],[25.79587,61.25641],[25.85504,61.25935],[25.83472,61.26553],[25.85121,61.28408],[25.87535,61.28054],[25.9301,61.26553],[25.92421,61.25935],[25.94423,61.25376],[26.00575,61.25258],[26.01929,61.24404],[26.02282,61.23433],[25.99839,61.21843],[26.01605,61.20489],[26.08876,61.17634],[26.11201,61.1837],[26.14999,61.21107],[26.08376,61.24404],[26.08788,61.26553],[26.10495,61.28349],[26.2015,61.34207],[26.24536,61.35031],[26.26597,61.37562],[26.30482,61.41419]]]}},{"type":"Feature","properties":{"layer":"lake","name":"Pääjärvi","scalerank":4},"geometry":{"type":"Polygon","coordinates":[[[31.27899,66.02893],[31.23954,66.02452],[31.23277,66.00391],[31.23307,65.96947],[31.24043,65.95357],[31.31372,65.93974],[31.35022,65.91266],[31.35641,65.89912],[31.34434,65.8791],[31.31932,65.87027],[31.25809,65.87969],[31.23954,65.86556],[31.27604,65.8529],[31.30313,65.832],[31.28635,65.81611],[31.17243,65.82346],[31.14711,65.84024],[31.13416,65.85938],[31.19716,65.86026],[31.22453,65.87527],[31.18921,65.89499],[30.88513,65.95475],[30.8239,65.97359],[30.75796,66.00597],[30.64169,66.03541],[30.62491,66.0513],[30.62138,66.06396],[30.62786,66.07809],[30.73618,66.12077],[30.72352,66.1352],[30.6096,66.1717],[30.59371,66.18465],[30.61755,66.19642],[30.64022,66.19849],[30.73648,66.18612],[30.79182,66.20996],[30.86688,66.22527],[30.79182,66.24058],[30.78357,66.25471],[30.84598,66.27531],[30.83067,66.28885],[30.76738,66.30975],[30.72882,66.3389],[30.74148,66.34567],[30.78475,66.33625],[30.79712,66.323],[30.85452,66.34655],[30.89543,66.33271],[30.9022,66.31976],[30.88395,66.29533],[30.94665,66.28297],[30.96314,66.28179],[31.06293,66.30446],[31.10296,66.29209],[31.14123,66.32035],[31.14093,66.35744],[31.10679,66.37216],[31.14564,66.36951],[31.15859,66.38217],[31.20952,66.39218],[31.22571,66.40807],[31.27075,66.41955],[31.19303,66.43221],[31.25691,66.46518],[31.45266,66.5058],[31.50329,66.50286],[31.5654,66.51993],[31.58778,66.50757],[31.55628,66.48961],[31.55863,66.47843],[31.65666,66.49344],[31.79766,66.46724],[31.62075,66.44869],[31.56806,66.45576],[31.52125,66.44281],[31.48033,66.45664],[31.44383,66.44781],[31.35788,66.45134],[31.30136,66.43721],[31.30077,66.42309],[31.37731,66.39895],[31.40233,66.38482],[31.3358,66.34832],[31.21923,66.31505],[31.18862,66.31329],[31.1742,66.29592],[31.14947,66.28503],[31.1374,66.2709],[31.14417,66.24764],[31.14152,66.23028],[31.07176,66.20408],[31.09089,66.18936],[31.12621,66.17758],[31.18921,66.17111],[31.2051,66.15698],[31.16095,66.13107],[31.19097,66.09605],[31.1742,66.07103],[31.19097,66.06161],[31.24602,66.05837],[31.28605,66.04571],[31.27899,66.02893]],[[30.89749,66.046],[30.95283,66.05837],[30.9284,66.08044],[30.89808,66.09104],[30.84304,66.06161],[30.86129,66.04542],[30.89749,66.046]],[[31.0226,66.17906],[31.02083,66.19613],[31.00052,66.20938],[30.96873,66.21467],[30.93664,66.21114],[30.91427,66.19907],[30.92399,66.18612],[30.96373,66.16257],[31.01553,66.16257],[31.0226,66.17906]]]}},{"type":"Feature","properties":{"layer":"lake","name":"Rikkavesi","scalerank":4},"geometry":{"type":"Polygon","coordinates":[[[29.45128,62.90367],[29.45334,62.87688],[29.47984,62.86334],[29.48719,62.84156],[29.53135,62.82036],[29.56932,62.81477],[29.56314,62.81477],[29.57609,62.83537],[29.52782,62.84891],[29.55107,62.85127],[29.60494,62.83331],[29.63143,62.83537],[29.60347,62.85951],[29.53518,62.95135],[29.56196,62.94458],[29.60465,62.91456],[29.63762,62.91103],[29.63762,62.9178],[29.5861,62.949],[29.50662,62.97402],[29.49396,62.99433],[29.47984,63.04084],[29.52075,63.04143],[29.56314,63.01405],[29.57992,62.98285],[29.61112,62.95901],[29.76772,62.88483],[29.82071,62.81595],[29.84308,62.77385],[29.84367,62.75531],[29.83631,62.74618],[29.80246,62.73912],[29.83013,62.71939],[29.73858,62.68849],[29.6856,62.67995],[29.65881,62.69202],[29.62319,62.73087],[29.61789,62.74589],[29.64497,62.73912],[29.62525,62.75354],[29.60053,62.76384],[29.58404,62.76149],[29.58963,62.73912],[29.57639,62.74236],[29.55254,62.77032],[29.51074,62.78151],[29.50809,62.79446],[29.47748,62.81359],[29.47365,62.82566],[29.42538,62.84891],[29.43215,62.86334],[29.41125,62.86923],[29.40477,62.88983],[29.43215,62.88365],[29.43892,62.91103],[29.45128,62.90367]]]}},{"type":"Feature","properties":{"layer":"lake","name":"Storsjön","scalerank":5},"geometry":{"type":"Polygon","coordinates":[[[14.09254,63.21216],[14.14111,63.20804],[14.15818,63.21216],[14.15347,63.226],[14.11668,63.2469],[14.08135,63.29134],[14.0478,63.28958],[14.03573,63.31666],[13.99304,63.33491],[14.04044,63.32873],[14.09401,63.30989],[14.19851,63.31519],[14.27033,63.28516],[14.29771,63.28104],[14.33568,63.29399],[14.37395,63.27604],[14.39544,63.2519],[14.42812,63.24012],[14.45902,63.23777],[14.47286,63.24984],[14.46815,63.27928],[14.47286,63.28781],[14.49582,63.29252],[14.51377,63.28104],[14.51289,63.25985],[14.52967,63.24837],[14.57588,63.23247],[14.6274,63.1842],[14.69128,63.1683],[14.72954,63.14416],[14.79519,63.08853],[14.76134,63.09235],[14.67891,63.14328],[14.5282,63.17389],[14.49729,63.17478],[14.42017,63.1527],[14.41134,63.14004],[14.42488,63.09618],[14.41811,63.06674],[14.46609,62.99992],[14.45932,62.99992],[14.46756,62.96519],[14.47639,62.84156],[14.48522,62.83773],[14.47286,62.81477],[14.43194,62.79446],[14.4134,62.79622],[14.41634,62.80829],[14.44548,62.84156],[14.42341,62.86157],[14.41134,62.86334],[14.39456,62.85333],[14.37719,62.87688],[14.33981,62.90131],[14.33657,62.99463],[14.37425,62.91515],[14.38926,62.89837],[14.41134,62.88983],[14.40398,62.9281],[14.3922,62.94929],[14.43076,62.96107],[14.43694,62.98285],[14.43282,63.00434],[14.39662,63.03643],[14.36306,63.10472],[14.35099,63.11885],[14.32832,63.13003],[14.23383,63.15241],[14.21912,63.16124],[14.0737,63.1895],[13.99952,63.24807],[13.92475,63.27486],[14.03661,63.25661],[14.06016,63.2363],[14.09254,63.21216]]]}},{"type":"Feature","properties":{"layer":"lake","name":"Vänern","scalerank":1},"geometry":{"type":"Polygon","coordinates":[[[14.11668,59.06663],[14.09813,59.04249],[14.07105,59.02307],[14.04044,59.00982],[13.97833,59.00334],[13.97362,58.99834],[13.97715,58.97744],[14.01424,58.95654],[14.01424,58.95036],[14.00482,58.93799],[13.98627,58.88148],[13.97391,58.86352],[13.95389,58.85057],[13.96596,58.82643],[13.92858,58.80877],[13.90444,58.81995],[13.87971,58.81318],[13.86853,58.79905],[13.87177,58.78345],[13.89002,58.77168],[13.84998,58.73959],[13.71193,58.68984],[13.68691,58.66983],[13.65305,58.67336],[13.6404,58.69956],[13.62421,58.69897],[13.54738,58.66924],[13.5303,58.65717],[13.50705,58.6557],[13.47555,58.66512],[13.43934,58.64422],[13.3631,58.62832],[13.32543,58.60389],[13.27951,58.53619],[13.24595,58.51087],[13.21357,58.50351],[13.17265,58.50292],[13.13762,58.51234],[13.1229,58.5356],[13.16029,58.56945],[13.18443,58.6139],[13.12379,58.62038],[13.00604,58.60036],[12.99015,58.60948],[12.97955,58.60713],[12.98396,58.60595],[12.96571,58.57975],[12.94687,58.56916],[12.9248,58.5671],[12.87593,58.57975],[12.93863,58.54649],[12.91126,58.53884],[12.91773,58.52912],[12.93127,58.52471],[12.87593,58.49115],[12.79675,58.47201],[12.7785,58.47702],[12.75701,58.45818],[12.67047,58.44258],[12.69166,58.41491],[12.60188,58.36604],[12.55272,58.35692],[12.51269,58.3737],[12.58481,58.41167],[12.61925,58.46436],[12.63632,58.47761],[12.5904,58.4623],[12.5224,58.39695],[12.465,58.38812],[12.40495,58.39106],[12.32606,58.37605],[12.31075,58.38459],[12.30369,58.39901],[12.31752,58.42462],[12.33165,58.42904],[12.3761,58.46995],[12.41496,58.48202],[12.45823,58.48349],[12.48767,58.51352],[12.53388,58.53884],[12.52034,58.55208],[12.63102,58.63951],[12.62926,58.64805],[12.61748,58.65128],[12.56391,58.64805],[12.54036,58.65334],[12.5018,58.68425],[12.49296,58.7028],[12.49149,58.73017],[12.52034,58.79228],[12.50062,58.79052],[12.45823,58.77168],[12.4441,58.77874],[12.43821,58.79582],[12.41025,58.8126],[12.45146,58.83084],[12.46441,58.80435],[12.51269,58.80641],[12.48354,58.8229],[12.47854,58.85351],[12.48619,58.88825],[12.47619,58.90503],[12.47854,58.91562],[12.45381,58.9218],[12.43468,58.93946],[12.43056,58.95536],[12.45146,58.95654],[12.53388,58.89531],[12.50886,58.85057],[12.51092,58.8332],[12.58127,58.81554],[12.59246,58.84203],[12.62926,58.86116],[12.62425,58.87824],[12.63279,58.92563],[12.64427,58.95183],[12.65133,58.96154],[12.67724,58.97096],[12.66723,58.98774],[12.70138,59.01453],[12.71197,59.03249],[12.6946,59.05721],[12.69784,59.06663],[12.70756,59.07046],[12.71727,59.06575],[12.73169,59.04603],[12.7729,59.07723],[12.80764,59.08076],[12.83619,59.09518],[12.8465,59.07899],[12.85739,59.08047],[12.87593,59.09371],[12.89006,59.07252],[12.88741,59.06163],[12.87593,59.0528],[12.93539,59.05221],[12.94481,59.04956],[12.94805,59.03955],[12.98838,59.04544],[13.01988,59.02689],[13.07492,59.01129],[13.07698,58.99716],[13.06786,58.98509],[13.04048,58.97096],[13.08581,58.95654],[13.10583,58.92563],[13.12496,58.91533],[13.16912,58.91003],[13.18443,58.90208],[13.19797,58.88148],[13.25949,58.91562],[13.23476,58.95595],[13.21916,58.96331],[13.22593,58.99746],[13.2118,59.02571],[13.21563,59.03572],[13.21004,59.05721],[13.18413,59.08311],[13.18443,59.10137],[13.1597,59.13963],[13.1229,59.16877],[13.13615,59.18143],[13.1335,59.19321],[13.10907,59.21676],[13.11407,59.22735],[13.11025,59.2512],[13.07492,59.27121],[13.07198,59.28299],[13.10259,59.27121],[13.12673,59.27828],[13.13497,59.29476],[13.13056,59.31537],[13.11554,59.33391],[13.17059,59.36806],[13.17736,59.32861],[13.19738,59.31066],[13.27303,59.30683],[13.2327,59.33715],[13.25154,59.35717],[13.28039,59.36806],[13.35928,59.36129],[13.38312,59.37483],[13.41786,59.36129],[13.45083,59.35687],[13.67101,59.40839],[13.65659,59.38867],[13.66954,59.37748],[13.71929,59.38337],[13.72929,59.39544],[13.76638,59.39544],[13.76344,59.37483],[13.72635,59.35393],[13.73606,59.34157],[13.73253,59.33391],[13.74342,59.32538],[13.80818,59.32655],[13.78463,59.35128],[13.78699,59.36011],[13.80818,59.36129],[13.83173,59.34009],[13.8594,59.34598],[13.87,59.34009],[13.85646,59.32861],[13.85823,59.32273],[13.91327,59.32508],[13.9221,59.30595],[13.94035,59.31154],[13.94477,59.32302],[13.94065,59.34687],[13.95213,59.35393],[13.97509,59.35334],[13.99481,59.31625],[14.01365,59.30683],[14.02601,59.31095],[14.03749,59.33391],[14.06134,59.32979],[14.07576,59.31301],[14.05574,59.31184],[14.04044,59.29918],[14.06045,59.24914],[14.05457,59.21205],[14.0216,59.18379],[14.00894,59.15406],[13.96214,59.13551],[13.9274,59.09077],[13.93976,59.07164],[13.95595,59.0628],[13.9589,59.0528],[14.00158,59.06545],[14.04838,59.06663],[14.04044,59.08694],[14.05987,59.09253],[14.05133,59.11137],[14.05457,59.1205],[14.06899,59.12168],[14.08165,59.11255],[14.09666,59.08694],[14.08253,59.06663],[14.10608,59.0631],[14.11668,59.06663]],[[13.19885,58.63421],[13.20474,58.67159],[13.17059,58.69662],[13.15764,58.69043],[13.11554,58.69662],[13.10112,58.69279],[13.06138,58.66188],[13.06197,58.64481],[13.09406,58.63862],[13.10907,58.62832],[13.16382,58.6557],[13.17059,58.64805],[13.14969,58.6345],[13.18737,58.62597],[13.19885,58.63421]],[[13.56857,59.30683],[13.5618,59.33391],[13.53384,59.34274],[13.49733,59.34363],[13.46025,59.3348],[13.4314,59.31301],[13.4729,59.3139],[13.48615,59.30389],[13.47938,59.28564],[13.49998,59.27121],[13.50823,59.27416],[13.50705,59.28564],[13.54738,59.27887],[13.52765,59.30683],[13.56857,59.30683]],[[13.83085,58.80053],[13.84233,58.81995],[13.82172,58.83997],[13.77993,58.82555],[13.76609,58.79964],[13.74607,58.8126],[13.7396,58.83732],[13.71546,58.83997],[13.70427,58.83644],[13.69103,58.80641],[13.71104,58.78463],[13.71752,58.75254],[13.75667,58.76491],[13.81113,58.75961],[13.81495,58.77904],[13.83085,58.80053]]]}},{"type":"Feature","properties":{"layer":"lake","name":"Vättern","scalerank":4},"geometry":{"type":"Polygon","coordinates":[[[14.92206,58.81407],[14.91205,58.78404],[14.92471,58.77168],[14.93766,58.78934],[14.94796,58.79111],[14.96032,58.77815],[14.94502,58.73547],[14.91853,58.69662],[14.91853,58.62832],[14.84287,58.58682],[14.88379,58.57975],[14.91146,58.56562],[14.9615,58.56503],[14.97328,58.55208],[14.95885,58.54413],[14.95473,58.53383],[14.9615,58.52559],[14.97946,58.52471],[14.97151,58.51588],[14.93913,58.50469],[14.90705,58.47408],[14.87113,58.46054],[14.85995,58.45847],[14.83286,58.47467],[14.81726,58.47702],[14.78842,58.46995],[14.71424,58.40519],[14.67038,58.39106],[14.6168,58.3266],[14.63741,58.2954],[14.59561,58.25183],[14.60326,58.2168],[14.54498,58.15881],[14.52349,58.11201],[14.45902,58.06079],[14.42753,58.00604],[14.35629,57.9766],[14.33863,57.96129],[14.28564,57.88829],[14.26592,57.84649],[14.26739,57.81882],[14.25267,57.80469],[14.20204,57.78732],[14.17555,57.78468],[14.15553,57.79233],[14.13728,57.85385],[14.10137,57.898],[14.08665,57.94393],[14.12345,57.9766],[14.15524,58.01811],[14.15465,58.03489],[14.20734,58.1279],[14.21264,58.18207],[14.24414,58.22681],[14.23943,58.24477],[14.25797,58.25742],[14.27858,58.30305],[14.31626,58.31954],[14.33215,58.33572],[14.39809,58.42815],[14.43871,58.44199],[14.44136,58.47378],[14.45932,58.49115],[14.47874,58.48938],[14.49199,58.49527],[14.51642,58.5406],[14.51054,58.5562],[14.52113,58.6139],[14.55381,58.64245],[14.74956,58.73076],[14.79224,58.75696],[14.79784,58.77992],[14.8049,58.78551],[14.85995,58.81642],[14.89762,58.81995],[14.90793,58.83585],[14.90793,58.87147],[14.91853,58.88148],[14.92912,58.86381],[14.97681,58.85057],[14.99359,58.8332],[14.97828,58.83644],[14.96621,58.84733],[14.93177,58.82643],[14.92206,58.81407]]]}},{"type":"Feature","properties":{"layer":"lake","name":"Võrtsjärv","scalerank":5},"geometry":{"type":"Polygon","coordinates":[[[26.12202,58.38812],[26.1491,58.36457],[26.15352,58.33896],[26.14175,58.24359],[26.12968,58.2168],[26.08228,58.18413],[26.07434,58.16853],[26.07787,58.14998],[26.09347,58.12584],[26.08464,58.10995],[26.07169,58.102],[26.04402,58.1491],[26.04078,58.17736],[26.03313,58.18943],[25.99633,58.20974],[25.98838,58.22063],[25.99221,58.24477],[25.93893,58.28362],[25.91332,58.31688],[25.91038,58.32984],[25.94099,58.35692],[25.9772,58.40873],[26.00575,58.41491],[26.06668,58.41108],[26.09553,58.40255],[26.11584,58.38812],[26.12202,58.38812]]]}},{"type":"Feature","properties":{"layer":"lake","name":"Zalew Wislany","scalerank":3},"geometry":{"type":"Polygon","coordinates":[[[19.84,54.47072],[19.82116,54.46837],[19.79349,54.44099],[19.74315,54.43363],[19.74933,54.41391],[19.73373,54.41185],[19.71166,54.38595],[19.68399,54.38153],[19.61923,54.35357],[19.5633,54.3465],[19.45998,54.31088],[19.43466,54.29705],[19.36519,54.22817],[19.3699,54.25496],[19.38638,54.26908],[19.38638,54.27674],[19.27394,54.28174],[19.24892,54.29028],[19.25186,54.30441],[19.26275,54.3103],[19.22919,54.33178],[19.22919,54.33796],[19.2704,54.34709],[19.35724,54.35151],[19.44231,54.37182],[19.74109,54.50487],[19.7932,54.54343],[19.84,54.47072]]]}},{"type":"Feature","properties":{"layer":"border","left":"SWE","right":"NOR","disputed":false},"geometry":{"type":"LineString","coordinates":[[11.43751,58.99172],[11.40094,59.02591],[11.37675,59.07882],[11.35825,59.10027],[11.31681,59.10647],[11.20353,59.09913],[11.13201,59.07278],[11.11723,59.05273],[11.08974,58.98131],[11.05429,58.96126],[10.90701,58.93692]]}},{"type":"Feature","properties":{"layer":"border","left":"DNK","right":"DEU","disputed":false},"geometry":{"type":"MultiLineString","coordinates":[[[8.39409,55.09633],[8.45238,55.07147],[8.46623,55.05886],[8.47677,55.00388],[8.48711,54.99329],[8.54251,54.97344],[8.55543,54.9196],[8.66082,54.8963]],[[9.4375,54.81041],[9.58565,54.87856],[9.60466,54.85422],[9.67908,54.82751],[9.76042,54.81939],[9.88547,54.83082],[9.92382,54.8241],[10.03875,54.76803]]]}},{"type":"Feature","properties":{"layer":"border","left":"FIN","right":"SWE","disputed":false},"geometry":{"type":"MultiLineString","coordinates":[[[24.15857,65.79901],[24.14874,65.78237],[24.11463,65.75294],[24.1938,65.69599],[24.18212,65.66907],[24.19804,65.64669],[24.19773,65.62415],[24.17354,65.57561],[24.11701,65.50468]],[[24.1631,65.8227],[24.15876,65.79947]]]}},{"type":"Feature","properties":{"layer":"border","left":"DEU","right":"POL","disputed":false},"geometry":{"type":"LineString","coordinates":[[14.2639,53.69998],[14.2772,53.73512],[14.26345,53.78013],[14.23213,53.81754],[14.20133,53.87718]]}},{"type":"Feature","properties":{"layer":"border","left":"LTU","right":"RUS","disputed":false},"geometry":{"type":"LineString","coordinates":[[20.98943,55.27312],[21.20866,55.24087],[21.26745,55.24864]]}},{"type":"Feature","properties":{"layer":"border","left":"LTU","right":"BLR","disputed":false},"geometry":{"type":"MultiLineString","coordinates":[[[26.54234,55.30758],[26.46575,55.32086],[26.45004,55.32706],[26.4455,55.3375],[26.48601,55.39083],[26.50782,55.43915],[26.54327,55.45961],[26.54647,55.47124],[26.52766,55.49217],[26.53211,55.51625],[26.59557,55.56803],[26.60766,55.61645],[26.59453,55.66699]],[[26.57893,55.11855],[26.60094,55.12082],[26.61634,55.1354],[26.63391,55.19219],[26.65696,55.21534],[26.70109,55.23684],[26.76558,55.24671],[26.78966,55.2572],[26.80072,55.27332],[26.79157,55.29017],[26.76863,55.30024],[26.6027,55.31688]],[[26.6027,55.31688],[26.54234,55.30758]],[[26.4734,55.14568],[26.57893,55.11855]],[[26.42028,55.12811],[26.4734,55.14568]],[[26.30948,55.14464],[26.42028,55.12811]],[[25.98113,54.94269],[26.10257,54.95701],[26.13864,54.96895],[26.18784,55.00874],[26.22463,55.05488],[26.233,55.11162],[26.26442,55.1401],[26.30948,55.14464]],[[25.90786,54.94807],[25.98113,54.94269]],[[25.564,54.30315],[25.5423,54.30806],[25.52865,54.32097],[25.53,54.34614],[25.61258,54.4218],[25.61991,54.4881],[25.63087,54.50835],[25.64616,54.52039],[25.70735,54.54153],[25.74042,54.56851],[25.74559,54.5884],[25.73991,54.60773],[25.70838,54.66302],[25.72461,54.71568],[25.7243,54.78012],[25.75675,54.80038],[25.77846,54.80529],[25.78228,54.82198],[25.77226,54.85086],[25.7827,54.86968],[25.84667,54.90621],[25.85845,54.93298],[25.90786,54.94807]],[[25.72327,54.28098],[25.71541,54.28522],[25.69598,54.32097],[25.68234,54.32563]],[[25.68234,54.32563],[25.60741,54.30485],[25.564,54.30315]],[[25.45935,54.29891],[25.47868,54.29333],[25.55398,54.23127],[25.5455,54.22749]],[[25.28758,54.24522],[25.36975,54.2479],[25.39404,54.25715],[25.43414,54.29183],[25.45935,54.29891]],[[25.72812,54.14522],[25.76306,54.15644],[25.77102,54.17215],[25.77195,54.21788],[25.78921,54.23622],[25.75779,54.26899],[25.73474,54.2832]],[[25.73474,54.2832],[25.72327,54.28098]],[[25.22412,54.25855],[25.28758,54.24522]],[[25.02713,54.12786],[25.07199,54.1322],[25.1156,54.14879],[25.15653,54.17571],[25.17307,54.19659],[25.19353,54.24367],[25.20624,54.25679],[25.22412,54.25855]],[[25.5455,54.22749],[25.52214,54.22863]],[[25.52214,54.22863],[25.50168,54.22176],[25.4993,54.21183],[25.52338,54.20424],[25.52896,54.19566],[25.48576,54.1754],[25.49331,54.15752],[25.54302,54.13696],[25.63159,54.12832]],[[24.90228,54.14977],[24.94827,54.1459],[25.02713,54.12786]],[[24.7239,53.96343],[24.80637,53.97531],[24.81939,53.99257],[24.82136,54.01991],[24.78715,54.07763],[24.78425,54.09623],[24.81815,54.11013],[24.82156,54.13453],[24.85598,54.14672],[24.90228,54.14977]],[[25.69061,54.14822],[25.72812,54.14522]],[[25.63159,54.12832],[25.6535,54.12874],[25.69061,54.14822]],[[24.67057,53.99428],[24.7056,53.9642],[24.7239,53.96343]],[[24.37787,53.88684],[24.41404,53.89769],[24.52866,53.95836],[24.5791,53.97562],[24.64297,53.98301],[24.67057,53.99428]],[[24.16962,53.95893],[24.20114,53.95247],[24.22915,53.93237],[24.25705,53.89402],[24.27638,53.8918]],[[23.98131,53.9304],[24.04538,53.93087],[24.16962,53.95893]],[[23.91981,53.94777],[23.98131,53.9304]],[[23.82059,53.91929],[23.91981,53.94777]],[[23.48562,53.93929],[23.52014,53.93397],[23.62712,53.89821]],[[23.78721,53.92792],[23.82059,53.91929]],[[23.62712,53.89821],[23.75445,53.91676],[23.78721,53.92792]],[[24.31018,53.89268],[24.37787,53.88684]],[[24.27638,53.8918],[24.31018,53.89268]]]}},{"type":"Feature","properties":{"layer":"border","left":"LVA","right":"EST","disputed":false},"geometry":{"type":"MultiLineString","coordinates":[[[25.33368,58.03181],[25.31828,58.04062],[25.29957,58.0656],[25.2635,58.07514]],[[25.2635,58.07514],[25.25069,58.0685],[25.24955,58.05119],[25.27756,58.02411],[25.28438,58.00814],[25.26453,57.99419],[25.21679,57.98538]],[[25.21679,57.98538],[25.20211,57.99197],[25.16697,58.05873],[25.14103,58.06801]],[[25.14103,58.06801],[25.07064,58.06361],[24.94931,58.00644],[24.87252,58.00044],[24.81681,57.97667]],[[25.62508,57.91029],[25.5794,57.91946],[25.55832,57.93424],[25.54168,57.96282],[25.45718,57.98406],[25.39662,58.02318],[25.35652,58.03475]],[[25.35652,58.03475],[25.33368,58.03181]],[[24.81681,57.97667],[24.73351,57.9922]],[[24.73351,57.9922],[24.71883,57.98184],[24.70043,57.95419],[24.68483,57.94758],[24.62406,57.94396]],[[24.62406,57.94396],[24.55388,57.94742]],[[24.55388,57.94742],[24.53383,57.94507],[24.48133,57.91931],[24.44164,57.90809],[24.40154,57.86647],[24.34965,57.85864]],[[26.49955,57.51582],[26.43092,57.56171],[26.33863,57.58315],[26.29718,57.59915],[26.26318,57.62083],[26.16851,57.70405],[26.02475,57.77436],[26.01607,57.78668],[26.01307,57.8073],[26.02526,57.82841],[26.01451,57.84283],[25.79262,57.85598],[25.7675,57.86892],[25.74538,57.90918],[25.7303,57.92313],[25.715,57.92339]],[[25.715,57.92339],[25.62508,57.91029]],[[24.34965,57.85864],[24.30616,57.86819]],[[26.91162,57.61344],[26.87265,57.62718]],[[26.87265,57.62718],[26.85415,57.62256],[26.83855,57.60987],[26.81633,57.58119],[26.77809,57.56848]],[[27.31996,57.51613],[27.16566,57.54669],[27.08535,57.54943],[27.06153,57.55566],[27.00464,57.59891],[26.98107,57.60899],[26.92919,57.61555]],[[26.92919,57.61555],[26.91162,57.61344]],[[26.77809,57.56848],[26.70047,57.57075]],[[26.70047,57.57075],[26.63432,57.55442],[26.60476,57.54031],[26.59009,57.52037],[26.57985,57.51783]],[[26.57985,57.51783],[26.54224,57.52817]],[[26.54224,57.52817],[26.49955,57.51582]],[[27.35293,57.5276],[27.31996,57.51613]]]}},{"type":"Feature","properties":{"layer":"border","left":"RUS","right":"LVA","disputed":false},"geometry":{"type":"MultiLineString","coordinates":[[[27.52817,57.52848],[27.52564,57.46838],[27.51132,57.4304],[27.53628,57.41569],[27.64082,57.389],[27.70795,57.34813],[27.82774,57.30495],[27.8403,57.29064],[27.84613,57.26731],[27.84117,57.21121],[27.82433,57.15907],[27.79405,57.14339],[27.70097,57.11879],[27.68222,57.1037],[27.69607,57.08546],[27.74547,57.06799],[27.75074,57.04236],[27.72335,56.9988],[27.71514,56.9574],[27.64873,56.87927],[27.62837,56.84415],[27.66118,56.83927]],[[27.35293,57.5276],[27.52817,57.52848]],[[27.7864,56.87126],[27.83084,56.86428],[27.91352,56.82015],[27.91889,56.80589],[27.86546,56.74269],[27.88262,56.72548],[27.98101,56.68701],[27.99134,56.66998],[27.99744,56.60383],[28.01098,56.58756],[28.02866,56.57675],[28.12612,56.54776],[28.13221,56.53598],[28.09925,56.5134],[28.09325,56.50159],[28.10452,56.48307],[28.16426,56.43795],[28.16715,56.36987],[28.21728,56.27073],[28.21531,56.256],[28.19314,56.23104],[28.16911,56.16174],[28.14891,56.14241]],[[27.66118,56.83927],[27.74407,56.8648],[27.7864,56.87126]]]}},{"type":"Feature","properties":{"layer":"border","left":"LVA","right":"LTU","disputed":false},"geometry":{"type":"MultiLineString","coordinates":[[[24.87097,56.4426],[24.89226,56.43873],[24.91014,56.42196],[24.97318,56.30075],[25.0262,56.26018],[25.04398,56.22799],[25.07313,56.19781],[25.1092,56.18308],[25.45481,56.14965]],[[24.83769,56.40395],[24.85216,56.41366],[24.85712,56.43537],[24.87097,56.4426]],[[22.09408,56.41741],[22.13914,56.41571],[22.2149,56.39038]],[[21.0534,56.0726],[21.19036,56.08446],[21.20535,56.10342],[21.22964,56.16319],[21.25486,56.1852],[21.32762,56.22437],[21.35831,56.23324],[21.41929,56.23739],[21.59603,56.30788],[21.68449,56.3101],[22.09408,56.41741]],[[22.92452,56.41211],[22.95698,56.40199],[23.01671,56.32385],[23.06229,56.30416]],[[22.66635,56.34909],[22.82293,56.38286],[22.88897,56.40844],[22.92452,56.41211]],[[24.81557,56.40881],[24.83769,56.40395]],[[24.44722,56.26052],[24.539,56.28762],[24.63915,56.35997],[24.67863,56.37728],[24.81557,56.40881]],[[22.51173,56.39596],[22.60475,56.37909],[22.66635,56.34909]],[[22.2149,56.39038],[22.51173,56.39596]],[[23.28843,56.37305],[23.48159,56.3301],[23.51756,56.32866]],[[23.06229,56.30416],[23.11273,56.31088],[23.16285,56.34101],[23.15417,56.35139],[23.17257,56.35796],[23.28843,56.37305]],[[23.7067,56.35444],[23.72354,56.34581],[23.72499,56.32881],[23.7561,56.32597]],[[23.67941,56.35186],[23.7067,56.35444]],[[23.60986,56.35382],[23.67941,56.35186]],[[23.51756,56.32866],[23.60986,56.35382]],[[23.82504,56.33491],[23.85811,56.33439],[23.98131,56.3124],[24.07515,56.27119],[24.13892,56.25745]],[[23.7561,56.32597],[23.82504,56.33491]],[[24.31855,56.29858],[24.41435,56.26551],[24.44722,56.26052]],[[24.13892,56.25745],[24.31855,56.29858]],[[25.52276,56.15657],[25.59004,56.14112]],[[25.45481,56.14965],[25.52276,56.15657]],[[25.64968,56.14381],[25.66187,56.14081],[25.68782,56.09833],[25.7088,56.08105],[25.76626,56.05865],[25.87127,55.99214],[26.01762,55.93736],[26.07942,55.89814],[26.17864,55.84959],[26.27972,55.74324],[26.34235,55.71634],[26.48105,55.67831],[26.59453,55.66699]],[[25.59004,56.14112],[25.64968,56.14381]]]}},{"type":"Feature","properties":{"layer":"border","left":"SWE","right":"NOR","disputed":false},"geometry":{"type":"MultiLineString","coordinates":[[[20.62317,69.03636],[20.10227,69.02214],[20.34111,68.91006],[20.34876,68.89311],[20.35651,68.80459],[20.35217,68.78567],[20.23663,68.65907],[20.15177,68.60682],[19.96222,68.54119],[20.24593,68.47737],[20.01028,68.36389],[19.97122,68.35128],[19.93101,68.3502]],[[18.70028,68.49561],[18.64458,68.50125],[18.43622,68.57385]],[[18.43622,68.57385],[18.17184,68.53592],[18.16151,68.53019],[18.1368,68.42632],[18.13567,68.39572],[18.18858,68.19873],[18.16667,68.15848],[17.95077,67.9911],[17.921,67.97285],[17.89537,67.96965]],[[19.93101,68.3502],[19.48174,68.42404],[19.03815,68.50564]],[[19.03815,68.50564],[18.70028,68.49561]],[[17.89537,67.96965],[17.32145,68.1053]],[[17.32145,68.1053],[17.29996,68.09791],[17.22007,68.04009],[16.808,67.91064],[16.78288,67.89699],[16.7619,67.87715],[16.60873,67.64729],[16.58723,67.6259],[16.48295,67.55784],[16.42859,67.53402],[16.36699,67.52167],[16.19956,67.50828],[16.18075,67.4964],[16.12711,67.42276],[16.43789,67.20032],[16.44378,67.18262],[16.41557,67.0527],[16.39965,67.03596],[16.31056,67.00992],[16.12566,66.93436],[16.03884,66.88755],[15.66946,66.59942],[15.42627,66.49121],[15.42989,66.46357],[15.48208,66.34081],[15.4918,66.288],[15.48188,66.27487],[15.05338,66.15328],[14.54054,66.12545],[14.64441,65.84291],[14.64885,65.80239],[14.63707,65.78121],[14.56069,65.70105],[14.51036,65.46474],[14.51832,65.36454],[14.51429,65.31808],[14.48214,65.28868],[14.40049,65.25545],[14.38024,65.24028],[14.36598,65.21576],[14.33848,65.1229],[14.31068,65.08414],[14.1726,64.99154],[13.64276,64.58402],[13.94006,64.49131],[14.06088,64.47663],[14.09695,64.46532],[14.11555,64.44124],[14.16144,64.20544],[14.16051,64.18725],[14.1478,64.169],[13.98233,64.0195],[13.96424,64.00953],[13.93944,64.00953]],[[13.93944,64.00953],[13.23411,64.09087]],[[13.23411,64.09087],[12.98244,64.05883],[12.75527,63.99139],[12.68189,63.95636],[12.48252,63.80949],[12.29318,63.65699],[12.17029,63.59813],[12.21949,63.49659],[12.2198,63.47427],[12.20492,63.45463],[11.99243,63.2889],[12.22269,63.00148],[12.10436,62.92334],[12.0933,62.90743],[12.15624,62.73369],[12.15407,62.71051],[12.09009,62.60634],[12.09123,62.58631],[12.28636,62.33542],[12.31427,62.28612],[12.31747,62.23403],[12.16172,61.72484],[12.17557,61.71153],[12.29132,61.65112],[12.33783,61.63298],[12.41648,61.58229],[12.48252,61.56914],[12.55094,61.56692],[12.5834,61.5611],[12.61378,61.54704],[12.88694,61.3615],[12.88818,61.34962],[12.83981,61.22699],[12.81966,61.20495],[12.74669,61.15146],[12.73295,61.12911],[12.71352,61.06116],[12.7038,61.0462],[12.68251,61.04033]],[[12.68251,61.04033],[12.56965,61.05064]],[[12.56965,61.05064],[12.51177,61.04912],[12.28099,61.01519],[12.25329,61.0017],[12.25608,60.98132],[12.29484,60.93533],[12.31323,60.90187],[12.35003,60.79335],[12.377,60.7541],[12.48252,60.65733],[12.59435,60.51494],[12.60862,60.48649],[12.61265,60.45538],[12.59363,60.39502],[12.55859,60.35988],[12.50474,60.32562],[12.49172,60.31229],[12.48728,60.29591],[12.52159,60.19762],[12.52469,60.1617],[12.51095,60.11798],[12.48325,60.08124],[12.44676,60.05112],[12.2906,59.95872],[12.14373,59.89841],[12.1027,59.89397]],[[12.1027,59.89397],[11.9422,59.90203]],[[11.9422,59.90203],[11.89031,59.89278],[11.84959,59.87242],[11.84298,59.83842],[11.90209,59.78514],[11.89724,59.71398],[11.89166,59.70576],[11.8284,59.65972],[11.69374,59.6223],[11.67492,59.60711],[11.671,59.58055],[11.67741,59.55905],[11.78396,59.36062],[11.8068,59.29359],[11.81166,59.24967],[11.77559,59.20254],[11.74851,59.14006],[11.74531,59.09216],[11.66438,58.92007],[11.61157,58.89315],[11.54708,58.88473]],[[11.54708,58.88473],[11.48259,58.8869],[11.45199,58.89604],[11.45323,58.96048],[11.43751,58.99172]]]}},{"type":"Feature","properties":{"layer":"border","left":"NOR","right":"FIN","disputed":false},"geometry":{"type":"MultiLineString","coordinates":[[[27.86691,70.07531],[27.89729,70.07068],[27.92716,70.05327],[27.98101,70.0096],[28.16736,69.89434],[28.18927,69.88604],[28.38119,69.8562],[28.37974,69.82235],[28.40455,69.80225],[28.44269,69.79145],[29.13122,69.6742],[29.14714,69.66391],[29.20316,69.58599],[29.34454,69.46439],[29.22925,69.37685],[28.86478,69.2166],[28.85217,69.20353],[28.82695,69.10684],[28.82757,69.09077],[28.95408,69.02726]],[[27.79218,70.05893],[27.86691,70.07531]],[[27.66506,70.06828],[27.79218,70.05893]],[[27.10034,69.90175],[27.3118,69.92948],[27.35242,69.9487],[27.32317,69.95968],[27.33454,69.96862],[27.38094,69.97426],[27.44523,70.00322],[27.56331,70.02358],[27.57091,70.04089],[27.61256,70.06206],[27.66506,70.06828]],[[26.86459,69.93808],[26.9511,69.92015]],[[26.77189,69.92839],[26.86459,69.93808]],[[26.70698,69.93506],[26.77189,69.92839]],[[25.60245,68.87213],[25.65164,68.8835],[25.67841,68.91254],[25.73743,68.95254],[25.75386,68.97837],[25.79582,68.99331],[25.80471,69.00612],[25.80109,69.01315],[25.76585,69.03067],[25.76513,69.04338],[25.75024,69.05925],[25.75903,69.08204],[25.76047,69.11516],[25.77122,69.13511],[25.73412,69.19133],[25.73722,69.2182],[25.77453,69.29882],[25.78662,69.31277],[25.87737,69.37081],[25.8414,69.41778],[25.88667,69.45519],[25.88574,69.47912],[25.90641,69.50186],[25.88667,69.52087],[25.90021,69.53204],[25.96026,69.54868],[25.9862,69.56542],[26.00397,69.58718],[26.00511,69.61084],[25.96439,69.64267],[25.9617,69.65255],[25.96883,69.66319],[26.00511,69.68934],[26.03198,69.69668],[26.19828,69.71544],[26.31682,69.79491],[26.41873,69.83563],[26.44787,69.85605],[26.43588,69.87424],[26.48105,69.8994],[26.50069,69.91832],[26.53386,69.92524],[26.70698,69.93506]],[[26.98107,69.92328],[27.10034,69.90175]],[[26.9511,69.92015],[26.98107,69.92328]],[[21.31356,69.29143],[21.63881,69.27138],[21.66289,69.26322],[22.02308,69.01202],[22.16074,68.9561],[22.20023,68.90846],[22.27722,68.85745],[22.35681,68.83275],[22.37138,68.82262],[22.3967,68.73183],[22.40921,68.71291],[22.42874,68.71007]],[[21.07151,69.03667],[21.099,69.0438],[21.15636,69.08762],[21.03358,69.18121],[21.06303,69.21495],[21.09838,69.2395],[21.31356,69.29143]],[[20.7444,69.10436],[21.07151,69.03667]],[[20.62317,69.03636],[20.7166,69.09878],[20.7444,69.10436]],[[25.48106,68.88773],[25.60245,68.87213]],[[25.00688,68.61457],[25.11757,68.63767],[25.13245,68.64765],[25.14423,68.66801],[25.13214,68.67658],[25.14309,68.69596],[25.14961,68.76464],[25.16273,68.78459],[25.20128,68.81265],[25.38722,68.87456],[25.48106,68.88773]],[[23.85263,68.81668],[23.92901,68.81621],[24.13117,68.77617],[24.18688,68.74454],[24.3325,68.70862],[24.66343,68.66609],[24.75418,68.63788],[24.82963,68.59411],[24.86094,68.56341],[24.87924,68.55483]],[[23.19758,68.61804],[23.48159,68.68563],[23.64158,68.69498],[23.73481,68.71545],[23.76798,68.75596],[23.78721,68.79978],[23.85263,68.81668]],[[22.57013,68.72681],[22.85166,68.67571]],[[22.42874,68.71007],[22.57013,68.72681]],[[23.0193,68.68671],[23.07149,68.68087],[23.17536,68.62165],[23.19758,68.61804]],[[22.85166,68.67571],[23.0193,68.68671]],[[24.98125,68.61509],[25.00688,68.61457]],[[24.87924,68.55483],[24.90518,68.55695],[24.92709,68.57039],[24.95179,68.60506],[24.98125,68.61509]]]}},{"type":"Feature","properties":{"layer":"border","left":"DNK","right":"DEU","disputed":false},"geometry":{"type":"MultiLineString","coordinates":[[[8.82425,54.9059],[9.19477,54.8504],[9.21151,54.84182],[9.22639,54.80591],[9.31703,54.80162]],[[8.73278,54.88905],[8.82425,54.9059]],[[8.66082,54.8963],[8.73278,54.88905]],[[9.38504,54.81939],[9.40519,54.80839],[9.42214,54.80725]],[[9.31703,54.80162],[9.38504,54.81939]],[[9.42214,54.80725],[9.4375,54.81041]]]}},{"type":"Feature","properties":{"layer":"border","left":"POL","right":"LTU","disputed":false},"geometry":{"type":"MultiLineString","coordinates":[[[22.92969,54.3803],[22.8376,54.40092]],[[22.8376,54.40092],[22.8127,54.3941],[22.78603,54.36521],[22.76722,54.35627]],[[23.0501,54.29483],[23.03211,54.30955],[23.04162,54.34097],[22.98974,54.35338],[22.9733,54.37539],[22.95243,54.38309]],[[22.95243,54.38309],[22.92969,54.3803]],[[23.48562,53.93929],[23.49038,53.95061],[23.46289,53.97252],[23.45927,53.99231],[23.49648,54.02197],[23.49617,54.04456],[23.47395,54.11256],[23.44904,54.15494],[23.4325,54.16931],[23.39147,54.1801],[23.35447,54.21705],[23.31602,54.23628],[23.23541,54.25416],[23.11707,54.30346]],[[23.11707,54.30346],[23.0501,54.29483]]]}},{"type":"Feature","properties":{"layer":"border","left":"DEU","right":"NLD","disputed":false},"geometry":{"type":"LineString","coordinates":[[7.19459,53.24502],[7.19541,53.185],[7.17194,53.13771],[7.18507,53.10544],[7.19291,53.0]]}},{"type":"Feature","properties":{"layer":"border","left":"RUS","right":"FIN","disputed":false},"geometry":{"type":"MultiLineString","coordinates":[[[28.95408,69.02726],[28.83346,68.98447],[28.71326,68.96804],[28.45623,68.90014],[28.41023,68.89853],[28.41313,68.88009],[28.44424,68.86582]],[[28.64567,68.87166],[28.72825,68.86505],[28.80148,68.83549],[28.74727,68.76014],[28.71637,68.72795],[28.45995,68.54243],[28.44791,68.52972],[28.44744,68.51489],[28.66376,68.204],[28.69032,68.18318],[28.72722,68.17269],[29.33085,68.07269],[29.36015,68.05673],[29.65119,67.82356],[29.71382,67.7925],[30.00941,67.68584],[29.97768,67.66223],[29.95991,67.57159],[29.91624,67.50813],[29.51983,67.29817],[29.49068,67.26298],[29.4294,67.23277],[29.09991,66.99121],[29.05154,66.9078],[29.08916,66.83755],[29.32222,66.68006],[29.36397,66.62459],[29.3924,66.60529],[29.39643,66.58663],[29.40945,66.56847],[29.52448,66.49121],[29.5697,66.37817],[29.59321,66.34593],[29.65088,66.28789],[29.79237,66.18087],[29.87536,66.13359],[29.90017,66.10806],[29.95846,65.97388],[30.00972,65.91569],[30.08352,65.80461],[30.11628,65.68721],[30.1139,65.6655],[30.0985,65.65638]],[[28.44424,68.86582],[28.64567,68.87166]],[[30.0985,65.65638],[30.00301,65.67814]],[[30.00301,65.67814],[29.76426,65.64809],[29.70287,65.62938],[29.73232,65.60871],[29.80674,65.58486],[29.83857,65.56489],[29.82576,65.55197],[29.74545,65.5114],[29.72633,65.49151],[29.71816,65.45417],[29.73057,65.36536],[29.72013,65.32909],[29.61512,65.2694],[29.58009,65.2354],[29.6267,65.21522]],[[29.76684,65.21736],[29.8332,65.20501],[29.83929,65.1669],[29.80911,65.14522],[29.80819,65.1353],[29.82033,65.12652],[29.8502,65.1215],[29.8456,65.10802],[29.82048,65.09365],[29.66783,65.07794],[29.62732,65.06223],[29.59838,65.03438],[29.58815,64.99143],[29.63362,64.90715],[29.69832,64.83914],[29.78028,64.79558],[29.87785,64.78483],[30.06254,64.78416],[30.11886,64.76793],[30.10915,64.72008],[30.13137,64.70122],[30.17054,64.68169],[30.1878,64.66236],[30.18082,64.64277],[30.13643,64.61539],[29.9658,64.57864],[29.95484,64.56898],[29.96849,64.56283],[29.97898,64.51834],[29.99153,64.51322],[29.9905,64.50418],[30.03577,64.49147],[30.07039,64.47188],[30.0628,64.44842],[30.04104,64.42294],[30.03246,64.39695],[30.05298,64.37809],[30.09313,64.36124],[30.16444,64.34191],[30.32113,64.31768],[30.37048,64.30083],[30.44598,64.25076],[30.5362,64.23468],[30.55848,64.2197],[30.55026,64.19887],[30.53248,64.17918],[30.53279,64.16254],[30.56214,64.1274],[30.58643,64.08467],[30.58049,64.05108],[30.55233,64.02173],[30.50933,63.99139],[30.32857,63.896],[30.26557,63.83068],[30.20155,63.79265],[30.05127,63.76376],[29.98079,63.74154],[30.00115,63.71534],[30.24247,63.58181],[30.38045,63.53245],[30.46107,63.47287],[30.82094,63.37567],[30.97494,63.28916],[31.20397,63.21268],[31.22567,63.19604],[31.24076,63.13573],[31.26277,63.10059],[31.38034,63.04794],[31.44447,63.00194],[31.48064,62.98634],[31.50545,62.9682],[31.53583,62.91952],[31.56952,62.90593],[31.44126,62.7887],[31.41057,62.74653],[31.36334,62.65158],[31.34701,62.62933],[31.30277,62.59602],[31.28406,62.57298],[31.24376,62.50334],[31.16862,62.47601],[31.15296,62.46735],[31.12335,62.43482],[30.98062,62.3588],[30.92564,62.30212],[30.79381,62.253],[30.70384,62.21039],[30.64772,62.19277],[30.60721,62.15127],[30.4807,62.06768],[30.33957,61.99167],[29.97768,61.72817],[29.84224,61.66016],[29.82188,61.64458],[29.77914,61.59311],[29.63512,61.5111],[29.51704,61.47506],[29.4634,61.41382],[29.3184,61.33843],[29.20316,61.2459],[29.13009,61.21342],[28.98085,61.1681],[28.85548,61.11268],[28.7976,61.09684],[28.75016,61.06136],[28.68898,61.02739],[28.61456,60.96194],[28.5264,60.95023],[28.48093,60.93346],[28.33592,60.85939],[28.24394,60.79159],[28.14813,60.75771],[27.98101,60.64948],[27.80787,60.55305]],[[29.6267,65.21522],[29.76684,65.21736]]]}},{"type":"Feature","properties":{"layer":"border","left":"RUS","right":"NOR","disputed":false},"geometry":{"type":"MultiLineString","coordinates":[[[30.84095,69.80584],[30.84399,69.76623],[30.87706,69.73761],[30.8843,69.70236],[30.9277,69.67213],[30.92703,69.57839],[30.89825,69.54423],[30.85298,69.52744],[30.75531,69.52149]],[[30.75531,69.52149],[30.51166,69.53633],[30.29436,69.62025],[30.23069,69.6373],[30.18615,69.64133]],[[30.18615,69.64133],[30.11907,69.63456],[30.14863,69.61849],[30.20878,69.60867],[30.22015,69.60025],[30.22868,69.58206],[30.23162,69.55834],[30.2247,69.54082],[30.21064,69.52821],[30.15483,69.50609],[30.14501,69.49106],[30.13736,69.45297],[30.12341,69.44191],[30.00176,69.39458],[29.94807,69.36559],[29.90069,69.35825],[29.75139,69.35716],[29.66184,69.32502],[29.60427,69.3152],[29.43456,69.31184],[29.37679,69.30161],[29.33452,69.27738],[29.30744,69.22632],[29.30227,69.20084],[29.26879,69.16668],[29.24047,69.11506],[29.22104,69.09842],[29.12027,69.04685],[29.06477,69.0347]],[[29.06477,69.0347],[29.00813,69.03692]],[[29.00813,69.03692],[28.95408,69.02726]]]}},{"type":"Feature","properties":{"layer":"border","left":"FIN","right":"SWE","disputed":false},"geometry":{"type":"MultiLineString","coordinates":[[[20.62317,69.03636],[20.67546,69.01817],[20.79535,69.01124],[20.86398,68.98628],[20.91121,68.9807],[20.93457,68.96695],[20.93426,68.94902],[20.91782,68.93295],[20.88764,68.92706],[20.88454,68.9067],[20.90573,68.89461],[21.07213,68.86944],[21.21662,68.81725],[21.3054,68.7558],[21.40637,68.74888],[21.46363,68.68687],[21.49567,68.6755],[21.57246,68.66739],[21.71684,68.61922],[21.7371,68.58791],[21.91921,68.56822],[22.0361,68.50652],[22.03837,68.48828],[22.07217,68.47701],[22.30306,68.47613],[22.37107,68.46838],[22.37799,68.45412],[22.45685,68.45179],[22.60764,68.42492]],[[22.66221,68.4274],[22.74862,68.38549]],[[22.60764,68.42492],[22.66221,68.4274]],[[22.80825,68.3949],[22.83337,68.38477],[22.87512,68.35107],[22.90375,68.33661],[23.06694,68.29025],[23.08162,68.26529],[23.14001,68.23418],[23.15521,68.21744],[23.14942,68.19403],[23.15975,68.17873],[23.14942,68.13941],[23.15169,68.13026],[23.16565,68.12204]],[[22.74862,68.38549],[22.80825,68.3949]],[[23.30652,68.14561],[23.33091,68.12778],[23.383,68.05125],[23.48469,68.0159],[23.57368,67.97332],[23.64314,67.96319],[23.66215,67.95043],[23.66122,67.93286],[23.63611,67.91348],[23.53255,67.89317],[23.49885,67.88216],[23.48128,67.86464],[23.47674,67.84134],[23.48469,67.79623],[23.48459,67.73716],[23.5188,67.65282],[23.55032,67.61091],[23.55353,67.58704],[23.47343,67.555],[23.48469,67.54296],[23.44346,67.50472],[23.43126,67.48552],[23.44366,67.46103],[23.47715,67.44382]],[[23.16565,68.12204],[23.18725,68.12225],[23.2721,68.14499],[23.30652,68.14561]],[[23.59456,67.45361],[23.66267,67.43622],[23.75259,67.42731],[23.76519,67.42007],[23.76323,67.39754],[23.75135,67.36953],[23.75145,67.34623],[23.78566,67.33752],[23.76323,67.30649],[23.73543,67.28969],[23.62226,67.26902],[23.60272,67.26026],[23.59146,67.22502],[23.59673,67.21797],[23.61492,67.21399],[23.59756,67.19027],[23.57399,67.17303],[23.58133,67.15314],[23.6666,67.09792],[23.67673,67.05849],[23.72034,67.01687],[23.7438,67.00103],[23.79207,66.98893],[23.81667,66.9755],[23.87361,66.92465],[23.93335,66.88876],[24.00125,66.81243],[23.99919,66.79629],[23.98441,66.79298]],[[23.47715,67.44382],[23.59456,67.45361]],[[23.98441,66.79298],[23.96105,66.79355]],[[23.96105,66.79355],[23.93924,66.79112],[23.92477,66.77298],[23.89242,66.75091],[23.90317,66.68632],[23.88188,66.6318],[23.89325,66.59604],[23.89149,66.57888],[23.88188,66.56354],[23.80767,66.53925],[23.80612,66.52814],[23.78587,66.51842],[23.73109,66.50312],[23.73109,66.48716],[23.67683,66.47401],[23.65244,66.45884],[23.64231,66.43626],[23.66587,66.40556],[23.67704,66.36362],[23.66277,66.31652],[23.68944,66.25699],[23.72416,66.20663],[23.78555,66.17669],[23.88932,66.16111],[23.91144,66.14862],[23.97459,66.07282],[24.01965,66.04894],[24.05531,65.98517],[24.05479,65.94791],[24.10233,65.90859],[24.12445,65.8689],[24.16341,65.84079],[24.1631,65.8227]]]}},{"type":"Feature","properties":{"layer":"border","left":"DEU","right":"POL","disputed":false},"geometry":{"type":"LineString","coordinates":[[14.25096,53.0],[14.34334,53.04862],[14.38954,53.13167],[14.37786,53.17655],[14.38065,53.18986],[14.44163,53.25184],[14.40329,53.27879],[14.39801,53.31522],[14.37032,53.3923],[14.35988,53.44408],[14.30417,53.50852],[14.29694,53.52914],[14.29704,53.59776],[14.26097,53.65621],[14.2639,53.69998]]}},{"type":"Feature","properties":{"layer":"border","left":"POL","right":"BLR","disputed":false},"geometry":{"type":"MultiLineString","coordinates":[[[23.56469,53.7424],[23.5404,53.76359],[23.52986,53.78416],[23.52066,53.83734],[23.48687,53.90999],[23.48562,53.93929]],[[23.91033,53.0],[23.90968,53.01273],[23.86793,53.05103],[23.85935,53.06798],[23.86069,53.08748],[23.89139,53.12771],[23.89366,53.15195],[23.84808,53.18381],[23.81863,53.22797],[23.80064,53.24246],[23.74297,53.36548],[23.6758,53.45571],[23.59094,53.61125],[23.56707,53.68101],[23.56479,53.7424]],[[23.56479,53.7424],[23.56469,53.7424]]]}},{"type":"Feature","properties":{"layer":"border","left":"BLR","right":"LVA","disputed":false},"geometry":{"type":"MultiLineString","coordinates":[[[28.14891,56.14241],[28.11098,56.15681]],[[28.11098,56.15681],[27.98101,56.11802],[27.92706,56.10937],[27.91145,56.10025],[27.88065,56.06387],[27.78123,56.01637],[27.77699,55.9924],[27.74443,55.95974],[27.64501,55.92284],[27.61716,55.87855],[27.61013,55.83096],[27.59271,55.79424],[27.5646,55.79223]],[[27.26302,55.78722],[27.1732,55.82574],[27.11078,55.83628]],[[27.11078,55.83628],[26.98107,55.82688],[26.95782,55.81858],[26.90015,55.77871],[26.84278,55.71934],[26.82284,55.70611],[26.74305,55.68286],[26.72011,55.68187]],[[27.5646,55.79223],[27.40585,55.80435],[27.37459,55.81484],[27.34963,55.83122]],[[27.34963,55.83122],[27.28245,55.79187],[27.26302,55.78722]],[[26.72011,55.68187],[26.64011,55.69557]],[[26.64011,55.69557],[26.61561,55.68797],[26.59453,55.66699]]]}},{"type":"Feature","properties":{"layer":"border","left":"LTU","right":"RUS","disputed":false},"geometry":{"type":"MultiLineString","coordinates":[[[21.37485,55.28996],[21.40555,55.27239],[21.46766,55.21115],[21.50394,55.19441],[21.60512,55.1925],[21.64584,55.18103],[21.75064,55.12795],[21.81989,55.11932],[21.87322,55.09493],[21.94277,55.07829]],[[21.2676,55.24867],[21.34984,55.28779],[21.37485,55.28996]],[[22.00344,55.09349],[22.01543,55.08842],[22.01863,55.06093],[22.02773,55.04439],[22.07682,55.02858]],[[21.94277,55.07829],[21.9775,55.09199],[22.00344,55.09349]],[[22.54108,55.07576],[22.58067,55.05762],[22.6217,54.97003],[22.63348,54.95794],[22.64991,54.95287]],[[22.43628,55.05778],[22.54108,55.07576]],[[22.25128,55.07085],[22.43628,55.05778]],[[22.07682,55.02858],[22.09987,55.02992],[22.14266,55.05463],[22.25128,55.07085]],[[22.70614,54.95313],[22.75213,54.93112],[22.74097,54.91763],[22.74924,54.90988],[22.82127,54.88549],[22.84835,54.81381],[22.84577,54.79614],[22.83285,54.77867],[22.78665,54.75599],[22.76484,54.73712],[22.72484,54.72338],[22.72702,54.70534],[22.70087,54.67956],[22.7081,54.63563],[22.68175,54.5699],[22.67462,54.49228],[22.6804,54.45322],[22.76722,54.35627]],[[22.64991,54.95287],[22.70614,54.95313]]]}},{"type":"Feature","properties":{"layer":"border","left":"BLR","right":"RUS","disputed":false},"geometry":{"type":"MultiLineString","coordinates":[[[28.31091,56.04268],[28.26936,56.05821],[28.14891,56.14241]],[[28.80897,55.93457],[28.73192,55.94679],[28.70639,55.95984],[28.68061,56.02738],[28.62071,56.08299],[28.59472,56.09239],[28.53782,56.09771]],[[28.53782,56.09771],[28.38977,56.08857],[28.36652,56.07911],[28.33344,56.05025],[28.31091,56.04268]],[[29.43374,55.89954],[29.44443,55.90693],[29.43157,55.92418],[29.37741,55.95403],[29.22404,55.97819],[29.14543,56.01203],[29.08864,56.02322],[29.03076,56.02418]],[[29.03076,56.02418],[28.85972,55.97646],[28.83305,55.96098],[28.83088,55.93767],[28.80897,55.93457]],[[29.42557,55.9],[29.43374,55.89954]],[[29.48087,55.6811],[29.46102,55.6873],[29.41307,55.72776],[29.36341,55.75148],[29.34361,55.78698],[29.37193,55.83639],[29.38413,55.87995],[29.39198,55.88837],[29.42557,55.9]],[[30.63914,55.65449],[30.59635,55.66529],[30.58375,55.67914],[30.5916,55.7057],[30.58013,55.72476],[30.4807,55.75396],[30.46928,55.76264],[30.47781,55.77913],[30.4774,55.78773],[30.46882,55.79352],[30.27079,55.83065],[30.20025,55.85799]],[[30.20025,55.85799],[30.13235,55.82688],[30.10626,55.82192]],[[30.10626,55.82192],[29.98823,55.8468],[29.94771,55.84819]],[[29.94771,55.84819],[29.86947,55.83055],[29.8057,55.77146],[29.77987,55.76381]],[[29.77987,55.76381],[29.71083,55.77375]],[[29.71083,55.77375],[29.68416,55.7706],[29.58536,55.73802],[29.5081,55.68549],[29.48087,55.6811]],[[30.77071,55.59154],[30.74218,55.59439],[30.69371,55.65216],[30.67997,55.65635]],[[30.67997,55.65635],[30.63914,55.65449]],[[30.98062,55.01866],[31.00563,55.023],[31.00641,55.04243],[30.97029,55.10144],[30.98403,55.1309],[30.95881,55.14444],[30.95979,55.16258],[30.88652,55.20454],[30.86983,55.24154],[30.8568,55.25348],[30.80409,55.27296],[30.79427,55.28551],[30.79717,55.30427],[30.81123,55.32308],[30.84564,55.35115],[30.90595,55.376],[30.9183,55.38778],[30.91861,55.40763],[30.8891,55.43341],[30.8813,55.45145],[30.88719,55.46809],[30.91323,55.47971],[30.91944,55.49233],[30.89938,55.49915],[30.91974,55.53449],[30.91282,55.5716],[30.88616,55.60048],[30.84766,55.61102]],[[30.84766,55.61102],[30.77071,55.59154]],[[30.93349,55.02564],[30.98062,55.01866]],[[30.99902,54.67134],[30.9955,54.68984],[30.98062,54.70565],[30.8273,54.77103],[30.77061,54.78601],[30.76265,54.80198],[30.76813,54.82994],[30.82611,54.87748],[30.82745,54.90254],[30.81484,54.92802],[30.83861,54.93918],[30.89949,54.94636],[30.91737,54.95396],[30.93607,54.97324],[30.90662,55.01256],[30.91323,55.0246],[30.93349,55.02564]],[[31.78352,54.0458],[31.77127,54.04854],[31.74812,54.08631],[31.73675,54.09417],[31.66693,54.10187],[31.58312,54.12951],[31.50638,54.14393],[31.32468,54.22925],[31.3098,54.24434],[31.29915,54.27261],[31.29202,54.33126],[31.28479,54.34738],[31.24872,54.37678],[31.22536,54.42805],[31.20903,54.44805],[31.17921,54.45311],[31.1679,54.46706],[31.09359,54.47942],[31.06465,54.49228],[31.08955,54.5359],[31.13947,54.58287],[31.16795,54.62158],[31.12862,54.64039],[31.10516,54.66829],[31.02093,54.67367]],[[31.02093,54.67367],[30.99902,54.67134]],[[31.87317,53.77713],[31.78729,53.79439],[31.74466,53.79486],[31.7538,53.81961],[31.81013,53.8826],[31.84651,53.99231],[31.82264,54.05345],[31.81385,54.05706]],[[31.81385,54.05706],[31.78352,54.0458]],[[32.3718,53.7144],[32.32581,53.74545],[32.29041,53.76085],[32.16484,53.78168],[32.10603,53.80695],[32.0836,53.80964]],[[32.0836,53.80964],[31.87317,53.77713]],[[32.58429,53.48423],[32.55427,53.51079],[32.45293,53.5464],[32.41149,53.58236],[32.39909,53.63538],[32.48058,53.66241],[32.49019,53.67714],[32.46156,53.7068],[32.42157,53.71579]],[[32.42157,53.71579],[32.3718,53.7144]],[[32.65824,53.45565],[32.64677,53.45798],[32.64166,53.46899],[32.65029,53.48764],[32.61814,53.49426]],[[32.61814,53.49426],[32.58429,53.48423]],[[32.69793,53.32589],[32.71746,53.33494],[32.70444,53.36641],[32.71953,53.43948],[32.70124,53.46211],[32.68853,53.46222]],[[32.68853,53.46222],[32.65824,53.45565]],[[32.64987,53.33367],[32.69793,53.32589]],[[32.53732,53.29507],[32.59592,53.30827],[32.57995,53.32437],[32.64987,53.33367]],[[32.48058,53.30517],[32.53732,53.29507]],[[32.26798,53.12477],[32.35284,53.18045],[32.40555,53.19267],[32.42363,53.2044],[32.45567,53.23667],[32.47913,53.27492],[32.45598,53.27778],[32.4472,53.28876],[32.45484,53.30044],[32.48058,53.30517]],[[31.59361,53.21068],[31.75628,53.18657],[31.76972,53.16926],[31.78047,53.12787],[31.80682,53.11001]],[[31.51206,53.19407],[31.59361,53.21068]],[[31.464,53.19998],[31.51206,53.19407]],[[31.27624,53.0],[31.24706,53.01439],[31.3192,53.07637],[31.3637,53.08878],[31.36706,53.09893],[31.35993,53.13384],[31.37853,53.18203],[31.41636,53.19998],[31.464,53.19998]],[[32.21569,53.12552],[32.26798,53.12477]],[[32.20111,53.09756],[32.21569,53.12552]],[[31.84264,53.11219],[31.93074,53.08834]],[[31.80682,53.11001],[31.84264,53.11219]],[[32.00991,53.09996],[32.08277,53.08196],[32.11729,53.0811]],[[31.93074,53.08834],[32.00991,53.09996]],[[32.18861,53.09924],[32.20111,53.09756]],[[32.11729,53.0811],[32.15233,53.09635],[32.18861,53.09924]]]}},{"type":"Feature","properties":{"layer":"border","left":"POL","right":"RUS","disputed":false},"geometry":{"type":"MultiLineString","coordinates":[[[22.69839,54.34294],[19.68028,54.43668],[19.60955,54.45673]],[[22.76722,54.35627],[22.69839,54.34294]]]}},{"type":"Feature","properties":{"layer":"border","left":"EST","right":"RUS","disputed":false},"geometry":{"type":"MultiLineString","coordinates":[[[28.18182,59.35607],[28.18648,59.37493],[28.1378,59.40035],[28.10483,59.43921],[28.03858,59.46299],[28.01905,59.48176]],[[28.15754,59.36403],[28.18182,59.35607]],[[28.0732,59.31896],[28.00065,59.33374],[28.03238,59.34196],[28.11356,59.34542],[28.15754,59.36403]],[[28.07661,59.30527],[28.09687,59.31943]],[[28.09687,59.31943],[28.0732,59.31896]],[[27.95972,59.30646],[28.07661,59.30527]],[[27.35293,57.5276],[27.33557,57.5539],[27.32803,57.58315],[27.3366,57.59173],[27.38208,57.60269],[27.38699,57.62765],[27.37702,57.65671],[27.39143,57.6802],[27.40771,57.68899],[27.49039,57.70462],[27.50776,57.71477],[27.50889,57.72746],[27.49783,57.75567],[27.50243,57.77255],[27.52615,57.78728],[27.55385,57.79477],[27.5246,57.8073],[27.70072,57.82484],[27.76345,57.83867],[27.78681,57.84758],[27.79932,57.86107],[27.79084,57.88086],[27.77441,57.8907],[27.66496,57.9184],[27.65938,57.93246],[27.67519,57.96781],[27.66909,57.99197],[27.63157,58.00416],[27.63013,58.033],[27.63659,58.0592],[27.63044,58.08829],[27.57969,58.12586],[27.49535,58.22146],[27.48285,58.26864],[27.49412,58.31954],[27.55489,58.39525],[27.41061,58.75486],[27.47779,58.87543],[27.69441,58.97594],[27.71333,58.9919],[27.72439,59.01443],[27.78433,59.07717],[27.84241,59.1612],[27.87352,59.23649],[27.89078,59.25804],[27.88231,59.27566],[27.90391,59.29039],[27.95972,59.30646]]]}},{"type":"Feature","properties":{"layer":"border","left":"DEU","right":"POL","disputed":false},"geometry":{"type":"LineString","coordinates":[[14.20082,53.87816],[14.19276,53.89377],[14.17529,53.90648],[14.19307,53.91149],[14.21008,53.93846]]}},{"type":"Feature","properties":{"layer":"border","left":"LTU","right":"RUS","disputed":false},"geometry":{"type":"LineString","coordinates":[[20.92457,55.28266],[20.98943,55.27312]]}},{"type":"Feature","properties":{"layer":"coastline"},"geometry":{"type":"LineString","coordinates":[[28.63461,60.60139],[28.59946,60.57665],[28.57553,60.58039],[28.5617,60.59447],[28.55665,60.61201],[28.56105,60.62946],[28.57553,60.64305],[28.6045,60.64501],[28.61785,60.63923],[28.63461,60.60139]]}},{"type":"Feature","properties":{"layer":"coastline"},"geometry":{"type":"LineString","coordinates":[[14.87241,68.22272],[14.95314,68.27741],[14.94012,68.30215],[14.88673,68.30085],[14.81772,68.2683],[14.79558,68.24616],[14.81381,68.23184],[14.87241,68.22272]]}},{"type":"Feature","properties":{"layer":"coastline"},"geometry":{"type":"LineString","coordinates":[[14.19923,68.31517],[14.16928,68.32168],[14.14715,68.3347],[14.1172,68.33731],[14.06642,68.3321],[14.07944,68.31517],[14.04037,68.31257],[14.0586,68.29694],[14.14584,68.29564],[14.13803,68.28522],[14.14324,68.27351],[14.20053,68.24877],[14.2422,68.25658],[14.26824,68.28262],[14.2409,68.31387],[14.19923,68.31517]]}},{"type":"Feature","properties":{"layer":"coastline"},"geometry":{"type":"LineString","coordinates":[[14.02784,68.26264],[13.9935,68.25788],[13.96746,68.2696],[14.00782,68.29434],[13.98308,68.33731],[13.91928,68.34121],[13.87371,68.32559],[13.80812,68.27416],[13.79119,68.26805],[13.77084,68.28002],[13.75001,68.28262],[13.71502,68.27464],[13.67791,68.29059],[13.63673,68.29434],[13.50001,68.24226],[13.58229,68.23591],[13.6159,68.22663],[13.51564,68.2097],[13.47926,68.18692],[13.5276,68.17329],[13.47926,68.16706],[13.51336,68.15961],[13.50074,68.14399],[13.47926,68.13972],[13.47926,68.13227],[13.50994,68.13671],[13.563,68.16421],[13.58912,68.15961],[13.48569,68.10684],[13.45672,68.07099],[13.51287,68.04051],[13.52719,68.0434],[13.54737,68.07087],[13.56479,68.08177],[13.54737,68.09081],[13.54127,68.10155],[13.55885,68.11961],[13.5949,68.12055],[13.62468,68.10786],[13.62322,68.08511],[13.65113,68.07762],[13.64373,68.07087],[13.69899,68.07026],[13.71876,68.07762],[13.69825,68.09813],[13.72267,68.12303],[13.74952,68.12328],[13.76027,68.10497],[13.7741,68.10196],[13.82569,68.10676],[13.84596,68.12055],[13.8423,68.13227],[13.82472,68.14313],[13.78468,68.14692],[13.7741,68.15961],[13.84197,68.15961],[13.85581,68.16275],[13.87631,68.18073],[13.91041,68.16767],[13.94777,68.17768],[14.03403,68.18073],[14.06202,68.20116],[14.11069,68.2071],[14.15887,68.25528],[14.12501,68.27481],[14.08725,68.28262],[14.02784,68.26264]]}},{"type":"Feature","properties":{"layer":"coastline"},"geometry":{"type":"LineString","coordinates":[[14.76303,68.49486],[14.89194,68.49486],[14.99111,68.53062],[14.99871,68.53522],[15.00001,68.55476],[14.8672,68.56908],[14.71355,68.57689],[14.66928,68.58731],[14.6198,68.57038],[14.60418,68.55866],[14.62631,68.54304],[14.70444,68.51309],[14.71746,68.49095],[14.76303,68.49486]]}},{"type":"Feature","properties":{"layer":"coastline"},"geometry":{"type":"MultiLineString","coordinates":[[[19.00213,54.34492],[19.37721,54.37763],[19.49928,54.4064],[19.53102,54.41494],[19.59254,54.45238],[19.62647,54.46101],[19.62647,54.46845],[19.73406,54.5257],[19.83188,54.59813],[19.88315,54.65619],[19.89633,54.66218],[19.90016,54.68757],[19.95631,54.7569],[19.96168,54.77318],[19.95883,54.79682],[19.92066,54.88959],[19.94077,54.93439],[19.97674,54.96459],[19.99586,54.96809],[20.0337,54.94819],[20.20582,54.95844],[20.36557,54.94619],[20.40699,54.95161],[20.48243,54.97553],[20.63404,55.04877],[20.80844,55.17626],[20.82228,55.18098],[20.99952,55.357],[21.04152,55.41608],[21.08237,55.49763],[21.09938,55.5987],[21.09392,55.60346],[21.09938,55.61298],[21.09067,55.63312],[21.09352,55.69554],[21.08522,55.72285],[21.11744,55.69977],[21.13152,55.65559],[21.13356,55.56831],[21.11988,55.52705],[21.11988,55.48945],[21.09262,55.45661],[21.08717,55.44107],[21.10621,55.42744],[21.10621,55.42121],[21.0735,55.39179],[21.03785,55.3286],[20.98894,55.29133],[20.98951,55.27041],[20.94109,55.24868],[20.93702,55.23774],[20.9131,55.23322],[20.90333,55.22582],[20.90553,55.21857],[20.89064,55.21259],[20.88404,55.19806],[20.83481,55.15205],[20.68784,55.05069],[20.53338,54.97358],[20.53093,54.96467],[20.55812,54.94082],[20.76368,54.9477],[20.80519,54.94082],[20.86036,54.91132],[20.96909,54.89981],[21.03932,54.904],[21.05592,54.91445],[21.07895,54.89981],[21.09067,54.90156],[21.10621,54.91352],[21.23015,54.93891],[21.24342,54.96125],[21.21941,55.01325],[21.19508,55.1354],[21.18133,55.17109],[21.18133,55.19335],[21.18881,55.20832],[21.20167,55.21442],[21.22291,55.20148],[21.23683,55.20063],[21.26759,55.21174],[21.27329,55.23265],[21.26441,55.284],[21.28533,55.28706],[21.29119,55.29707],[21.27418,55.32734],[21.25945,55.33625],[21.25709,55.36937],[21.24659,55.37018],[21.18881,55.33861],[21.18336,55.34618],[21.22429,55.39932],[21.2483,55.41787],[21.24838,55.44233],[21.22291,55.52021],[21.19508,55.54719],[21.19508,55.58511],[21.15756,55.64175],[21.14723,55.67817],[21.09938,55.72907],[21.07439,55.74494],[21.06056,55.78925],[21.04469,55.87373],[21.04469,55.91771],[21.05836,55.95185],[21.05258,56.07754],[21.02882,56.14741],[20.98406,56.21043],[20.96909,56.25348],[20.98268,56.29076],[20.97096,56.34984],[20.97055,56.38898],[21.00318,56.4348],[21.01059,56.47574],[21.0005,56.51065],[21.00636,56.51996],[21.02426,56.51048],[21.04469,56.4621],[21.03053,56.44843],[21.04469,56.44221],[21.04469,56.42113],[21.03053,56.40811],[21.06178,56.38703],[21.07716,56.39521],[21.07976,56.40306],[21.06861,56.42406],[21.07211,56.46955],[21.05836,56.50365],[21.03053,56.52416],[21.0031,56.53001],[20.9922,56.5489],[21.00034,56.55768],[21.01051,56.5987],[21.04615,56.65619],[21.05836,56.68867],[21.0652,56.77432],[21.05275,56.82892],[21.0652,56.84634],[21.22291,56.9077],[21.2776,56.94912],[21.36012,56.98969],[21.3825,57.00894],[21.40162,57.0375],[21.41359,57.07319],[21.41481,57.11384],[21.40105,57.15131],[21.41481,57.18488],[21.41261,57.25007],[21.4214,57.28872],[21.44947,57.32001],[21.48024,57.33364],[21.51775,57.3876],[21.58912,57.43879],[21.69923,57.55533],[21.72967,57.5738],[21.77166,57.58613],[21.9559,57.59296],[21.99928,57.60033],[22.48373,57.7425],[22.60027,57.75804],[22.61036,57.75462],[22.60027,57.74384],[22.59083,57.70612],[22.59099,57.64476],[22.60076,57.63011],[22.6561,57.58576],[22.87892,57.48127],[22.95037,57.43281],[23.03142,57.39448],[23.13022,57.3708],[23.13803,57.34317],[23.17457,57.29735],[23.19874,57.22419],[23.22242,57.20702],[23.2505,57.11445],[23.26092,57.09894],[23.29265,57.08893],[23.3401,57.05858],[23.42286,57.04023],[23.50856,57.03124],[23.56967,56.98627],[23.63201,56.97093],[23.69516,56.96727],[23.86606,56.99018],[23.95289,57.01325],[23.99122,57.03124],[24.03565,57.069],[24.07456,57.07494],[24.21079,57.12373],[24.21925,57.13801],[24.27858,57.16104],[24.27882,57.17178],[24.28875,57.1789],[24.37916,57.23021],[24.40065,57.25812],[24.40886,57.29816],[24.37989,57.50654],[24.37517,57.52855],[24.35857,57.55036],[24.37477,57.61347],[24.35768,57.68549],[24.29957,57.74384],[24.28598,57.83259],[24.29615,57.85737],[24.32439,57.88679],[24.33383,57.92133],[24.38111,57.98383],[24.39829,58.02326],[24.46412,58.07217],[24.46412,58.12055],[24.47291,58.15473],[24.45509,58.18525],[24.45484,58.19644],[24.46754,58.21784],[24.47096,58.25092],[24.49147,58.26569],[24.54851,58.28929],[24.56039,58.31232],[24.55104,58.33373],[24.52882,58.35065],[24.44418,58.38614],[24.36183,58.39728],[24.31593,58.37995],[24.29575,58.35497],[24.28688,58.31855],[24.24334,58.28022],[24.21079,58.27139],[24.15602,58.27684],[24.11166,58.24103],[24.08351,58.25088],[24.05323,58.27827],[23.98024,58.31843],[23.85467,58.33967],[23.83351,58.35395],[23.80568,58.3465],[23.77711,58.35497],[23.75563,58.34003],[23.74098,58.34309],[23.71892,58.39956],[23.68336,58.42219],[23.67742,58.43525],[23.68434,58.49966],[23.67897,58.52416],[23.66383,58.5362],[23.62241,58.52912],[23.58432,58.54487],[23.5735,58.55195],[23.56121,58.58316],[23.54615,58.5799],[23.51637,58.55463],[23.50147,58.56249],[23.49806,58.57221],[23.51824,58.60375],[23.49318,58.67341],[23.49773,58.6966],[23.50652,58.70539],[23.5359,58.70279],[23.54664,58.70962],[23.53004,58.72285],[23.52735,58.73615],[23.53305,58.74746],[23.58448,58.73794],[23.69703,58.75117],[23.75522,58.73359],[23.8025,58.7307],[23.80486,58.74799],[23.78338,58.75585],[23.77955,58.76642],[23.78549,58.77798],[23.79949,58.78535],[23.81617,58.78461],[23.87436,58.77167],[23.81568,58.79995],[23.78419,58.80097],[23.75766,58.78535],[23.73951,58.798],[23.67652,58.79218],[23.60336,58.79483],[23.56031,58.78583],[23.54274,58.77538],[23.48552,58.77733],[23.42945,58.76484],[23.46656,58.80073],[23.48569,58.80964],[23.51881,58.81265],[23.52613,58.81977],[23.46363,58.86416],[23.45509,58.883],[23.42237,58.90868],[23.42205,58.9287],[23.4437,58.94404],[23.5101,58.9416],[23.53191,58.95669],[23.54916,58.95083],[23.58448,58.95356],[23.61671,58.96768],[23.6277,58.97915],[23.62159,59.01533],[23.60548,59.03266],[23.55983,59.0528],[23.61443,59.0113],[23.58033,59.00507],[23.55983,58.9914],[23.55299,58.97089],[23.54331,58.96988],[23.52565,58.98395],[23.46127,58.99238],[23.43483,59.00381],[23.40838,59.02558],[23.43629,59.02558],[23.42921,59.04361],[23.43491,59.0561],[23.49073,59.08828],[23.51824,59.07331],[23.51938,59.12499],[23.48618,59.17414],[23.47088,59.21214],[23.52565,59.23041],[23.57846,59.2263],[23.64186,59.25739],[23.66228,59.25829],[23.71551,59.23168],[23.73048,59.23041],[23.7422,59.23941],[23.74293,59.25015],[23.72364,59.26508],[23.73487,59.27774],[23.75685,59.28364],[23.84539,59.28465],[23.88884,59.27875],[24.03859,59.29328],[24.08058,59.27131],[24.10011,59.2945],[24.09205,59.31257],[24.01938,59.36726],[24.02223,59.37812],[24.03484,59.38866],[24.063,59.39737],[24.08058,59.39545],[24.16489,59.35407],[24.19386,59.34772],[24.22193,59.35517],[24.21339,59.37226],[24.1631,59.40229],[24.18287,59.40876],[24.27125,59.4121],[24.30616,59.41909],[24.31772,59.43098],[24.33383,59.47061],[24.42254,59.47744],[24.4983,59.44383],[24.54819,59.46296],[24.64259,59.43643],[24.66049,59.44062],[24.65659,59.4499],[24.62184,59.46312],[24.62184,59.47061],[24.65854,59.47207],[24.66627,59.49209],[24.67498,59.49604],[24.69752,59.49103],[24.7444,59.44721],[24.77263,59.4501],[24.79005,59.45893],[24.81577,59.48933],[24.80681,59.50471],[24.78354,59.51984],[24.77263,59.55996],[24.80348,59.5705],[24.84164,59.55443],[24.90919,59.51154],[24.93442,59.50804],[25.01222,59.51838],[25.09783,59.49787],[25.11647,59.50312],[25.10792,59.529],[25.12208,59.5395],[25.14552,59.53913],[25.1941,59.52265],[25.40943,59.49103],[25.40235,59.51431],[25.41578,59.52709],[25.54371,59.53514],[25.53614,59.5493],[25.49708,59.57087],[25.48194,59.61115],[25.47853,59.65152],[25.48487,59.66983],[25.50245,59.66226],[25.53533,59.62897],[25.57504,59.61689],[25.62233,59.58047],[25.67677,59.56607],[25.7059,59.56928],[25.71852,59.58759],[25.71079,59.60456],[25.68483,59.62865],[25.69068,59.64936],[25.67066,59.6555],[25.69467,59.67088],[25.72535,59.66584],[25.78053,59.63569],[25.77312,59.62824],[25.78541,59.61547],[25.79371,59.59121],[25.82618,59.57526],[25.86134,59.58613],[25.87623,59.6009],[25.86883,59.60773],[25.88307,59.63133],[25.90447,59.62401],[25.94451,59.59467],[25.96502,59.59732],[25.96437,59.62141],[25.98854,59.63435],[26.03639,59.62324],[26.07447,59.60431],[26.08172,59.58731],[26.09099,59.58564],[26.28004,59.58731],[26.49781,59.53998],[26.53647,59.54267],[26.58473,59.55996],[26.66505,59.55195],[26.73902,59.52582],[26.82691,59.47695],[26.93767,59.4501],[27.11622,59.44204],[27.40903,59.45189],[27.56316,59.43207],[27.71705,59.42715],[27.8733,59.40762],[27.95346,59.42817],[27.98316,59.44697],[28.05535,59.5279],[28.0726,59.57803],[28.05177,59.62482],[28.01588,59.65965],[28.00017,59.68138],[27.99342,59.70332],[28.00701,59.75825],[28.0586,59.78962],[28.08693,59.79938],[28.12387,59.7923],[28.18523,59.75861],[28.22389,59.69111],[28.33579,59.66816],[28.37525,59.66633],[28.40496,59.68285],[28.41774,59.7084],[28.41863,59.78962],[28.4275,59.81342],[28.47609,59.85175],[28.5005,59.86103],[28.53582,59.85957],[28.58188,59.83405],[28.67856,59.81318],[28.69907,59.79267],[28.71803,59.78681],[28.76677,59.79955],[28.83253,59.78653],[28.8838,59.8166],[28.91912,59.81395],[28.97633,59.83129],[29.011,59.85761],[29.03443,59.8867],[29.03077,59.90111],[28.98024,59.92988],[29.01441,59.92988],[29.08937,59.97993],[29.12045,59.99445],[29.16139,60.00263],[29.26629,59.99811],[29.49968,59.96841],[29.80421,59.94009],[29.8628,59.91795],[30.115,59.87055],[30.16196,59.86848],[30.19256,59.8806],[30.21632,59.90721],[30.22429,59.93325],[30.2068,59.94355],[30.21843,59.95816],[30.2461,59.97492],[30.23463,59.99136],[30.20997,60.00113],[30.00082,60.01195],[29.94825,60.02969],[29.93238,60.06647],[29.91041,60.07502],[29.89088,60.10122],[29.89967,60.13361],[29.88461,60.1496],[29.84897,60.16694],[29.70102,60.20051],[29.5254,60.20087],[29.4179,60.16885],[29.0923,60.17797],[29.05201,60.18427],[29.01515,60.19685],[28.9865,60.21723],[28.94695,60.26374],[28.92237,60.27985],[28.8602,60.29536],[28.81568,60.36127],[28.79949,60.36884],[28.78785,60.34138],[28.74635,60.34211],[28.72364,60.34492],[28.69361,60.36213],[28.61695,60.38199],[28.51759,60.48884],[28.45362,60.53962],[28.43897,60.55988],[28.4734,60.56623],[28.50734,60.55988],[28.52443,60.52237],[28.54379,60.5104],[28.61695,60.48884],[28.6836,60.45588],[28.70281,60.46117],[28.7072,60.47846],[28.69907,60.49982],[28.68629,60.51805],[28.66139,60.53461],[28.65805,60.59406],[28.66383,60.61445],[28.68539,60.61514],[28.64918,60.65575],[28.64454,60.66974],[28.65463,60.68187],[28.71274,60.66974],[28.73455,60.69282],[28.72193,60.72118],[28.69044,60.73847],[28.65463,60.7281],[28.5739,60.68268],[28.52101,60.68403],[28.47625,60.66974],[28.42408,60.6717],[28.40056,60.66527],[28.38299,60.62425],[28.34181,60.62763],[28.32163,60.62132],[28.33758,60.60981],[28.34343,60.59406],[28.29509,60.60147],[28.21583,60.54755],[28.15846,60.55305],[28.14723,60.53632],[28.13738,60.53319],[28.09645,60.53937],[28.03443,60.52578],[27.9004,60.52847],[27.87094,60.54047],[27.86305,60.56733],[27.81642,60.52822],[27.79412,60.53319],[27.80787,60.55305],[27.76206,60.58015],[27.73951,60.57416],[27.75318,60.55988],[27.73618,60.55557],[27.73341,60.54426],[27.75318,60.51895],[27.73268,60.51211],[27.75318,60.50585],[27.71843,60.48847],[27.63649,60.49226],[27.64576,60.50357],[27.69166,60.51895],[27.6517,60.52265],[27.63217,60.52167],[27.60825,60.49994],[27.62965,60.47114],[27.59246,60.47736],[27.50847,60.51386],[27.47267,60.50585],[27.48634,60.50194],[27.49318,60.49226],[27.47267,60.47797],[27.50668,60.45746],[27.4568,60.46369],[27.36931,60.49787],[27.23243,60.51211],[27.23081,60.52631],[27.30812,60.52578],[27.21193,60.55988],[27.22771,60.57958],[27.21461,60.58495],[27.19174,60.57974],[27.17775,60.56733],[27.20069,60.52326],[27.17775,60.51211],[27.16969,60.52863],[27.13771,60.52904],[27.11256,60.54682],[27.08839,60.52578],[27.05437,60.54682],[27.02443,60.53608],[27.02711,60.51992],[27.01173,60.50947],[26.99822,60.48802],[26.93141,60.48542],[26.96534,60.45848],[26.96241,60.44721],[26.91472,60.47456],[26.79363,60.45746],[26.81471,60.48542],[26.79705,60.48591],[26.74244,60.468],[26.73902,60.43696],[26.68735,60.41816],[26.63592,60.45063],[26.59441,60.4523],[26.57716,60.44733],[26.57447,60.43696],[26.5534,60.43301],[26.52735,60.43989],[26.48268,60.468],[26.47486,60.48725],[26.53663,60.51553],[26.56365,60.54336],[26.56739,60.58096],[26.62501,60.60961],[26.66668,60.60643],[26.75318,60.57416],[26.73178,60.61286],[26.69923,60.6402],[26.65919,60.6518],[26.61549,60.64305],[26.59181,60.62857],[26.46583,60.50812],[26.45623,60.47456],[26.48569,60.44379],[26.46941,60.42748],[26.45151,60.41649],[26.41635,60.41193],[26.42416,60.39598],[26.38331,60.41649],[26.3812,60.39875],[26.35141,60.39281],[26.34205,60.37556],[26.32399,60.383],[26.29021,60.42333],[26.24562,60.45087],[26.23178,60.45063],[26.22934,60.43842],[26.27345,60.40217],[26.17897,60.41063],[26.14243,60.39598],[26.09457,60.42333],[26.04916,60.43749],[26.01368,60.46259],[25.98097,60.47577],[25.91725,60.48542],[25.91725,60.47797],[25.97185,60.46491],[26.00375,60.4405],[26.02898,60.43334],[26.04005,60.40595],[26.03248,60.40062],[26.00685,60.40054],[26.01222,60.38858],[26.06056,60.36811],[26.08863,60.34394],[26.10816,60.33592],[26.09986,60.31208],[26.09132,60.30663],[26.04005,60.29979],[26.03883,60.32266],[25.99708,60.35493],[26.00587,60.36811],[25.95655,60.35602],[25.88836,60.38915],[25.84205,60.40217],[25.8777,60.37792],[25.91725,60.36127],[25.90724,60.34097],[25.88429,60.32001],[25.88307,60.30663],[25.92123,60.26529],[25.93019,60.24518],[25.89487,60.24958],[25.86883,60.26569],[25.87623,60.27253],[25.86101,60.284],[25.80055,60.29295],[25.75375,60.32075],[25.73902,60.31346],[25.74537,60.2958],[25.84889,60.26569],[25.78053,60.25141],[25.78053,60.24518],[25.76197,60.24038],[25.73552,60.24726],[25.64967,60.29979],[25.65089,60.31346],[25.67058,60.32746],[25.64967,60.33393],[25.64967,60.34138],[25.70436,60.34138],[25.6902,60.36286],[25.66863,60.36465],[25.60271,60.33857],[25.52613,60.32709],[25.52613,60.32095],[25.54127,60.31635],[25.54509,60.2923],[25.54038,60.27871],[25.52223,60.27139],[25.51686,60.25454],[25.50278,60.24616],[25.36166,60.24518],[25.36345,60.26008],[25.35092,60.26724],[25.31381,60.27253],[25.3213,60.25141],[25.19752,60.24518],[25.19215,60.24384],[25.1858,60.22313],[25.15626,60.23216],[25.15504,60.22378],[25.20395,60.20425],[25.18141,60.20051],[25.19711,60.19062],[25.17701,60.1833],[25.09474,60.17634],[25.10157,60.19062],[25.0586,60.17731],[25.04786,60.16889],[25.06739,60.16266],[25.02931,60.14785],[25.01075,60.15135],[24.99789,60.16266],[25.01075,60.16987],[25.02589,60.19945],[25.01905,60.21109],[24.99879,60.21284],[24.98455,60.19945],[24.96119,60.15156],[24.95094,60.14346],[24.84522,60.14374],[24.83416,60.15583],[24.87094,60.16169],[24.86883,60.17976],[24.84246,60.19465],[24.80681,60.19062],[24.82732,60.16266],[24.77263,60.14216],[24.6797,60.13011],[24.67335,60.12543],[24.67026,60.10122],[24.65642,60.10098],[24.64226,60.1291],[24.63063,60.1363],[24.55405,60.15595],[24.549,60.15278],[24.56039,60.14216],[24.59685,60.12727],[24.58766,60.11481],[24.54802,60.09968],[24.54038,60.08755],[24.60816,60.10122],[24.59425,60.08495],[24.57399,60.07392],[24.59449,60.06647],[24.59449,60.06025],[24.52703,60.03535],[24.46811,59.99641],[24.44565,59.99226],[24.41627,59.99136],[24.46412,60.04658],[24.44614,60.04751],[24.37477,60.00495],[24.36769,60.02204],[24.31267,59.9975],[24.3191,60.01415],[24.35768,60.03604],[24.36793,60.07392],[24.31967,60.07583],[24.29591,60.07221],[24.27858,60.06025],[24.29225,60.0528],[24.25245,60.03974],[24.17652,60.04804],[24.15846,60.04304],[24.15797,60.03449],[24.18295,60.02546],[24.16424,60.01944],[24.10597,60.03193],[24.06813,60.02058],[24.0464,60.02546],[24.02817,60.00935],[24.00961,60.01056],[24.00261,60.02098],[24.01922,60.03229],[24.01922,60.03974],[24.00082,60.03827],[23.95533,60.00357],[23.87306,59.99307],[23.79949,59.95661],[23.77125,59.96796],[23.60759,59.95661],[23.5735,59.97769],[23.42945,59.95661],[23.48357,60.0113],[23.54086,60.02912],[23.53435,60.0537],[23.54615,60.07392],[23.4983,60.0633],[23.47877,60.03612],[23.45379,60.02798],[23.43971,59.99445],[23.40797,59.98041],[23.32643,59.92304],[23.23715,59.89802],[23.22234,59.88622],[23.22218,59.86783],[23.23316,59.852],[23.25131,59.84797],[23.25131,59.84113],[23.08058,59.82685],[23.06813,59.82079],[23.00685,59.82616],[22.90512,59.81123],[22.88819,59.81318],[22.94614,59.84797],[22.98658,59.85195],[23.12745,59.88638],[23.16814,59.8889],[23.16114,59.91022],[23.16586,59.91767],[23.22242,59.91608],[23.24708,59.92243],[23.29371,59.95869],[23.32643,60.00935],[23.33286,60.02985],[23.31593,60.02241],[23.24977,59.94847],[23.2234,59.92988],[23.20362,59.92988],[23.20973,59.94355],[23.18881,59.95018],[23.16814,59.94355],[23.17123,59.93643],[23.13185,59.94294],[23.11785,59.92377],[23.11069,59.92328],[23.1006,59.94042],[23.11134,59.97427],[23.12818,59.9831],[23.20362,59.9975],[23.24138,60.03311],[23.25758,60.03974],[23.20509,60.04971],[23.10621,60.03905],[23.03549,60.04458],[22.99692,60.06208],[22.99073,60.07734],[22.99724,60.08967],[23.04591,60.12165],[23.0254,60.13532],[23.00489,60.10737],[22.96949,60.09439],[22.96827,60.11083],[22.95867,60.12157],[22.90789,60.13178],[22.87468,60.1496],[22.88559,60.16934],[22.8672,60.18374],[22.92156,60.23115],[23.00758,60.277],[23.0254,60.29295],[23.04591,60.32709],[23.08286,60.34589],[23.08058,60.35505],[23.06031,60.35733],[23.03419,60.34394],[22.99806,60.30663],[22.94117,60.31647],[22.87713,60.30109],[22.73618,60.23819],[22.52508,60.20425],[22.59343,60.23216],[22.5735,60.23493],[22.57203,60.24266],[22.59034,60.26227],[22.64812,60.27871],[22.57456,60.27082],[22.50359,60.24706],[22.44947,60.24518],[22.45777,60.25239],[22.45916,60.26496],[22.46941,60.27692],[22.54029,60.319],[22.54566,60.33393],[22.62761,60.37539],[22.63136,60.38955],[22.62428,60.39908],[22.58082,60.37592],[22.54347,60.37255],[22.46306,60.37556],[22.48357,60.40217],[22.29152,60.38264],[22.18149,60.43049],[22.11671,60.43696],[22.10109,60.46214],[22.06446,60.43635],[22.04705,60.43879],[22.01808,60.45746],[22.01808,60.47114],[21.98194,60.47675],[21.9839,60.49226],[21.93539,60.49226],[21.95037,60.51895],[21.90317,60.52888],[21.85353,60.52578],[21.84392,60.51553],[21.87403,60.47797],[21.806,60.48599],[21.78533,60.47797],[21.80299,60.52513],[21.80787,60.57559],[21.81959,60.58503],[21.84604,60.58784],[21.82846,60.60639],[21.84051,60.62873],[21.73178,60.58173],[21.67897,60.57648],[21.66179,60.56733],[21.66017,60.55907],[21.66896,60.54523],[21.65561,60.52595],[21.65431,60.50898],[21.64145,60.49575],[21.61207,60.48884],[21.55812,60.49226],[21.58375,60.50503],[21.56967,60.52643],[21.51775,60.56733],[21.57862,60.55988],[21.57862,60.56733],[21.48609,60.57416],[21.44264,60.56733],[21.40854,60.58039],[21.40854,60.58784],[21.4284,60.59406],[21.41481,60.6083],[21.46266,60.60175],[21.46998,60.6083],[21.37965,60.64704],[21.35328,60.67658],[21.35328,60.69017],[21.43897,60.68033],[21.44565,60.69286],[21.42213,60.725],[21.46998,60.725],[21.46998,60.73115],[21.42709,60.73652],[21.38738,60.75235],[21.42213,60.7591],[21.40024,60.77456],[21.37428,60.77961],[21.38087,60.7934],[21.37428,60.8076],[21.36085,60.81623],[21.34645,60.81314],[21.32887,60.82754],[21.32594,60.83487],[21.33644,60.84471],[21.31853,60.86469],[21.40789,60.86457],[21.4284,60.8758],[21.38087,60.88202],[21.35328,60.90253],[21.3908,60.91681],[21.4284,60.90253],[21.41277,60.9335],[21.39259,60.93903],[21.3357,61.00458],[21.31853,61.01236],[21.33904,61.0266],[21.31153,61.03754],[21.29868,61.06013],[21.32032,61.06021],[21.38738,61.04027],[21.40886,61.04328],[21.40772,61.05073],[21.36695,61.06013],[21.39527,61.0694],[21.45387,61.055],[21.48227,61.06013],[21.45484,61.07819],[21.45045,61.09077],[21.46315,61.10114],[21.44606,61.13516],[21.43523,61.14273],[21.46998,61.14956],[21.44264,61.15575],[21.45631,61.16999],[21.44264,61.16999],[21.47104,61.17817],[21.50343,61.17744],[21.49659,61.19111],[21.55812,61.20417],[21.54347,61.22508],[21.47609,61.24575],[21.50831,61.26683],[21.50343,61.27985],[21.54444,61.27985],[21.54444,61.32087],[21.53077,61.33446],[21.52426,61.37531],[21.50343,61.38911],[21.4489,61.40278],[21.47788,61.41157],[21.54168,61.40839],[21.57244,61.41641],[21.54225,61.44212],[21.51027,61.45799],[21.42213,61.48534],[21.55568,61.47516],[21.59213,61.48534],[21.5656,61.51948],[21.51027,61.51948],[21.46998,61.54682],[21.46013,61.5624],[21.48227,61.56786],[21.50799,61.57014],[21.62338,61.54588],[21.68686,61.52448],[21.71632,61.51948],[21.71632,61.52692],[21.64812,61.56029],[21.61427,61.58543],[21.59181,61.62812],[21.53761,61.64985],[21.54412,61.67284],[21.51775,61.71125],[21.57032,61.69501],[21.58595,61.69766],[21.55934,61.71332],[21.48927,61.73696],[21.46998,61.75971],[21.48902,61.79914],[21.48609,61.81118],[21.44459,61.82632],[21.4489,61.84162],[21.40317,61.87641],[21.39422,61.88939],[21.41407,61.90689],[21.39356,61.91324],[21.38054,61.93781],[21.31251,61.93985],[21.27752,61.95148],[21.29493,61.97134],[21.28053,61.97956],[21.23658,61.98501],[21.27622,62.0502],[21.28907,62.12157],[21.2964,62.13044],[21.31227,62.10912],[21.32911,62.13813],[21.33253,62.15257],[21.32594,62.16376],[21.38396,62.19449],[21.3899,62.20816],[21.35328,62.232],[21.37428,62.26679],[21.35231,62.26602],[21.31227,62.232],[21.33277,62.29409],[21.33904,62.35554],[21.28533,62.34528],[21.27068,62.34931],[21.26043,62.37197],[21.27752,62.39647],[21.27068,62.41079],[21.20509,62.35969],[21.2024,62.34919],[21.21608,62.33503],[21.19435,62.33706],[21.18979,62.35244],[21.2024,62.39033],[21.18133,62.39647],[21.2024,62.41763],[21.18605,62.42357],[21.16676,62.42133],[21.13356,62.40396],[21.13136,62.41669],[21.15455,62.46479],[21.12428,62.45482],[21.11638,62.46015],[21.11557,62.4958],[21.12428,62.51],[21.15455,62.52749],[21.12672,62.55414],[21.18816,62.58487],[21.20924,62.5821],[21.19353,62.6009],[21.12159,62.60944],[21.10621,62.62303],[21.08326,62.6127],[21.0652,62.59577],[21.06788,62.6201],[21.08318,62.65925],[21.07895,62.67829],[21.12574,62.69017],[21.14967,62.7038],[21.16082,62.71931],[21.16017,62.73017],[21.14039,62.7329],[21.11647,62.74966],[21.10792,62.76703],[21.11354,62.78119],[21.15089,62.79438],[21.18336,62.78238],[21.21608,62.81485],[21.22674,62.85847],[21.24342,62.86945],[21.3357,62.85545],[21.3567,62.85952],[21.3908,62.88032],[21.42213,62.9418],[21.46315,62.9514],[21.44654,62.98701],[21.44077,63.03779],[21.45631,63.04755],[21.48048,63.04304],[21.48227,63.05817],[21.49513,63.07172],[21.52345,63.06395],[21.5652,63.04076],[21.62574,63.02387],[21.65675,63.01789],[21.68849,63.02709],[21.64568,63.05524],[21.55958,63.09512],[21.55323,63.10859],[21.57244,63.12336],[21.54591,63.11791],[21.52084,63.12678],[21.51612,63.15546],[21.50343,63.15746],[21.51051,63.1684],[21.55193,63.17113],[21.55193,63.17792],[21.50099,63.19245],[21.49659,63.20897],[21.50489,63.21743],[21.55812,63.23261],[21.61541,63.20392],[21.64723,63.19766],[21.66798,63.21955],[21.71469,63.20234],[21.74236,63.19965],[21.76417,63.20588],[21.70265,63.21955],[21.70265,63.22577],[21.74366,63.23941],[21.79835,63.23941],[21.86988,63.25943],[21.89454,63.26048],[21.88266,63.23591],[21.89145,63.1966],[21.88087,63.17792],[21.90553,63.17544],[21.9839,63.14321],[21.9559,63.18476],[21.9944,63.19644],[22.02475,63.23941],[22.04314,63.24559],[22.07203,63.22577],[22.12721,63.23941],[22.17506,63.23261],[22.1819,63.24681],[22.20297,63.23941],[22.24464,63.26708],[22.27809,63.30146],[22.28492,63.30146],[22.30763,63.27587],[22.33009,63.28384],[22.37371,63.32136],[22.33383,63.35969],[22.2505,63.41132],[22.20582,63.42032],[22.19557,63.43122],[22.19093,63.45844],[22.21339,63.47089],[22.24676,63.46963],[22.30494,63.43586],[22.40162,63.41816],[22.31821,63.46052],[22.27996,63.48762],[22.27125,63.51374],[22.29225,63.52973],[22.33741,63.52334],[22.33334,63.49323],[22.38022,63.48542],[22.39682,63.47695],[22.39479,63.45234],[22.4358,63.47281],[22.4284,63.48876],[22.46306,63.55476],[22.49318,63.57347],[22.49724,63.58576],[22.54566,63.57518],[22.49724,63.62299],[22.53199,63.64411],[22.52508,63.6577],[22.56739,63.65314],[22.5857,63.65705],[22.59343,63.67451],[22.58904,63.70332],[22.61329,63.69929],[22.63706,63.68309],[22.65406,63.70376],[22.6753,63.70238],[22.70232,63.68342],[22.70704,63.67133],[22.70265,63.6577],[22.73406,63.62759],[22.74049,63.62299],[22.77345,63.62751],[22.82927,63.64623],[22.84034,63.67764],[22.90187,63.70551],[22.83302,63.72602],[22.90187,63.72602],[22.87468,63.74653],[22.9004,63.74006],[22.92579,63.74339],[22.92921,63.76435],[22.90772,63.77241],[22.89877,63.78327],[22.90252,63.79487],[22.92237,63.8017],[22.94288,63.80048],[22.97315,63.77098],[22.99,63.7613],[23.00066,63.76362],[23.0018,63.77375],[22.99073,63.7875],[22.99073,63.81538],[23.06284,63.85297],[23.07496,63.85737],[23.12135,63.84956],[23.15349,63.86347],[23.14161,63.86945],[23.14186,63.87596],[23.16733,63.88695],[23.27524,63.8889],[23.30649,63.89423],[23.32643,63.91096],[23.35076,63.89883],[23.37281,63.90062],[23.41578,63.92463],[23.37086,63.94652],[23.37875,63.96894],[23.36744,63.99726],[23.3816,64.04816],[23.3965,64.05614],[23.44996,64.04816],[23.47731,64.0351],[23.5066,64.04165],[23.53834,64.03189],[23.6045,64.02765],[23.6198,64.03803],[23.60597,64.0611],[23.56609,64.09658],[23.57358,64.10725],[23.62208,64.10712],[23.65602,64.13007],[23.66033,64.1433],[23.72364,64.17853],[23.71681,64.17853],[23.72438,64.20893],[23.73569,64.21621],[23.77272,64.20893],[23.8191,64.22065],[23.83351,64.22687],[23.86109,64.26789],[23.94337,64.24677],[23.92758,64.27119],[23.92905,64.30142],[23.98422,64.3498],[24.0044,64.38911],[24.06861,64.40559],[24.08473,64.41474],[24.08058,64.43171],[24.10483,64.43122],[24.12501,64.44233],[24.16928,64.45222],[24.20574,64.45222],[24.21778,64.48701],[24.25758,64.48599],[24.26889,64.49006],[24.28598,64.51496],[24.34409,64.53075],[24.36109,64.54841],[24.35499,64.57241],[24.37387,64.57954],[24.36793,64.59687],[24.3755,64.61726],[24.40886,64.65144],[24.42286,64.67561],[24.47096,64.69929],[24.53028,64.71784],[24.54607,64.73338],[24.5324,64.75385],[24.54371,64.76472],[24.58766,64.78119],[24.53842,64.80532],[24.57838,64.80793],[24.66831,64.78913],[24.67652,64.79487],[24.66277,64.81257],[24.67066,64.82974],[24.7317,64.83584],[24.73634,64.85537],[24.77312,64.86579],[24.89698,64.87311],[25.09474,64.91836],[25.11231,64.91446],[25.14324,64.88422],[25.16668,64.88841],[25.17726,64.88422],[25.18727,64.86066],[25.21762,64.84146],[25.25929,64.83584],[25.25929,64.82958],[25.22511,64.82274],[25.25953,64.81647],[25.36215,64.83307],[25.35043,64.85171],[25.3685,64.89851],[25.35955,64.91112],[25.3213,64.90473],[25.2798,64.92231],[25.24122,64.92902],[25.19093,64.96678],[25.21144,64.98041],[25.20395,64.98664],[25.22096,64.99055],[25.32163,64.98359],[25.3991,64.95189],[25.42156,64.94888],[25.43816,64.95307],[25.44353,64.96678],[25.41676,64.9986],[25.42311,65.01459],[25.4131,65.02448],[25.41627,65.03506],[25.38087,65.05598],[25.36997,65.08442],[25.35548,65.0965],[25.32407,65.10981],[25.21144,65.12377],[25.22584,65.15664],[25.25929,65.17219],[25.28248,65.19139],[25.28565,65.20478],[25.2798,65.21996],[25.32748,65.22687],[25.30014,65.23363],[25.31381,65.25414],[25.2798,65.26097],[25.2942,65.27115],[25.30787,65.30215],[25.3213,65.31623],[25.30698,65.32982],[25.33497,65.34349],[25.26612,65.37763],[25.3213,65.38508],[25.35548,65.41181],[25.34449,65.42853],[25.35865,65.46552],[25.35182,65.48412],[25.29371,65.52509],[25.219,65.55728],[25.19711,65.56265],[25.12485,65.5611],[25.10157,65.57689],[25.08546,65.60517],[25.06072,65.61726],[25.03582,65.61416],[25.00489,65.62702],[24.93718,65.62409],[24.89552,65.65135],[24.81951,65.66218],[24.74529,65.65135],[24.7068,65.63329],[24.67579,65.63544],[24.66774,65.69086],[24.584,65.71686],[24.55486,65.7451],[24.55047,65.7635],[24.57537,65.80817],[24.64576,65.87946],[24.67026,65.89159],[24.70753,65.89924],[24.71062,65.91209],[24.69459,65.904],[24.61793,65.88923],[24.61451,65.86616],[24.58717,65.85431],[24.54363,65.80899],[24.51881,65.79605],[24.45297,65.79694],[24.43051,65.78913],[24.42286,65.7766],[24.4048,65.76923],[24.35711,65.7792],[24.31666,65.80223],[24.23829,65.8227],[24.25123,65.79413],[24.24431,65.78156],[24.22462,65.77489],[24.20623,65.77875],[24.17302,65.80419],[24.1631,65.8227],[24.14031,65.80451],[24.10515,65.80182],[24.03272,65.80972],[24.05323,65.79605],[24.02882,65.79011],[23.98015,65.79487],[23.95704,65.78913],[23.94386,65.76655],[23.92644,65.7604],[23.88543,65.77363],[23.87184,65.79487],[23.85467,65.78913],[23.78175,65.79304],[23.76197,65.82225],[23.73943,65.82929],[23.6902,65.83015],[23.67498,65.82538],[23.63551,65.79605],[23.6233,65.79621],[23.60759,65.80972],[23.48414,65.81586],[23.49057,65.82978],[23.48357,65.83438],[23.45737,65.83015],[23.44996,65.81586],[23.42205,65.80223],[23.43784,65.7923],[23.43344,65.76667],[23.42848,65.76533],[23.38502,65.77521],[23.37428,65.79043],[23.37428,65.8227],[23.35279,65.82136],[23.31218,65.79605],[23.28972,65.79584],[23.23024,65.8227],[23.19597,65.82697],[23.18377,65.81965],[23.18238,65.80223],[23.19077,65.78986],[23.23764,65.7687],[23.1482,65.74559],[23.12843,65.73395],[23.12957,65.71503],[23.10304,65.70466],[23.07879,65.70722],[23.08676,65.72773],[23.04591,65.76122],[22.98976,65.76431],[22.94402,65.77534],[22.91489,65.79605],[22.90105,65.79865],[22.8602,65.79605],[22.83717,65.80769],[22.80592,65.84858],[22.78517,65.86432],[22.65301,65.90839],[22.63429,65.90522],[22.68214,65.87108],[22.69972,65.80394],[22.68873,65.77562],[22.66375,65.75751],[22.64812,65.75507],[22.65301,65.77806],[22.62794,65.79035],[22.56984,65.79605],[22.51149,65.77489],[22.50554,65.7836],[22.51157,65.79466],[22.53199,65.80972],[22.5184,65.82266],[22.4699,65.84321],[22.47731,65.85688],[22.40553,65.86392],[22.37013,65.86172],[22.36744,65.84321],[22.32594,65.83698],[22.36744,65.80972],[22.36451,65.7978],[22.3191,65.80223],[22.36061,65.76122],[22.32602,65.7355],[22.28549,65.74339],[22.24464,65.76024],[22.20924,65.76122],[22.24985,65.73574],[22.36183,65.71625],[22.37664,65.70026],[22.38795,65.67251],[22.3628,65.67292],[22.33961,65.66502],[22.32944,65.68928],[22.30787,65.70083],[22.2815,65.70148],[22.25758,65.69302],[22.26808,65.68122],[22.25758,65.66502],[22.28492,65.63154],[22.26206,65.62556],[22.18922,65.62409],[22.26271,65.61176],[22.30063,65.61152],[22.3191,65.63154],[22.28492,65.66502],[22.29314,65.67365],[22.3086,65.66938],[22.33334,65.65135],[22.32594,65.64521],[22.38038,65.63402],[22.38453,65.62783],[22.3401,65.61286],[22.33334,65.60419],[22.3436,65.59565],[22.41139,65.57901],[22.42897,65.54898],[22.40528,65.54194],[22.36988,65.56281],[22.29851,65.57689],[22.27491,65.58788],[22.25074,65.58316],[22.2566,65.56904],[22.22828,65.57209],[22.12647,65.60375],[22.05128,65.61734],[22.0062,65.64179],[21.96388,65.64672],[21.92986,65.6634],[21.85279,65.67829],[21.80958,65.7106],[21.76417,65.72773],[21.78777,65.68671],[21.84791,65.66096],[21.97022,65.63154],[22.05275,65.59764],[22.13258,65.57819],[22.17009,65.55305],[22.20297,65.54898],[22.17693,65.53978],[22.09311,65.53535],[22.06593,65.51431],[22.04762,65.52497],[22.01124,65.51748],[21.85353,65.53535],[21.90024,65.50129],[21.92791,65.48945],[21.95037,65.49494],[21.92172,65.508],[21.94711,65.50943],[22.03159,65.46703],[22.01173,65.43203],[21.99757,65.42609],[21.96608,65.43374],[21.94223,65.45336],[21.9323,65.44135],[21.94223,65.41181],[21.92775,65.40412],[21.88852,65.40766],[21.88087,65.41865],[21.82097,65.40103],[21.79021,65.40009],[21.7059,65.4145],[21.68832,65.41234],[21.70265,65.39814],[21.6561,65.39716],[21.63111,65.40005],[21.61004,65.41865],[21.58668,65.4182],[21.54444,65.41181],[21.54444,65.40559],[21.59962,65.39814],[21.59962,65.39191],[21.48911,65.39338],[21.46998,65.37763],[21.48976,65.37084],[21.4489,65.35716],[21.49155,65.34829],[21.54298,65.31859],[21.56568,65.31586],[21.584,65.32095],[21.58595,65.33666],[21.60475,65.33373],[21.70167,65.28588],[21.69923,65.27155],[21.66814,65.25275],[21.62281,65.24079],[21.577,65.23811],[21.54444,65.2473],[21.51596,65.28339],[21.48959,65.30549],[21.40895,65.3332],[21.34555,65.37279],[21.31227,65.37084],[21.33277,65.364],[21.31951,65.35139],[21.27784,65.35004],[21.26441,65.33666],[21.39137,65.32184],[21.42213,65.30878],[21.48227,65.26097],[21.53761,65.2309],[21.60987,65.16885],[21.61883,65.14802],[21.59986,65.13907],[21.54444,65.13744],[21.56284,65.1225],[21.54379,65.08307],[21.58595,65.06916],[21.56316,65.06127],[21.47926,65.06232],[21.46705,65.05549],[21.50343,65.02143],[21.46315,65.00772],[21.42213,65.01459],[21.41481,65.00092],[21.38315,64.98656],[21.3794,64.97736],[21.39422,64.96678],[21.37778,64.96003],[21.24342,64.95311],[21.24147,64.94538],[21.25221,64.93256],[21.24684,64.92178],[21.22788,64.90656],[21.2024,64.89851],[21.21258,64.87198],[21.1727,64.85342],[21.18133,64.83584],[21.11305,64.82274],[21.09734,64.82754],[21.08522,64.85757],[21.0691,64.86074],[21.042,64.84687],[21.03736,64.83271],[21.04233,64.81989],[21.08522,64.80915],[21.07895,64.79487],[21.09718,64.7853],[21.15398,64.78119],[21.21754,64.78925],[21.30584,64.7683],[21.31227,64.75385],[21.29949,64.74885],[21.22918,64.74771],[21.26726,64.71752],[21.31227,64.69929],[21.31227,64.69245],[21.28875,64.68684],[21.30494,64.66572],[21.18483,64.70673],[21.14389,64.73298],[21.11988,64.72968],[21.10914,64.71638],[21.11118,64.69937],[21.14039,64.67194],[21.23194,64.66108],[21.25025,64.64399],[21.2317,64.64265],[21.23219,64.633],[21.24513,64.62202],[21.30494,64.6105],[21.31886,64.59268],[21.35328,64.56952],[21.3628,64.57221],[21.36012,64.58259],[21.37403,64.60798],[21.39422,64.60301],[21.45558,64.56249],[21.4673,64.58735],[21.48561,64.58344],[21.48976,64.55585],[21.50123,64.54418],[21.51515,64.53709],[21.55193,64.53473],[21.511,64.52094],[21.49659,64.52456],[21.46315,64.54841],[21.38657,64.52172],[21.36459,64.54169],[21.34986,64.53815],[21.34734,64.53197],[21.36695,64.52798],[21.39918,64.50519],[21.42254,64.51463],[21.47609,64.51496],[21.48976,64.48701],[21.47771,64.47167],[21.47967,64.46084],[21.49195,64.45433],[21.51987,64.45539],[21.53761,64.47272],[21.57862,64.46589],[21.57244,64.48017],[21.58595,64.48017],[21.60532,64.46564],[21.60646,64.45222],[21.60011,64.44245],[21.57521,64.44111],[21.52573,64.42178],[21.45729,64.37165],[21.37322,64.33039],[21.31853,64.36408],[21.32423,64.34663],[21.31853,64.32933],[21.33277,64.31501],[21.28777,64.30231],[21.24391,64.30707],[21.11704,64.22114],[21.07895,64.22687],[21.04469,64.19155],[20.96656,64.1494],[20.9485,64.13007],[20.96079,64.11286],[20.95427,64.09479],[20.91236,64.05292],[20.90756,64.0351],[20.9144,64.02424],[20.90138,64.01407],[20.89698,63.98371],[20.84148,63.95942],[20.82496,63.94473],[20.77719,63.86937],[20.72934,63.84956],[20.68474,63.84846],[20.67481,63.84272],[20.66993,63.82909],[20.67791,63.82258],[20.709,63.82221],[20.67465,63.78925],[20.66432,63.7912],[20.64308,63.81452],[20.61264,63.82221],[20.56495,63.79833],[20.56178,63.78522],[20.54265,63.77534],[20.53093,63.78124],[20.54086,63.79169],[20.53875,63.80077],[20.50343,63.82201],[20.45582,63.7722],[20.43686,63.76118],[20.41359,63.76756],[20.4192,63.75935],[20.41359,63.7403],[20.42107,63.71235],[20.3943,63.6811],[20.36492,63.68073],[20.35475,63.68915],[20.36166,63.72549],[20.33888,63.75015],[20.32545,63.75397],[20.31666,63.74006],[20.31813,63.67902],[20.30795,63.65436],[20.29518,63.65225],[20.26759,63.6706],[20.26694,63.68134],[20.28663,63.72077],[20.28443,63.73286],[20.2461,63.69823],[20.23601,63.67357],[20.24285,63.65087],[20.15349,63.65087],[20.11988,63.64248],[20.09205,63.66454],[20.07358,63.66625],[20.03452,63.65681],[20.01108,63.6341],[20.03053,63.60248],[19.93775,63.61986],[19.88697,63.6031],[19.86443,63.57319],[19.75318,63.52432],[19.75034,63.51423],[19.76686,63.48762],[19.76889,63.46076],[19.7448,63.45726],[19.68735,63.43134],[19.6395,63.44489],[19.63706,63.47834],[19.61297,63.48583],[19.61915,63.50007],[19.57862,63.52119],[19.52638,63.5305],[19.47022,63.56147],[19.4463,63.56086],[19.42042,63.54853],[19.46876,63.53425],[19.4546,63.50894],[19.52345,63.48583],[19.46144,63.46894],[19.51173,63.43334],[19.51661,63.41474],[19.50799,63.41185],[19.4546,63.43122],[19.37257,63.47956],[19.3462,63.48591],[19.34522,63.47761],[19.37257,63.44489],[19.35141,63.44001],[19.29322,63.46654],[19.28077,63.45942],[19.27613,63.44269],[19.26954,63.34248],[19.25929,63.32905],[19.24545,63.32233],[19.23365,63.32567],[19.22926,63.34248],[19.20753,63.32612],[19.15659,63.31904],[19.13307,63.3083],[19.15349,63.29401],[19.11199,63.25308],[19.13307,63.25308],[19.11671,63.23664],[19.09718,63.23786],[19.05738,63.26048],[19.03989,63.23896],[19.05641,63.22651],[19.11199,63.21955],[19.10418,63.20783],[19.06788,63.20213],[19.05275,63.17886],[19.03679,63.17792],[18.96176,63.22577],[18.96656,63.23892],[18.90675,63.26708],[18.886,63.27253],[18.87289,63.26919],[18.87916,63.25308],[18.86606,63.2499],[18.81031,63.26048],[18.75115,63.25947],[18.7352,63.25308],[18.75563,63.24274],[18.91334,63.21206],[18.89438,63.19782],[18.86264,63.19204],[18.79664,63.1916],[18.80348,63.17792],[18.78728,63.16804],[18.77312,63.16877],[18.76043,63.17756],[18.75294,63.20767],[18.8239,63.21206],[18.8239,63.21955],[18.72902,63.232],[18.70045,63.22577],[18.71412,63.21922],[18.72779,63.1916],[18.75563,63.15746],[18.61134,63.1789],[18.56446,63.17792],[18.56446,63.17113],[18.60865,63.16535],[18.64308,63.14692],[18.65707,63.12373],[18.65463,63.11371],[18.63966,63.10969],[18.57862,63.1245],[18.55698,63.11652],[18.53842,63.08466],[18.52296,63.07551],[18.55698,63.07551],[18.49903,63.05508],[18.48658,63.0257],[18.4782,63.02025],[18.43409,63.04755],[18.40382,63.05565],[18.37208,63.04755],[18.42189,63.02692],[18.43409,63.01411],[18.36834,63.02025],[18.34311,63.03954],[18.33912,63.02558],[18.32423,63.01411],[18.24171,62.99982],[18.26645,62.9903],[18.52443,62.99189],[18.55112,62.98591],[18.57065,62.97309],[18.57667,62.9584],[18.56804,62.95344],[18.55405,62.9584],[18.54396,62.97309],[18.53663,62.97309],[18.52809,62.9538],[18.50489,62.9492],[18.41814,62.96931],[18.40333,62.96483],[18.39259,62.94522],[18.43963,62.92817],[18.4546,62.92475],[18.511,62.93244],[18.52296,62.92475],[18.51254,62.90412],[18.47234,62.90168],[18.40008,62.91108],[18.41505,62.89716],[18.46339,62.8876],[18.47446,62.8769],[18.46258,62.86115],[18.37761,62.83674],[18.32423,62.84154],[18.3169,62.85578],[18.26832,62.88349],[18.24855,62.88373],[18.25538,62.86945],[18.20704,62.86945],[18.22022,62.85228],[18.20704,62.83535],[18.22926,62.82953],[18.26222,62.84829],[18.28272,62.84154],[18.24366,62.79902],[18.19508,62.77741],[18.18336,62.78352],[18.18287,62.78998],[18.20086,62.80801],[18.18629,62.81167],[18.15919,62.7801],[18.14047,62.77192],[18.07732,62.77387],[18.08473,62.78693],[18.06837,62.79389],[18.00896,62.79438],[18.03403,62.81147],[18.12143,62.80581],[18.14617,62.82225],[18.08432,62.83735],[18.07106,62.84894],[18.07732,62.85578],[18.02027,62.84125],[17.98862,62.82591],[17.96778,62.80781],[17.93531,62.81704],[17.92433,62.83112],[17.92644,62.86636],[17.91277,62.88373],[17.92644,62.90054],[17.9214,62.91572],[17.87867,62.91108],[17.8545,62.95515],[17.83546,62.97028],[17.80974,62.97931],[17.83082,62.99982],[17.8086,62.99836],[17.76197,62.97931],[17.71079,62.99824],[17.69361,62.9936],[17.81756,62.94233],[17.84767,62.92129],[17.88966,62.87018],[17.90187,62.8393],[17.88551,62.82225],[17.88551,62.81485],[17.92905,62.80052],[17.9568,62.78254],[17.95493,62.76333],[17.99537,62.72773],[18.0027,62.70897],[17.9909,62.68081],[17.99733,62.66486],[17.99342,62.6599],[17.97486,62.65717],[17.9336,62.67084],[17.87184,62.67084],[17.89161,62.65803],[18.04322,62.62617],[18.0477,62.60663],[18.06422,62.59577],[18.04249,62.59211],[17.96827,62.56049],[17.96217,62.56363],[17.95338,62.61176],[17.93702,62.61563],[17.92579,62.60472],[17.90935,62.54938],[17.87867,62.54108],[17.89283,62.52749],[17.84311,62.48969],[17.8235,62.48583],[17.78614,62.50576],[17.73463,62.50576],[17.69304,62.49775],[17.65895,62.47842],[17.65968,62.46137],[17.69606,62.45059],[17.70737,62.43744],[17.56178,62.44375],[17.42677,62.54108],[17.4061,62.53559],[17.39552,62.5113],[17.34148,62.49811],[17.33082,62.48774],[17.33058,62.47223],[17.37745,62.43391],[17.37843,62.41079],[17.33741,62.40396],[17.36052,62.38959],[17.36647,62.37889],[17.36004,62.35566],[17.38063,62.33267],[17.43784,62.33027],[17.45411,62.32144],[17.47682,62.2923],[17.48829,62.28661],[17.48829,62.28046],[17.46022,62.27302],[17.54656,62.24909],[17.56666,62.25389],[17.59938,62.24958],[17.65268,62.232],[17.54444,62.20161],[17.54176,62.20637],[17.56951,62.232],[17.53492,62.23501],[17.50864,62.21841],[17.50416,62.20368],[17.50864,62.16376],[17.47446,62.1166],[17.47315,62.08466],[17.46762,62.07636],[17.44728,62.06818],[17.469,62.06216],[17.45924,62.04865],[17.42612,62.02656],[17.46046,62.00332],[17.3921,61.99242],[17.386,61.96198],[17.35475,61.95531],[17.34457,61.93667],[17.34815,61.91157],[17.36459,61.8863],[17.34352,61.87128],[17.34262,61.85566],[17.35377,61.84732],[17.33741,61.82368],[17.35369,61.81403],[17.40561,61.82111],[17.39291,61.80524],[17.37159,61.8006],[17.37159,61.79316],[17.38836,61.78832],[17.38592,61.74604],[17.39112,61.72773],[17.39918,61.72236],[17.48308,61.73457],[17.51417,61.71381],[17.52003,61.69123],[17.49635,61.63508],[17.4616,61.62962],[17.43287,61.63939],[17.36231,61.70913],[17.33058,61.71809],[17.33229,61.70502],[17.35092,61.67715],[17.31316,61.68195],[17.29981,61.68993],[17.30323,61.70506],[17.26661,61.72163],[17.22429,61.72724],[17.13803,61.72553],[17.1504,61.7143],[17.19996,61.71125],[17.26856,61.69082],[17.25978,61.67414],[17.22869,61.66307],[17.16619,61.65668],[17.16619,61.64985],[17.19337,61.64232],[17.16481,61.63642],[17.11891,61.64582],[17.09718,61.63614],[17.2256,61.62202],[17.24789,61.60883],[17.22592,61.60285],[17.15073,61.61791],[17.08351,61.61567],[17.08351,61.60883],[17.13494,61.60594],[17.14568,61.5952],[17.05633,61.58218],[17.08237,61.57127],[17.18653,61.56102],[17.18653,61.55418],[17.09034,61.55606],[17.08009,61.55048],[17.16619,61.52692],[17.16619,61.51948],[17.12452,61.51948],[17.12452,61.51325],[17.17237,61.49897],[17.17701,61.48688],[17.15187,61.46483],[17.16928,61.44111],[17.19256,61.437],[17.20411,61.44823],[17.22039,61.44798],[17.21705,61.43391],[17.18458,61.42731],[17.16619,61.41641],[17.13657,61.43708],[17.12761,61.41828],[17.10841,61.40937],[17.10402,61.39936],[17.13803,61.36929],[17.20021,61.34813],[17.20183,61.3371],[17.27605,61.31403],[17.21372,61.31342],[17.15187,61.32832],[17.16627,61.30842],[17.24789,61.2873],[17.20509,61.28852],[17.18727,61.2912],[17.1351,61.31611],[17.09718,61.32087],[17.09718,61.31403],[17.12135,61.30817],[17.18035,61.27603],[17.20021,61.25943],[17.21274,61.2353],[17.17091,61.22004],[17.15187,61.20417],[17.18653,61.19111],[17.18165,61.16596],[17.1587,61.14956],[17.17897,61.13597],[17.18279,61.12324],[17.1714,61.11506],[17.14568,61.11473],[17.19337,61.10859],[17.19988,61.09589],[17.18116,61.08369],[17.16871,61.05931],[17.16619,61.04654],[17.18653,61.03286],[17.1587,61.01984],[17.23585,61.02228],[17.24789,61.01236],[17.18824,61.00458],[17.16774,60.99217],[17.15821,60.94843],[17.1797,60.93724],[17.20509,60.93391],[17.2024,60.92154],[17.21681,60.89936],[17.23292,60.90461],[17.24627,60.89802],[17.28224,60.84101],[17.25807,60.83275],[17.25929,60.81566],[17.28224,60.81314],[17.28305,60.78115],[17.2964,60.77277],[17.3357,60.76691],[17.31153,60.74527],[17.19117,60.70173],[17.1867,60.69237],[17.25799,60.6944],[17.27801,60.67988],[17.31023,60.67304],[17.36459,60.64924],[17.32374,60.63565],[17.32374,60.62873],[17.33953,60.62299],[17.38022,60.62442],[17.41383,60.63793],[17.57496,60.64789],[17.65895,60.6083],[17.60377,60.58413],[17.63819,60.51545],[17.67058,60.5041],[17.74147,60.49844],[17.72706,60.53473],[17.76222,60.5633],[17.81609,60.58527],[17.91863,60.60016],[17.94874,60.59919],[17.97486,60.58784],[17.99537,60.55305],[17.98764,60.53075],[17.96746,60.51895],[17.96746,60.51211],[18.01832,60.50227],[18.0984,60.46491],[18.11199,60.43696],[18.14332,60.41356],[18.17872,60.39891],[18.26222,60.38239],[18.20704,60.35505],[18.20704,60.3476],[18.23487,60.32709],[18.2964,60.35505],[18.32634,60.35554],[18.35841,60.3476],[18.42799,60.34878],[18.44777,60.34138],[18.44777,60.31346],[18.47446,60.29979],[18.47446,60.29295],[18.438,60.29206],[18.42677,60.2862],[18.56544,60.25935],[18.60483,60.23835],[18.56373,60.22761],[18.40056,60.25959],[18.3169,60.32095],[18.3309,60.28571],[18.44777,60.21109],[18.43068,60.21035],[18.39259,60.23216],[18.39967,60.20783],[18.41993,60.19351],[18.50611,60.15575],[18.53492,60.15888],[18.54851,60.17414],[18.55014,60.1291],[18.57814,60.07392],[18.58432,60.07392],[18.58985,60.08885],[18.59083,60.1083],[18.57814,60.14216],[18.62574,60.15082],[18.65138,60.14826],[18.68572,60.13081],[18.72071,60.12604],[18.7352,60.11481],[18.73829,60.06411],[18.74513,60.04971],[18.78883,60.01756],[18.79664,60.00495],[18.76254,60.05598],[18.7531,60.08218],[18.76588,60.11107],[18.80348,60.12165],[18.8169,60.11758],[18.82447,60.06831],[18.90309,59.94721],[18.92213,59.93431],[18.96583,59.92683],[19.00554,59.91181],[19.00953,59.89631],[19.03207,59.8815],[19.04363,59.88207],[19.03679,59.90253],[19.07163,59.89631],[19.06788,59.83369],[19.03468,59.83503],[18.91676,59.92129],[18.886,59.92988],[18.93068,59.88548],[18.93531,59.86848],[18.92408,59.85228],[18.86158,59.80305],[18.82081,59.79267],[18.75457,59.79116],[18.73862,59.78278],[18.7339,59.76879],[18.78981,59.77904],[19.042,59.78498],[19.08522,59.7722],[19.07447,59.7497],[19.05779,59.73615],[18.97527,59.71906],[18.94125,59.72382],[18.91334,59.75178],[18.90138,59.73469],[18.87989,59.72158],[18.78126,59.70157],[18.75782,59.69107],[18.75563,59.67666],[18.71412,59.67325],[18.70851,59.65746],[18.69361,59.64936],[18.74204,59.64936],[18.73561,59.64151],[18.70045,59.62141],[18.66,59.63569],[18.68653,59.60578],[18.63998,59.58364],[18.59734,59.57404],[18.5407,59.54584],[18.48406,59.53441],[18.37965,59.47639],[18.26905,59.47744],[18.26905,59.47061],[18.30323,59.45698],[18.28932,59.45059],[18.24855,59.4501],[18.28272,59.43643],[18.27687,59.42255],[18.29314,59.41405],[18.3379,59.40852],[18.3073,59.3968],[18.24757,59.39769],[18.18849,59.40742],[18.15919,59.42219],[18.18287,59.42805],[18.20704,59.42219],[18.19947,59.45087],[18.18141,59.4582],[18.14552,59.44383],[18.12623,59.45527],[18.11329,59.45466],[18.08448,59.43895],[18.08448,59.4278],[18.0984,59.40852],[18.06544,59.39716],[18.04249,59.39737],[18.00896,59.40852],[18.14617,59.34024],[18.09506,59.33841],[18.09514,59.32681],[18.17286,59.32657],[18.19663,59.33417],[18.20704,59.33267],[18.21437,59.31977],[18.22055,59.31977],[18.25473,59.36278],[18.31813,59.37592],[18.38966,59.36945],[18.44777,59.35391],[18.42677,59.34024],[18.47006,59.3371],[18.48194,59.34772],[18.44777,59.39545],[18.49562,59.39545],[18.43751,59.41926],[18.42677,59.43643],[18.48463,59.43423],[18.53663,59.41596],[18.54396,59.39545],[18.61231,59.37494],[18.60084,59.36249],[18.54396,59.36815],[18.63258,59.34691],[18.6465,59.33027],[18.63893,59.31509],[18.6198,59.3083],[18.5193,59.29828],[18.46119,59.31244],[18.36443,59.30659],[18.3379,59.31293],[18.34474,59.33405],[18.32488,59.33442],[18.29127,59.3227],[18.27589,59.31293],[18.30014,59.30134],[18.3169,59.28559],[18.3169,59.27875],[18.28305,59.279],[18.27296,59.27424],[18.27931,59.2617],[18.36118,59.24079],[18.41228,59.21503],[18.42677,59.19685],[18.3357,59.23591],[18.31373,59.23408],[18.31349,59.22211],[18.36525,59.20991],[18.38706,59.18309],[18.40626,59.1894],[18.39259,59.16889],[18.4297,59.17463],[18.43409,59.16523],[18.42416,59.14395],[18.41432,59.14004],[18.38152,59.14777],[18.34376,59.14175],[18.29021,59.12055],[18.31137,59.121],[18.32423,59.1081],[18.20086,59.08076],[18.25538,59.10126],[18.24171,59.1081],[18.25538,59.11433],[18.25538,59.12055],[18.22364,59.11953],[18.18523,59.09931],[18.13868,59.09382],[18.10865,59.06306],[18.0962,59.05834],[18.04322,59.05972],[18.05055,59.03856],[18.01368,59.04491],[18.0027,59.03856],[18.01856,59.02289],[17.97739,58.98656],[17.96119,58.96345],[17.97055,58.93598],[17.96119,58.92251],[17.93068,58.91006],[17.89967,58.91572],[17.89234,58.8898],[17.89283,58.86103],[17.8694,58.87702],[17.86525,58.88882],[17.87184,58.90205],[17.86118,58.91909],[17.81471,58.92821],[17.77361,58.96068],[17.78736,58.92552],[17.80348,58.90827],[17.78631,58.88422],[17.77443,58.88622],[17.78297,58.91572],[17.74928,58.92381],[17.75196,58.96507],[17.74147,58.98395],[17.75571,59.00633],[17.76075,59.03701],[17.75611,59.08519],[17.76905,59.10895],[17.76881,59.12055],[17.75815,59.12592],[17.73276,59.11445],[17.7212,59.05899],[17.71046,59.0528],[17.66578,59.08076],[17.66871,59.09544],[17.69361,59.13141],[17.68092,59.15339],[17.65895,59.16889],[17.67311,59.13475],[17.64747,59.10806],[17.61109,59.09382],[17.62045,59.07258],[17.61451,59.03213],[17.6316,59.01813],[17.60711,58.96597],[17.5975,58.97089],[17.57691,58.95669],[17.61109,58.94302],[17.60125,58.9278],[17.62672,58.91779],[17.61793,58.90205],[17.59897,58.89411],[17.53598,58.90205],[17.55942,58.88036],[17.59067,58.86726],[17.59067,58.86103],[17.56951,58.86103],[17.58375,58.85358],[17.55568,58.85415],[17.44728,58.89521],[17.44728,58.88837],[17.46502,58.8815],[17.46909,58.87043],[17.44996,58.81586],[17.48829,58.79963],[17.45973,58.79145],[17.33741,58.80646],[17.37159,58.779],[17.3768,58.76439],[17.35776,58.75117],[17.27605,58.74885],[17.27605,58.7307],[17.16236,58.732],[17.13185,58.73754],[17.10084,58.76138],[17.08693,58.76484],[17.02817,58.75117],[17.07342,58.74478],[17.08351,58.73754],[17.0774,58.72036],[17.06251,58.71019],[17.08302,58.70287],[17.14568,58.70279],[17.14568,58.6966],[17.09303,58.66083],[16.97495,58.68537],[16.95387,58.66926],[17.00164,58.66787],[17.01954,58.65986],[17.03582,58.6413],[16.92416,58.62543],[16.23373,58.66926],[16.23373,58.66181],[16.25709,58.65176],[16.26149,58.64305],[16.25489,58.63451],[16.17921,58.63451],[16.17921,58.62832],[16.21412,58.63129],[16.22006,58.62084],[16.24025,58.62812],[16.28541,58.61591],[16.334,58.63915],[16.37159,58.62055],[16.37159,58.60375],[16.38771,58.59162],[16.40919,58.59663],[16.4284,58.63939],[16.43979,58.64814],[16.51783,58.62458],[16.63592,58.62678],[16.68971,58.60545],[16.73048,58.60228],[16.7483,58.59292],[16.74155,58.614],[16.78932,58.60716],[16.77963,58.58869],[16.78598,58.57274],[16.80421,58.56208],[16.83033,58.55939],[16.81666,58.55195],[16.81666,58.54637],[16.844,58.54637],[16.83416,58.52953],[16.88494,58.51846],[16.9402,58.49112],[16.91619,58.48347],[16.844,58.47748],[16.85288,58.46308],[16.83033,58.45209],[16.76547,58.44066],[16.7483,58.42902],[16.59791,58.44864],[16.53972,58.46817],[16.44142,58.48599],[16.41261,58.47748],[16.44825,58.4748],[16.65952,58.41478],[16.70558,58.4077],[16.71485,58.39496],[16.70965,58.36913],[16.71485,58.36017],[16.75457,58.37376],[16.76661,58.3686],[16.77508,58.33967],[16.63168,58.35395],[16.69996,58.31916],[16.6985,58.3017],[16.71079,58.29873],[16.72706,58.30362],[16.72047,58.31916],[16.79916,58.32364],[16.78932,58.30557],[16.7614,58.30557],[16.75457,58.2851],[16.7068,58.27827],[16.7068,58.27139],[16.80299,58.2447],[16.78932,58.23725],[16.81373,58.2204],[16.82407,58.19286],[16.81707,58.17719],[16.78826,58.17927],[16.80983,58.1621],[16.77719,58.13052],[16.72145,58.14985],[16.66188,58.18553],[16.61744,58.20311],[16.63209,58.18574],[16.67189,58.16527],[16.68629,58.14789],[16.65952,58.14789],[16.73609,58.08478],[16.71485,58.07958],[16.71762,58.0668],[16.71225,58.05952],[16.68629,58.05854],[16.74025,58.03978],[16.75457,58.02497],[16.74643,58.01659],[16.7378,58.01423],[16.72047,58.02497],[16.69158,58.01484],[16.68678,58.00873],[16.69996,57.99771],[16.67905,58.00511],[16.65797,58.03535],[16.6447,58.03864],[16.6312,58.0279],[16.65952,57.99022],[16.68629,57.99022],[16.70639,57.9621],[16.72779,57.97407],[16.73536,57.97191],[16.74155,57.94619],[16.78248,57.91511],[16.72731,57.92878],[16.73618,57.91376],[16.76539,57.89883],[16.76881,57.88784],[16.75815,57.87702],[16.7234,57.88349],[16.68287,57.91889],[16.67945,57.89838],[16.67075,57.89142],[16.61061,57.89468],[16.61378,57.9121],[16.60377,57.92878],[16.6447,57.92133],[16.51531,57.99885],[16.4983,57.99299],[16.49448,57.98404],[16.50457,57.97016],[16.53207,57.95026],[16.5901,57.93561],[16.56959,57.92133],[16.57602,57.91128],[16.57252,57.89395],[16.56275,57.88784],[16.52459,57.90632],[16.48081,57.91511],[16.49448,57.90209],[16.48707,57.89468],[16.4603,57.90209],[16.4603,57.89468],[16.7068,57.75064],[16.69996,57.74384],[16.6351,57.76569],[16.54184,57.83902],[16.41944,57.89468],[16.43897,57.86538],[16.53004,57.82526],[16.57325,57.79536],[16.59449,57.77289],[16.61818,57.76659],[16.66521,57.73701],[16.65211,57.72956],[16.69077,57.72565],[16.71485,57.70283],[16.69313,57.70283],[16.69313,57.69599],[16.7068,57.69599],[16.7068,57.68854],[16.63917,57.69233],[16.577,57.70966],[16.61061,57.68236],[16.61997,57.66665],[16.61769,57.65827],[16.58326,57.66193],[16.59181,57.65168],[16.62485,57.64142],[16.63054,57.6291],[16.56275,57.59296],[16.55494,57.60619],[16.55592,57.62714],[16.53883,57.62067],[16.52052,57.62714],[16.54225,57.60733],[16.52052,57.59296],[16.52052,57.58613],[16.54225,57.57929],[16.54225,57.5725],[16.51498,57.5725],[16.51498,57.56631],[16.59246,57.56485],[16.62916,57.55687],[16.68897,57.47175],[16.65952,57.47626],[16.67221,57.45966],[16.63844,57.44896],[16.63331,57.43708],[16.63901,57.4267],[16.67262,57.41547],[16.62574,57.39899],[16.63168,57.38076],[16.5726,57.38744],[16.54762,57.38251],[16.53484,57.36026],[16.56959,57.34658],[16.54737,57.3288],[16.56275,57.31928],[16.4852,57.29462],[16.46909,57.27538],[16.49448,57.24291],[16.46599,57.22801],[16.45818,57.20401],[16.46502,57.17731],[16.50945,57.12735],[16.5525,57.11009],[16.56959,57.08649],[16.55445,57.08076],[16.58326,57.04491],[16.53484,57.05174],[16.53484,57.06346],[16.52768,57.06538],[16.51075,57.05598],[16.50034,57.03974],[16.43979,57.05174],[16.4734,57.03124],[16.4734,57.02383],[16.45314,57.02351],[16.43979,57.01411],[16.43491,56.99787],[16.43979,56.97663],[16.46811,56.94929],[16.43637,56.91112],[16.43979,56.86685],[16.40797,56.79914],[16.42856,56.78294],[16.46339,56.79784],[16.4725,56.79438],[16.47169,56.77741],[16.45484,56.7683],[16.41261,56.77741],[16.36109,56.76374],[16.35662,56.75845],[16.37778,56.7259],[16.37916,56.6756],[16.37159,56.66132],[16.34156,56.65127],[16.30112,56.66327],[16.25522,56.65038],[16.24635,56.6424],[16.22096,56.60871],[16.21323,56.54841],[16.20704,56.53852],[16.17872,56.53706],[16.16603,56.508],[16.11769,56.45527],[16.09522,56.41938],[16.03826,56.25507],[16.02036,56.24641],[16.0044,56.21943],[15.93214,56.17471],[15.87436,56.10273],[15.85174,56.08637],[15.78875,56.10643],[15.8187,56.14004],[15.82651,56.15937],[15.80616,56.16791],[15.75668,56.15672],[15.73121,56.15721],[15.71363,56.17471],[15.70248,56.17023],[15.6482,56.19457],[15.59213,56.16055],[15.57594,56.17471],[15.5962,56.20376],[15.58644,56.20889],[15.49293,56.17634],[15.47999,56.15184],[15.43328,56.1789],[15.40398,56.17976],[15.37672,56.16108],[15.36557,56.1411],[15.32097,56.13963],[15.29526,56.14741],[15.3226,56.15363],[15.29526,56.18838],[15.27377,56.17121],[15.23455,56.15721],[15.19239,56.1529],[15.15431,56.16865],[15.13087,56.16108],[15.09303,56.16108],[15.08522,56.16462],[15.07553,56.18838],[15.03468,56.18154],[15.049,56.15363],[14.95338,56.17292],[14.90602,56.1612],[14.84816,56.16397],[14.84962,56.14741],[14.83025,56.14265],[14.77459,56.16791],[14.72495,56.16763],[14.70134,56.16136],[14.6858,56.14741],[14.6823,56.11713],[14.70338,56.10944],[14.76775,56.03071],[14.71551,56.00235],[14.70574,56.01703],[14.6858,56.01703],[14.67303,56.00532],[14.6115,56.01114],[14.60971,56.01533],[14.62379,56.02448],[14.60768,56.03701],[14.60328,56.05805],[14.58221,56.04377],[14.5691,56.05805],[14.49741,56.04047],[14.40772,55.97704],[14.34645,55.95332],[14.32325,55.91572],[14.27101,55.89448],[14.23471,55.8627],[14.20851,55.82127],[14.19418,55.74189],[14.2059,55.70856],[14.26108,55.68016],[14.27369,55.66763],[14.27605,55.635],[14.28452,55.62295],[14.31666,55.60236],[14.35816,55.56367],[14.36752,55.5454],[14.36305,55.52363],[14.2649,55.46125],[14.219,55.41376],[14.18116,55.39082],[14.06422,55.39077],[13.95623,55.42683],[13.89723,55.43488],[13.8423,55.42121],[13.78028,55.42744],[13.62957,55.41828],[13.59596,55.39326],[13.58082,55.38882],[13.53785,55.39326],[13.50343,55.38837],[13.38136,55.34602],[13.28053,55.34544],[13.11549,55.38028],[13.03077,55.38642],[12.97918,55.40327],[12.93263,55.38801],[12.88673,55.39326],[12.83277,55.38255],[12.82879,55.40009],[12.85939,55.43488],[12.90463,55.41795],[12.9297,55.41877],[12.96583,55.43488],[12.95997,55.4479],[12.96323,55.45425],[12.98569,55.4479],[12.97584,55.47504],[12.92848,55.52001],[12.91749,55.54719],[12.92937,55.57892],[13.03834,55.6352],[13.05795,55.66071],[13.06137,55.67446],[13.05486,55.69404],[13.01149,55.72842],[12.97438,55.72647],[12.96583,55.74616],[12.92262,55.74946],[12.91131,55.76386],[12.9319,55.76948],[12.93865,55.79047],[12.92604,55.83405],[12.89129,55.85358],[12.85076,55.86567],[12.8213,55.8867],[12.8108,55.90225],[12.80494,55.92927],[12.77076,55.94843],[12.75229,55.99657],[12.71949,56.01215],[12.70875,56.02131],[12.69801,56.0515],[12.60222,56.1232],[12.55372,56.18154],[12.54078,56.22248],[12.50457,56.27534],[12.46485,56.29169],[12.45143,56.30443],[12.64625,56.25727],[12.66619,56.23945],[12.70485,56.22248],[12.73561,56.22931],[12.79689,56.2281],[12.81446,56.23615],[12.83351,56.26569],[12.82944,56.27855],[12.78346,56.2934],[12.73178,56.35969],[12.64381,56.39606],[12.62159,56.41934],[12.65691,56.45527],[12.71372,56.46735],[12.83326,56.44257],[12.89015,56.45527],[12.93336,56.50654],[12.93865,56.52729],[12.93442,56.54707],[12.90382,56.593],[12.88608,56.63715],[12.87176,56.64948],[12.84205,56.65388],[12.77817,56.64423],[12.73178,56.64704],[12.67986,56.67959],[12.66432,56.7143],[12.61573,56.75007],[12.59474,56.78799],[12.59832,56.82099],[12.53387,56.84634],[12.52703,56.85993],[12.4992,56.86685],[12.46957,56.89203],[12.37501,56.91206],[12.35646,56.92381],[12.34522,56.94135],[12.34213,56.96296],[12.35426,56.98566],[12.34099,57.01407],[12.27125,57.04287],[12.24741,57.06074],[12.24529,57.07905],[12.2186,57.09272],[12.23764,57.10806],[12.23341,57.12149],[12.20436,57.14793],[12.19744,57.18488],[12.1491,57.1883],[12.19125,57.21259],[12.13836,57.21967],[12.10133,57.23672],[12.1565,57.24291],[12.09506,57.25039],[12.09506,57.25715],[12.11988,57.27534],[12.14723,57.28547],[12.14405,57.31013],[12.10499,57.34455],[12.06715,57.33979],[12.04982,57.35114],[12.10873,57.39435],[12.06031,57.39435],[12.09205,57.41136],[12.08985,57.42304],[12.05926,57.45881],[12.04363,57.46182],[12.0066,57.43415],[11.99293,57.36603],[11.97902,57.34658],[11.97218,57.36408],[11.9336,57.36083],[11.94483,57.3876],[11.90333,57.39435],[11.91521,57.40339],[11.90333,57.44896],[11.90707,57.46528],[11.91635,57.47626],[11.94483,57.48994],[11.91017,57.50361],[11.93116,57.51105],[11.90333,57.52412],[11.91765,57.53954],[11.91147,57.59528],[11.91684,57.62092],[11.89715,57.62714],[11.89186,57.61298],[11.86736,57.60741],[11.85808,57.63264],[11.83497,57.66193],[11.84457,57.68301],[11.90952,57.68684],[11.92368,57.70283],[11.84588,57.69331],[11.74773,57.71361],[11.7518,57.69599],[11.71974,57.69351],[11.70541,57.69843],[11.70631,57.72199],[11.81039,57.7814],[11.80787,57.78807],[11.7894,57.79027],[11.7518,57.78482],[11.68678,57.83763],[11.65626,57.83942],[11.6784,57.85375],[11.70395,57.8605],[11.69361,57.88117],[11.70729,57.89142],[11.75929,57.90209],[11.75929,57.90827],[11.74562,57.90827],[11.74562,57.91511],[11.75945,57.91901],[11.76612,57.92878],[11.73658,57.93867],[11.74366,57.95571],[11.78728,57.99771],[11.80014,58.02228],[11.80291,58.03657],[11.78297,58.06916],[11.78631,58.0786],[11.80096,58.08641],[11.79347,58.10008],[11.81813,58.10318],[11.82846,58.12124],[11.84132,58.19379],[11.87574,58.19916],[11.88966,58.21678],[11.86061,58.21841],[11.85182,58.22663],[11.84457,58.25336],[11.81381,58.27827],[11.80893,58.30219],[11.82594,58.31656],[11.88282,58.33283],[11.87037,58.34536],[11.80698,58.32661],[11.72674,58.32709],[11.72576,58.31297],[11.67897,58.30744],[11.61891,58.27827],[11.58107,58.25092],[11.55201,58.25031],[11.52589,58.25776],[11.53956,58.23725],[11.50587,58.24307],[11.49659,58.25837],[11.50367,58.28022],[11.54176,58.33356],[11.62208,58.38813],[11.60776,58.39496],[11.62176,58.40599],[11.66993,58.42219],[11.6526,58.4374],[11.62892,58.43134],[11.58863,58.40111],[11.55323,58.4632],[11.54705,58.4632],[11.55348,58.43399],[11.55177,58.39936],[11.54168,58.36494],[11.52247,58.33625],[11.46599,58.29413],[11.39617,58.26459],[11.41619,58.29035],[11.44337,58.30557],[11.44337,58.31297],[11.39918,58.30297],[11.38933,58.30557],[11.3838,58.31818],[11.40105,58.33682],[11.44858,58.34174],[11.42286,58.36384],[11.42408,58.38813],[11.40699,58.38736],[11.3825,58.35395],[11.37062,58.34748],[11.34588,58.34602],[11.42408,58.44269],[11.37241,58.39989],[11.3484,58.38813],[11.33416,58.36762],[11.30681,58.36005],[11.25359,58.36591],[11.2317,58.33967],[11.22088,58.34626],[11.22486,58.37067],[11.20436,58.40111],[11.20899,58.41893],[11.2234,58.42487],[11.25904,58.42219],[11.25147,58.44233],[11.29371,58.47004],[11.25766,58.48216],[11.23854,58.50788],[11.25221,58.51846],[11.25563,58.55573],[11.28631,58.5799],[11.2658,58.5799],[11.26979,58.59223],[11.25221,58.60716],[11.25904,58.63451],[11.24985,58.64891],[11.21062,58.67918],[11.21803,58.70795],[11.18686,58.71019],[11.17742,58.71857],[11.17856,58.73648],[11.18979,58.753],[11.21062,58.75739],[11.20688,58.77094],[11.23341,58.80817],[11.2317,58.84369],[11.20289,58.85493],[11.1976,58.86416],[11.19012,58.90827],[11.1976,58.92251],[11.14674,58.93122],[11.11988,58.94086],[11.10816,58.95356],[11.11744,58.96882],[11.18385,58.9914],[11.12281,58.99409],[11.115,59.0082],[11.12941,59.03119],[11.19361,59.08015],[11.22006,59.09016],[11.32097,59.09951],[11.35467,59.09162],[11.37623,59.04169],[11.39381,59.01944],[11.4297,58.9914],[11.43751,58.9914],[11.43775,58.99824],[11.40358,59.03856],[11.38933,59.08076],[11.37045,59.10065],[11.31381,59.11518],[11.21656,59.11042],[11.18238,59.11603],[11.17018,59.13475],[11.17465,59.14094],[11.20672,59.1457],[11.17856,59.16498],[11.17644,59.19685],[11.13551,59.18317],[11.15016,59.1752],[11.15309,59.16254],[11.13551,59.14224],[11.11883,59.14228],[11.08774,59.17577],[11.09913,59.13418],[11.09108,59.128],[11.03248,59.128],[11.03981,59.14374],[11.00782,59.15913],[10.9983,59.17231],[10.9485,59.18334],[10.93621,59.18317],[10.94483,59.16486],[10.94402,59.14932],[10.93409,59.14037],[10.91635,59.14224],[10.90065,59.16401],[10.90211,59.19685],[10.85027,59.18037],[10.84116,59.16144],[10.82293,59.16397],[10.80201,59.18879],[10.77914,59.1894],[10.78419,59.20629],[10.76637,59.23176],[10.77296,59.2521],[10.73813,59.2167],[10.73316,59.24091],[10.74366,59.26801],[10.77914,59.31293],[10.76344,59.31533],[10.73471,59.33405],[10.70069,59.30671],[10.67408,59.31574],[10.65984,59.35936],[10.64275,59.37494],[10.65968,59.40021],[10.65301,59.40819],[10.59596,59.42373],[10.59164,59.43065],[10.60108,59.4501],[10.64454,59.49315],[10.65642,59.49787],[10.66293,59.48871],[10.64894,59.44383],[10.66245,59.43789],[10.68507,59.45026],[10.69028,59.48066],[10.6631,59.50471],[10.65113,59.52643],[10.64682,59.57258],[10.65642,59.59467],[10.62599,59.63727],[10.61459,59.69717],[10.5975,59.68456],[10.57545,59.69961],[10.56023,59.72622],[10.56324,59.74836],[10.61459,59.83369],[10.65553,59.85668],[10.68035,59.82734],[10.71778,59.7381],[10.75847,59.85016],[10.74513,59.88207],[10.75262,59.8889],[10.74,59.89517],[10.68873,59.91177],[10.66627,59.8889],[10.62143,59.89631],[10.59425,59.88207],[10.52947,59.88231],[10.47543,59.85004],[10.47381,59.84138],[10.49871,59.83369],[10.48862,59.81631],[10.48455,59.78864],[10.49122,59.73127],[10.50221,59.70873],[10.53981,59.67504],[10.58269,59.66206],[10.59913,59.64399],[10.61459,59.60773],[10.59311,59.57038],[10.54274,59.53555],[10.48373,59.51447],[10.4367,59.51838],[10.4236,59.53384],[10.42921,59.59785],[10.4087,59.67121],[10.39763,59.68806],[10.36053,59.71101],[10.33229,59.71149],[10.29664,59.732],[10.26686,59.73973],[10.23894,59.73876],[10.22438,59.72382],[10.25709,59.70108],[10.36004,59.67276],[10.37924,59.65835],[10.39088,59.63817],[10.39487,59.61115],[10.39015,59.5583],[10.38103,59.53535],[10.36427,59.52582],[10.26938,59.55903],[10.23732,59.55996],[10.26791,59.52505],[10.33131,59.49506],[10.3694,59.45527],[10.45899,59.44086],[10.47755,59.42963],[10.48032,59.4121],[10.44679,59.36473],[10.44451,59.34894],[10.49871,59.31977],[10.51417,59.30292],[10.48707,59.28413],[10.46957,59.24779],[10.45118,59.24897],[10.41619,59.26508],[10.36085,59.27131],[10.36199,59.21955],[10.33025,59.20966],[10.31715,59.17959],[10.31373,59.128],[10.28981,59.13459],[10.28696,59.11489],[10.3069,59.05972],[10.29265,59.07014],[10.27215,59.11433],[10.26954,59.0478],[10.26246,59.03856],[10.23113,59.11433],[10.22438,59.11433],[10.21127,59.06656],[10.23219,59.04035],[10.22779,59.02896],[10.20704,59.01642],[10.1408,58.99994],[10.11451,59.00507],[10.16188,59.02753],[10.16969,59.03547],[10.16342,59.05231],[10.05942,59.01813],[10.01678,59.03368],[10.03338,58.99348],[10.01482,58.97313],[9.95737,58.95669],[9.8462,58.95563],[9.81218,58.96345],[9.83888,58.97187],[9.84522,58.98933],[9.83676,59.00935],[9.78175,59.05117],[9.76596,59.05239],[9.75815,59.03238],[9.72397,59.05972],[9.70607,59.06428],[9.70346,59.08698],[9.68849,59.09077],[9.68312,59.04605],[9.66863,59.05146],[9.64894,59.07331],[9.64137,59.10244],[9.62843,59.1081],[9.64047,59.11758],[9.63982,59.12727],[9.63063,59.13141],[9.60092,59.11567],[9.53907,59.12055],[9.55909,59.10236],[9.62135,59.07526],[9.63461,59.04946],[9.65414,59.0373],[9.69435,59.02949],[9.72682,59.0152],[9.72397,58.98395],[9.70346,58.99824],[9.68474,58.98347],[9.65577,58.98395],[9.65577,58.97712],[9.6775,58.9726],[9.68979,58.95669],[9.66334,58.95881],[9.59425,58.94302],[9.59425,58.93618],[9.60792,58.9287],[9.57594,58.92145],[9.47006,58.9287],[9.52394,58.90005],[9.51149,58.89521],[9.4559,58.89769],[9.45037,58.88154],[9.39943,58.89851],[9.37379,58.89541],[9.3602,58.88154],[9.39422,58.88988],[9.40203,58.88837],[9.40366,58.88093],[9.38453,58.86726],[9.33953,58.86262],[9.31853,58.86603],[9.29884,58.88154],[9.27084,58.83316],[9.31251,58.82632],[9.37965,58.84418],[9.45037,58.83316],[9.43621,58.8203],[9.36703,58.79218],[9.4087,58.79963],[9.4087,58.79218],[9.37094,58.77802],[9.34051,58.75117],[9.30649,58.73871],[9.24928,58.73359],[9.07097,58.7412],[9.05844,58.72704],[9.063,58.72382],[9.14357,58.70978],[9.16912,58.71646],[9.10084,58.73754],[9.21469,58.72163],[9.21632,58.70279],[9.1867,58.6916],[9.09506,58.69025],[9.05934,58.68293],[9.15602,58.68854],[9.18287,58.68635],[9.20053,58.67235],[9.15221,58.64327],[9.03384,58.59475],[8.99098,58.60033],[8.9712,58.58674],[8.94947,58.60033],[8.91334,58.60688],[8.91871,58.59663],[8.9489,58.57966],[8.95009,58.54718],[8.94388,58.52598],[8.90942,58.50089],[8.82352,58.45282],[8.7541,58.42759],[8.7073,58.37891],[8.64161,58.36392],[8.60727,58.33283],[8.58839,58.33417],[8.57936,58.34748],[8.54526,58.31297],[8.51344,58.29336],[8.50636,58.28311],[8.51808,58.27139],[8.50123,58.25723],[8.45582,58.26407],[8.43539,58.25776],[8.42351,58.27021],[8.40935,58.27204],[8.40056,58.26582],[8.40626,58.24421],[8.35353,58.2447],[8.29526,58.21271],[8.24366,58.20311],[8.27174,58.19627],[8.24887,58.17133],[8.22722,58.16315],[8.22316,58.13483],[8.20191,58.12299],[8.1727,58.14614],[8.15797,58.14448],[8.12289,58.10204],[8.04705,58.11689],[8.02459,58.14106],[8.07985,58.1621],[8.06007,58.17739],[8.02955,58.22484],[8.00408,58.22305],[8.02215,58.20283],[8.0276,58.18317],[8.02231,58.16376],[8.0075,58.14448],[7.95362,58.1247],[7.93409,58.10944],[7.95631,58.09325],[7.91578,58.08185],[7.75522,58.07001],[7.69597,58.05854],[7.66391,58.06729],[7.65358,58.06464],[7.6609,58.04548],[7.62672,58.05231],[7.62924,58.03124],[7.61476,58.02212],[7.59409,58.02635],[7.57887,58.04548],[7.57887,58.01752],[7.39064,58.01752],[7.26759,58.03596],[7.25343,58.04365],[7.24985,58.05854],[7.19044,58.04198],[7.17498,58.03119],[7.16635,58.04609],[7.15553,58.05028],[7.08277,58.03685],[7.07602,58.00654],[7.0066,57.99315],[6.99724,57.99714],[7.00359,58.01138],[6.99936,58.03071],[7.08774,58.07062],[7.11622,58.05854],[7.14747,58.09325],[7.14747,58.10008],[7.06471,58.07811],[7.03492,58.06232],[6.95875,58.04511],[6.93531,58.04548],[6.9961,58.10008],[6.98032,58.10537],[6.90056,58.05231],[6.91212,58.07502],[6.90797,58.10008],[6.86638,58.07958],[6.83221,58.0843],[6.80421,58.10008],[6.87078,58.11921],[6.94996,58.12092],[6.97478,58.12678],[6.98927,58.14106],[6.90414,58.13105],[6.87379,58.13483],[6.80152,58.17935],[6.7776,58.18203],[6.81284,58.12824],[6.80795,58.12055],[6.73146,58.11986],[6.71559,58.13483],[6.72731,58.14521],[6.72242,58.18944],[6.68824,58.12055],[6.70338,58.12043],[6.72242,58.10008],[6.78321,58.06981],[6.78256,58.06533],[6.75408,58.05809],[6.72267,58.06598],[6.6185,58.06831],[6.542,58.10765],[6.53053,58.12055],[6.56813,58.13178],[6.59702,58.1765],[6.67457,58.18203],[6.65406,58.18944],[6.67514,58.20698],[6.72527,58.22163],[6.76588,58.24628],[6.84596,58.27139],[6.80299,58.27045],[6.6985,58.22456],[6.68141,58.22305],[6.63364,58.27485],[6.64015,58.29377],[6.65626,58.3028],[6.67644,58.30219],[6.69508,58.2919],[6.70875,58.31297],[6.68727,58.32734],[6.64088,58.31635],[6.61996,58.31916],[6.6198,58.26463],[6.62623,58.2447],[6.56235,58.24311],[6.49928,58.26288],[6.40063,58.27223],[6.20338,58.33552],[6.14031,58.33967],[6.05063,58.37946],[6.0101,58.38491],[5.97804,58.4145],[5.96437,58.46817],[5.9546,58.47748],[5.92848,58.48359],[5.83732,58.48132],[5.79665,58.48925],[5.77839,58.5209],[5.74195,58.527],[5.70417,58.52077],[5.64625,58.54865],[5.65236,58.56273],[5.57154,58.62832],[5.50692,58.7299],[5.47795,58.75475],[5.52672,58.78411],[5.53967,58.81548],[5.53053,58.86872],[5.56414,58.88154],[5.57252,58.89403],[5.55055,58.91572],[5.53566,58.94599],[5.53712,58.95612],[5.56788,58.94302],[5.59767,58.9156],[5.61736,58.90729],[5.62623,58.9256],[5.5936,58.94994],[5.55055,58.97089],[5.57065,58.98208],[5.59156,58.97712],[5.57887,58.98908],[5.54103,58.98457],[5.5232,58.9914],[5.54249,59.00959],[5.55055,59.03856],[5.71559,58.97712],[5.70102,58.91913],[5.70297,58.8876],[5.71559,58.86726],[5.73552,58.9287],[5.81813,58.93618],[5.82179,58.96345],[5.85353,58.96503],[5.91961,58.94505],[5.96998,58.90363],[6.09254,58.84723],[6.1351,58.83959],[6.22885,58.83999],[6.20623,58.84903],[6.11899,58.85358],[6.08204,58.8708],[6.06479,58.8854],[6.05763,58.90205],[6.07789,58.92829],[6.10532,58.95038],[6.19484,58.98395],[6.62623,59.0528],[6.62623,59.05972],[6.35206,59.03303],[6.29868,59.01512],[6.16041,58.99824],[6.1268,58.98371],[6.03386,58.90518],[5.97511,58.96345],[5.98406,58.98408],[6.05079,58.99824],[6.00913,59.02558],[5.93409,59.01813],[5.89186,59.04536],[5.8755,59.06623],[5.87273,59.08698],[5.89064,59.10391],[6.12648,59.14842],[6.08937,59.1529],[6.0088,59.14936],[6.0643,59.20722],[6.1714,59.26142],[6.25213,59.27725],[6.3239,59.31501],[6.36931,59.32136],[6.46168,59.31977],[6.46168,59.32657],[6.31381,59.32294],[6.2024,59.27705],[6.15414,59.26777],[6.11231,59.27456],[6.08497,59.30671],[6.23634,59.31293],[6.23634,59.31977],[6.19923,59.35155],[6.1976,59.3347],[6.17213,59.32123],[6.15846,59.33662],[6.14698,59.34024],[6.12281,59.31977],[6.09246,59.31977],[6.06918,59.33177],[6.05763,59.35391],[6.05405,59.33462],[6.03745,59.32746],[5.99545,59.33405],[5.99545,59.34024],[6.00758,59.34614],[6.04152,59.38369],[6.15382,59.42739],[6.17433,59.44383],[6.18865,59.42963],[6.21616,59.46809],[6.22267,59.49787],[6.24269,59.51056],[6.4275,59.55097],[6.5442,59.55996],[6.50522,59.57127],[6.33611,59.55362],[6.27215,59.52814],[6.23634,59.52582],[6.27858,59.57201],[6.28875,59.62914],[6.29705,59.64496],[6.31153,59.6555],[6.28647,59.64924],[6.26686,59.62564],[6.23731,59.54979],[6.15301,59.45942],[6.07814,59.41934],[6.02703,59.40229],[6.00953,59.40762],[5.9983,59.42841],[5.98259,59.42963],[5.98862,59.41596],[5.96892,59.40852],[5.96892,59.40229],[5.98609,59.3959],[5.99545,59.38117],[5.92416,59.35578],[5.91,59.38202],[5.88624,59.40229],[5.88624,59.44697],[5.92408,59.44611],[6.15317,59.47744],[6.13356,59.49006],[6.10434,59.49291],[6.02467,59.47431],[5.90187,59.47907],[5.87273,59.48798],[5.83448,59.51561],[5.81813,59.5395],[5.80738,59.53937],[5.77711,59.52582],[5.80348,59.49478],[5.80787,59.48029],[5.79754,59.46312],[5.77638,59.45091],[5.74838,59.44579],[5.72283,59.45116],[5.70826,59.47061],[5.71371,59.44668],[5.69646,59.42943],[5.64617,59.40852],[5.6644,59.40648],[5.73552,59.42963],[5.78419,59.42927],[5.85255,59.385],[5.85963,59.35077],[5.78354,59.34321],[5.76344,59.34772],[5.7527,59.33625],[5.73846,59.33478],[5.70484,59.34024],[5.69793,59.33804],[5.69516,59.31977],[5.67774,59.3098],[5.61199,59.29304],[5.60963,59.30557],[5.61866,59.31688],[5.64617,59.32657],[5.64617,59.33405],[5.62338,59.35456],[5.60727,59.39029],[5.5866,59.41649],[5.56072,59.40933],[5.5853,59.39545],[5.57781,59.37592],[5.57634,59.33299],[5.56788,59.31635],[5.52931,59.28579],[5.50538,59.27774],[5.47543,59.27875],[5.4358,59.30768],[5.42384,59.33047],[5.4406,59.36982],[5.44174,59.39224],[5.43312,59.4051],[5.41334,59.39545],[5.40431,59.37897],[5.40651,59.31635],[5.39942,59.2967],[5.39088,59.29462],[5.37273,59.3072],[5.36557,59.34024],[5.34995,59.36644],[5.35825,59.38719],[5.3484,59.41596],[5.33269,59.41153],[5.33139,59.35391],[5.29721,59.34467],[5.23121,59.42426],[5.20167,59.42963],[5.1823,59.51122],[5.19972,59.5246],[5.24269,59.52582],[5.24269,59.53205],[5.20167,59.5395],[5.20167,59.54629],[5.2378,59.55964],[5.29038,59.6009],[5.30405,59.62824],[5.34425,59.64765],[5.36752,59.65266],[5.386,59.64936],[5.40162,59.60554],[5.41334,59.59467],[5.41578,59.61127],[5.42807,59.62499],[5.42701,59.63569],[5.40162,59.66079],[5.39967,59.66983],[5.41163,59.68919],[5.48911,59.7381],[5.4817,59.72382],[5.50213,59.71015],[5.50554,59.69269],[5.49806,59.65058],[5.48048,59.62132],[5.4878,59.57502],[5.46168,59.55996],[5.45086,59.54629],[5.41676,59.54291],[5.40773,59.5218],[5.40805,59.50991],[5.41676,59.50471],[5.44125,59.51838],[5.51637,59.5395],[5.53736,59.57685],[5.54005,59.59829],[5.52662,59.60773],[5.52361,59.61791],[5.53403,59.64057],[5.56414,59.67666],[5.69459,59.66983],[5.72193,59.66348],[5.73097,59.64765],[5.71559,59.60773],[5.75441,59.60985],[5.76344,59.61457],[5.76686,59.64558],[5.78907,59.65644],[5.87941,59.6555],[5.87941,59.67666],[5.78859,59.66014],[5.76344,59.66234],[5.7461,59.67552],[5.75563,59.6883],[5.79754,59.71015],[5.81422,59.72907],[5.88624,59.7381],[5.89308,59.74567],[5.89405,59.76179],[5.90309,59.7648],[5.93409,59.74494],[5.98585,59.73575],[6.0381,59.74518],[6.17742,59.80561],[6.19174,59.80598],[6.21518,59.82746],[6.29176,59.84032],[6.31153,59.85419],[6.24431,59.84357],[6.12192,59.80476],[6.03712,59.7648],[6.00229,59.75861],[5.96388,59.75995],[5.94532,59.76594],[5.93409,59.77904],[5.93442,59.79462],[5.95582,59.80634],[5.96144,59.8166],[5.95753,59.84125],[5.96892,59.86103],[5.94679,59.85554],[5.93426,59.8415],[5.92726,59.80268],[5.9144,59.79145],[5.83172,59.7722],[5.79038,59.78925],[5.75961,59.8166],[5.7151,59.83173],[5.70753,59.83812],[5.72185,59.86103],[5.68141,59.8415],[5.65984,59.83999],[5.64617,59.85419],[5.69654,59.86225],[5.74293,59.88207],[5.74024,59.9099],[5.77223,59.93073],[5.85963,59.95099],[5.97153,59.95954],[5.98259,59.98111],[5.94777,59.9975],[6.01002,60.05744],[6.09799,60.09186],[6.29103,60.12165],[6.29103,60.1291],[6.26645,60.12763],[6.25685,60.16266],[6.23341,60.15473],[6.20053,60.12543],[6.10532,60.10737],[6.10776,60.1341],[6.08432,60.16861],[6.07496,60.19839],[6.14234,60.21548],[6.18116,60.25886],[6.20916,60.2768],[6.21339,60.28628],[6.20167,60.29979],[6.27735,60.31346],[6.30942,60.33784],[6.33334,60.3426],[6.35182,60.36811],[6.44166,60.38886],[6.47869,60.42011],[6.5027,60.43081],[6.57423,60.43195],[6.64039,60.41649],[6.59197,60.36367],[6.57179,60.33076],[6.57838,60.30663],[6.53053,60.26227],[6.5101,60.13532],[6.51694,60.08076],[6.52377,60.08076],[6.52914,60.16389],[6.57838,60.22468],[6.5818,60.23823],[6.57154,60.27253],[6.59636,60.29487],[6.63038,60.35749],[6.65406,60.38239],[6.70143,60.3994],[6.7483,60.44636],[6.80258,60.47281],[6.94215,60.49226],[7.03248,60.47785],[7.07879,60.4794],[7.10597,60.50585],[6.90056,60.50585],[6.90056,60.51211],[6.92514,60.51789],[6.93246,60.53319],[6.96266,60.53937],[7.01726,60.58784],[6.98805,60.58955],[6.91342,60.55297],[6.85597,60.50324],[6.77231,60.48534],[6.6561,60.43301],[6.60564,60.43374],[6.59205,60.44379],[6.60231,60.46524],[6.67359,60.50056],[6.69508,60.51895],[6.64772,60.51301],[6.56186,60.46296],[6.37086,60.42463],[6.29721,60.38858],[6.27076,60.38963],[6.22527,60.4123],[6.20834,60.43081],[6.19532,60.4643],[6.18865,60.47114],[6.1775,60.47102],[6.17563,60.46162],[6.18483,60.44038],[6.21176,60.40595],[6.24098,60.38788],[6.23943,60.37897],[6.22543,60.37397],[6.19215,60.38345],[6.16529,60.3736],[6.11899,60.36811],[6.18865,60.35505],[6.1797,60.33991],[6.15105,60.32103],[6.14031,60.30663],[6.16066,60.2862],[6.1399,60.25434],[6.10532,60.24518],[6.03712,60.2696],[6.01661,60.27253],[5.99643,60.26496],[5.96892,60.21723],[5.91472,60.16885],[5.88999,60.15982],[5.86052,60.16307],[5.85157,60.1496],[5.87273,60.08755],[5.87338,60.05093],[5.85597,60.02375],[5.82456,60.0078],[5.78386,60.00495],[5.7907,60.01927],[5.77166,60.02351],[5.75603,59.99067],[5.73927,59.99445],[5.70606,60.00886],[5.69484,60.03067],[5.68141,60.03974],[5.68865,60.06086],[5.69947,60.06664],[5.73552,60.06025],[5.77573,60.0655],[5.79054,60.07661],[5.79754,60.09439],[5.7566,60.09439],[5.74244,60.08283],[5.7212,60.08389],[5.70021,60.10391],[5.7256,60.11823],[5.72918,60.13239],[5.70558,60.16031],[5.70826,60.17634],[5.72478,60.18659],[5.7907,60.20425],[5.7907,60.21109],[5.75807,60.21003],[5.68116,60.19062],[5.65358,60.17634],[5.64617,60.1496],[5.61703,60.14997],[5.59303,60.13858],[5.57277,60.1413],[5.54371,60.16266],[5.57407,60.17674],[5.57814,60.18797],[5.56414,60.19676],[5.56414,60.20425],[5.60027,60.206],[5.70826,60.23216],[5.70826,60.23835],[5.5984,60.23216],[5.63819,60.26411],[5.63307,60.27253],[5.61476,60.27216],[5.57154,60.23835],[5.57496,60.25593],[5.60572,60.27558],[5.64617,60.32095],[5.66725,60.35505],[5.71901,60.37043],[5.73243,60.37897],[5.73658,60.39203],[5.67319,60.37299],[5.6399,60.3476],[5.63307,60.36811],[5.59889,60.33344],[5.57789,60.28954],[5.53004,60.22972],[5.52662,60.21723],[5.43849,60.17211],[5.40984,60.13133],[5.35182,60.15583],[5.37241,60.16266],[5.37241,60.17011],[5.30405,60.19062],[5.32488,60.20527],[5.35182,60.21109],[5.35182,60.21723],[5.32081,60.22175],[5.25082,60.20746],[5.22283,60.21109],[5.29713,60.24921],[5.31031,60.26569],[5.17066,60.27871],[5.16236,60.28364],[5.16163,60.29499],[5.17066,60.31721],[5.18133,60.32209],[5.22828,60.32095],[5.19874,60.33837],[5.14723,60.34374],[5.14096,60.35139],[5.14649,60.36811],[5.17774,60.38858],[5.26564,60.38703],[5.29786,60.39598],[5.28321,60.40103],[5.25017,60.43081],[5.26319,60.45063],[5.23707,60.47378],[5.23829,60.4892],[5.28028,60.52237],[5.30584,60.52827],[5.47625,60.43505],[5.57325,60.41494],[5.61769,60.41718],[5.65358,60.43081],[5.64967,60.44782],[5.70826,60.47114],[5.71404,60.48428],[5.70721,60.56281],[5.71062,60.6031],[5.72153,60.63939],[5.74293,60.65668],[5.72316,60.66763],[5.72584,60.68602],[5.74977,60.71817],[5.70851,60.70258],[5.66383,60.70392],[5.66179,60.71109],[5.6714,60.72712],[5.69516,60.75235],[5.67563,60.75776],[5.64763,60.72712],[5.59156,60.6977],[5.53346,60.6977],[5.5232,60.68692],[5.5359,60.63955],[5.52662,60.62873],[5.44313,60.61469],[5.37241,60.58039],[5.30006,60.56078],[5.2505,60.56342],[5.22283,60.57416],[5.09767,60.64912],[5.08497,60.66291],[5.12322,60.66022],[5.22283,60.61514],[5.22828,60.62132],[5.16179,60.66999],[5.08497,60.71137],[5.14649,60.70392],[5.12582,60.72443],[5.06137,60.7309],[5.03297,60.74168],[4.98512,60.77985],[4.95777,60.79393],[4.92677,60.80012],[4.95167,60.80874],[4.98146,60.80878],[5.01043,60.80183],[5.05641,60.779],[5.10914,60.77375],[5.17677,60.74164],[5.28012,60.72183],[5.30421,60.71198],[5.31031,60.67601],[5.32618,60.65546],[5.34799,60.64045],[5.37241,60.63565],[5.35694,60.64545],[5.35182,60.66291],[5.41228,60.63312],[5.43385,60.62873],[5.37086,60.67438],[5.37924,60.68403],[5.43385,60.66291],[5.43092,60.67377],[5.41041,60.68867],[5.41334,60.70392],[5.37241,60.71817],[5.36256,60.74164],[5.35499,60.74482],[5.28419,60.74775],[5.23894,60.76386],[5.23585,60.77619],[5.28435,60.79955],[5.35182,60.81314],[5.33814,60.83983],[5.35646,60.85285],[5.43084,60.86933],[5.49692,60.86294],[5.53688,60.8758],[5.47967,60.88459],[5.47088,60.89614],[5.49586,60.90998],[5.47169,60.90746],[5.39967,60.88202],[5.3484,60.87783],[5.32667,60.86815],[5.31772,60.84443],[5.29322,60.82274],[5.23976,60.81712],[5.18784,60.8277],[5.16765,60.85468],[5.1644,60.83088],[5.14926,60.81493],[5.13103,60.81208],[5.11842,60.82738],[5.13282,60.83487],[5.06666,60.83454],[5.04713,60.84443],[5.02858,60.88593],[5.01051,60.90982],[5.00929,60.9267],[4.98194,60.95087],[4.99057,60.96247],[5.01197,60.96503],[5.0774,60.94965],[5.08277,60.9409],[5.07814,60.90619],[5.08237,60.88882],[5.09156,60.87788],[5.10076,60.87775],[5.10483,60.89256],[5.09864,60.95087],[5.14283,60.97215],[5.14031,60.99189],[5.07789,60.97138],[5.01271,60.98192],[5.00392,61.01606],[5.01612,61.04654],[5.06861,61.07355],[5.1351,61.07673],[5.20216,61.06477],[5.31227,61.03217],[5.43385,61.0266],[5.44842,60.99543],[5.46705,61.00739],[5.45427,61.03657],[5.46022,61.04999],[5.52711,61.07543],[5.6399,61.06013],[5.6399,61.06757],[5.59767,61.08515],[5.65626,61.09414],[5.674,61.08808],[5.73609,61.10993],[5.77394,61.11445],[5.7907,61.10489],[5.78094,61.06436],[5.81764,61.08674],[5.84539,61.09431],[5.83172,61.10859],[5.86362,61.11787],[5.97657,61.1208],[6.03045,61.11473],[6.09848,61.12222],[6.25807,61.09382],[6.27076,61.07709],[6.26629,61.05874],[6.24252,61.04654],[6.27475,61.04792],[6.31202,61.06851],[6.35922,61.06757],[6.37029,61.0563],[6.33871,61.01236],[6.35597,61.01093],[6.37289,61.01236],[6.37452,61.03742],[6.43767,61.08124],[6.54566,61.10407],[6.58578,61.14273],[6.6006,61.17524],[6.64845,61.15746],[6.78679,61.15034],[6.83668,61.13935],[6.85621,61.12812],[6.86183,61.0965],[6.86817,61.09028],[6.95582,61.08808],[7.00978,61.00894],[6.98797,60.99018],[6.9393,60.97321],[6.87379,60.93724],[6.96502,60.96552],[7.011,60.97114],[7.05144,60.96455],[7.11459,60.93936],[7.13014,60.9267],[7.1316,60.91218],[7.10597,60.86156],[7.15748,60.89745],[7.17156,60.92402],[7.16131,60.95087],[7.09352,60.96381],[7.04396,61.0266],[7.01384,61.05174],[7.00034,61.09292],[7.01726,61.10114],[7.05974,61.107],[7.16627,61.11005],[7.20924,61.13882],[7.22267,61.14037],[7.30445,61.13028],[7.33839,61.11201],[7.36915,61.10468],[7.43556,61.10114],[7.43556,61.10859],[7.39226,61.11628],[7.3462,61.14273],[7.40528,61.16743],[7.42701,61.18586],[7.45436,61.19278],[7.60621,61.19831],[7.65528,61.20685],[7.695,61.23208],[7.63356,61.2246],[7.60035,61.21235],[7.44923,61.19733],[7.38844,61.19819],[7.3589,61.20563],[7.3462,61.2215],[7.3357,61.27436],[7.31202,61.2873],[7.31381,61.30842],[7.35581,61.32624],[7.37029,61.36709],[7.38071,61.37832],[7.42124,61.39594],[7.46754,61.43846],[7.53566,61.45653],[7.57203,61.48534],[7.48862,61.46043],[7.3462,61.38911],[7.32374,61.38605],[7.26368,61.39594],[7.30885,61.36384],[7.30519,61.34813],[7.24496,61.30805],[7.23976,61.29727],[7.29819,61.26056],[7.30991,61.2176],[7.32252,61.20539],[7.35971,61.19111],[7.30519,61.16324],[7.28053,61.16376],[7.2295,61.18366],[7.21371,61.18366],[7.16131,61.16999],[7.15349,61.15461],[7.13722,61.1457],[7.00978,61.1291],[6.95314,61.11164],[6.93531,61.11473],[6.91725,61.1363],[7.00359,61.18366],[6.95053,61.16722],[6.8943,61.16324],[6.81007,61.18163],[6.66472,61.19514],[6.55787,61.2246],[6.57,61.24079],[6.62306,61.26935],[6.66033,61.32087],[6.69508,61.34471],[6.7024,61.37153],[6.71559,61.39069],[6.71461,61.40029],[6.70191,61.40278],[6.63689,61.30956],[6.60336,61.27875],[6.56471,61.26561],[6.52711,61.2873],[6.50115,61.26813],[6.49952,61.26252],[6.52377,61.23208],[6.52621,61.21235],[6.53736,61.20417],[6.4651,61.20759],[6.4983,61.19233],[6.5062,61.14696],[6.48471,61.13076],[6.43434,61.11473],[6.37233,61.11408],[6.28273,61.12543],[6.20395,61.14867],[6.17433,61.18366],[6.13014,61.15933],[6.0735,61.14802],[6.01401,61.14948],[5.96144,61.16324],[6.02784,61.18814],[6.03712,61.20417],[5.94093,61.16999],[5.87452,61.15835],[5.80445,61.15575],[5.78346,61.16498],[5.78297,61.1966],[5.77027,61.19111],[5.74977,61.15575],[5.70216,61.1555],[5.69516,61.14614],[5.67596,61.14228],[5.5573,61.13646],[5.53688,61.13129],[5.47543,61.09431],[5.42368,61.07966],[5.37664,61.08047],[5.33448,61.09687],[5.29786,61.1291],[5.25994,61.10985],[5.19386,61.10529],[5.16017,61.1291],[5.16993,61.13996],[5.22828,61.14273],[5.16188,61.15619],[5.14332,61.14614],[5.12517,61.14509],[5.04412,61.16324],[5.05934,61.18797],[5.11817,61.18598],[5.22283,61.16324],[5.21469,61.18366],[5.25017,61.18366],[5.16782,61.22077],[5.13966,61.2246],[5.02076,61.2165],[4.98878,61.2246],[5.05226,61.23379],[5.06446,61.24575],[5.01295,61.23664],[4.98276,61.25699],[4.9546,61.25259],[4.97999,61.27534],[5.01612,61.2873],[5.07399,61.29572],[5.09523,61.3072],[5.15935,61.3111],[5.17774,61.33942],[5.20151,61.34272],[5.25017,61.33446],[5.27931,61.32136],[5.29786,61.30097],[5.32065,61.25227],[5.33448,61.25601],[5.33741,61.26874],[5.32081,61.31745],[5.25636,61.34813],[5.4406,61.36742],[5.63307,61.3618],[5.59962,61.37592],[5.55453,61.37832],[5.16432,61.35611],[5.09327,61.3288],[5.05844,61.32347],[5.03663,61.32832],[5.00636,61.34748],[4.99562,61.3618],[4.99879,61.3769],[5.02833,61.40156],[5.04412,61.40278],[5.06267,61.37458],[5.07814,61.38296],[5.07814,61.41022],[5.11842,61.41641],[5.11166,61.43073],[5.07146,61.41706],[4.94793,61.41022],[4.94793,61.41641],[5.05714,61.44432],[5.16342,61.45083],[5.188,61.46483],[5.18051,61.47232],[5.3108,61.44941],[5.33758,61.46483],[5.4839,61.43171],[5.51889,61.43012],[5.54371,61.43696],[5.53688,61.44432],[5.61939,61.45799],[5.65089,61.48188],[5.66725,61.48534],[5.73601,61.48461],[5.75278,61.47574],[5.77036,61.45515],[5.80445,61.45116],[5.80445,61.45799],[5.78175,61.46564],[5.74676,61.49299],[5.72242,61.49897],[5.63787,61.49437],[5.57472,61.46483],[5.52361,61.46467],[5.49195,61.45401],[5.46095,61.45283],[5.438,61.46043],[5.44125,61.47915],[5.3978,61.48688],[5.29029,61.47964],[5.25318,61.49527],[5.17823,61.50975],[5.13893,61.52412],[5.14649,61.53998],[5.14031,61.55418],[5.20167,61.54682],[5.24643,61.55418],[5.35816,61.55418],[5.35816,61.56102],[5.17205,61.58552],[5.14649,61.5952],[5.33758,61.5952],[5.31031,61.58893],[5.31031,61.58218],[5.4026,61.58031],[5.42701,61.58893],[5.35043,61.60651],[5.27003,61.61567],[5.32016,61.62873],[5.34067,61.64313],[5.2837,61.64232],[5.22926,61.62873],[4.99269,61.63044],[4.96827,61.63614],[4.93963,61.67837],[4.96827,61.69766],[4.96046,61.70669],[4.96274,61.71711],[4.97291,61.7248],[4.98878,61.72553],[4.97446,61.73859],[4.98813,61.74689],[5.05397,61.75039],[5.07553,61.74287],[5.07814,61.73237],[5.10483,61.73237],[5.12599,61.71809],[5.14617,61.7176],[5.16765,61.72553],[5.12599,61.75218],[5.1902,61.76895],[5.06446,61.75971],[5.10385,61.78539],[5.27003,61.82795],[5.25636,61.83539],[5.33758,61.84162],[5.29152,61.85151],[5.29038,61.86213],[5.36256,61.90546],[5.39479,61.91108],[5.4878,61.90786],[5.54029,61.89688],[5.60027,61.89912],[5.63649,61.88886],[5.67579,61.88695],[5.74293,61.84846],[5.6408,61.83511],[5.61939,61.81493],[5.64715,61.81525],[5.73552,61.83539],[5.92262,61.85029],[5.94093,61.84504],[5.9463,61.83735],[5.92709,61.78242],[5.90016,61.75064],[5.89926,61.73859],[5.94223,61.7687],[5.97291,61.83112],[5.99203,61.83539],[6.05893,61.8083],[6.09864,61.77888],[6.12338,61.76992],[6.18116,61.76655],[6.17091,61.78046],[6.13771,61.78913],[6.09262,61.81786],[6.05763,61.82795],[6.05763,61.83539],[6.2907,61.83539],[6.3838,61.80744],[6.47381,61.80463],[6.52133,61.81419],[6.55047,61.84846],[6.58961,61.87084],[6.64015,61.87641],[6.66733,61.8732],[6.74635,61.85586],[6.77768,61.84125],[6.81861,61.86957],[6.81861,61.87641],[6.77101,61.87031],[6.69508,61.8832],[6.67799,61.89688],[6.65724,61.88939],[6.55551,61.87832],[6.5101,61.83539],[6.47625,61.82534],[6.25856,61.85627],[6.09547,61.84846],[6.03712,61.86957],[5.96144,61.86957],[5.88624,61.8832],[5.82862,61.86957],[5.80445,61.85586],[5.72926,61.88939],[5.72926,61.89688],[5.93328,61.90302],[5.96144,61.90986],[5.96144,61.91669],[5.64536,61.92479],[5.51661,61.93814],[5.45021,61.9252],[5.42701,61.93781],[5.27687,61.90986],[5.1937,61.91234],[5.15577,61.89606],[5.09864,61.91669],[5.12599,61.94404],[5.14031,61.97134],[5.15553,61.97602],[5.17384,61.95832],[5.20167,61.97134],[5.22828,61.95832],[5.23862,61.96064],[5.25017,61.97875],[5.30152,62.00288],[5.31031,62.02656],[5.37672,62.01606],[5.40016,62.02001],[5.386,62.034],[5.34099,62.03685],[5.29786,62.06818],[5.20851,62.10228],[5.10914,62.10912],[5.09181,62.12275],[5.12599,62.12958],[5.08025,62.15249],[5.07065,62.16376],[5.09181,62.1706],[5.07814,62.18423],[5.0962,62.19355],[5.14649,62.19107],[5.14649,62.20474],[5.16969,62.2145],[5.18181,62.21271],[5.26108,62.16983],[5.27459,62.16942],[5.27003,62.13581],[5.31788,62.10651],[5.39096,62.08837],[5.45143,62.06171],[5.46168,62.00674],[5.48121,62.01386],[5.49594,62.02757],[5.53639,62.07905],[5.56088,62.07953],[5.59156,62.06818],[5.56471,62.08967],[5.42018,62.10912],[5.39096,62.12324],[5.39177,62.13288],[5.42058,62.17593],[5.43116,62.18618],[5.45427,62.19107],[5.5241,62.17402],[5.62208,62.16486],[5.6399,62.15754],[5.66147,62.12141],[5.74977,62.08861],[5.66831,62.1435],[5.66725,62.1706],[5.68474,62.17902],[5.78614,62.18049],[5.85743,62.20425],[5.90553,62.1909],[5.92058,62.17805],[5.92547,62.16364],[5.92058,62.1197],[5.90707,62.09357],[5.85255,62.05121],[5.84539,62.01972],[5.90943,62.06118],[5.9367,62.08735],[5.9546,62.13996],[5.97096,62.13898],[6.04428,62.09927],[6.05519,62.08609],[6.05079,62.06818],[6.12526,62.08267],[6.20834,62.08124],[6.36671,62.06135],[6.36671,62.06818],[6.08863,62.10912],[5.98259,62.18423],[5.92872,62.19892],[5.92058,62.20816],[5.92604,62.22549],[5.93971,62.2294],[6.01726,62.20698],[6.06446,62.20474],[5.99203,62.21841],[5.96518,62.24409],[5.94777,62.24567],[5.97836,62.27973],[6.02768,62.30573],[6.3108,62.37206],[6.33871,62.35244],[6.37289,62.3146],[6.3934,62.28046],[6.45997,62.24799],[6.55047,62.1706],[6.5608,62.15209],[6.55689,62.13841],[6.53053,62.10912],[6.59205,62.13581],[6.5809,62.16035],[6.49488,62.25312],[6.41765,62.31118],[6.3978,62.33666],[6.38999,62.36469],[6.40024,62.38719],[6.43434,62.39647],[6.50026,62.39932],[6.53395,62.38349],[6.56471,62.35554],[6.55893,62.39838],[6.5442,62.40396],[6.5442,62.41079],[6.70875,62.45173],[6.7483,62.43415],[6.87916,62.41791],[6.87379,62.35554],[6.88624,62.34113],[6.98927,62.27302],[6.99936,62.25348],[7.00522,62.19428],[6.94272,62.13736],[6.93873,62.12181],[6.95582,62.10228],[6.98797,62.0893],[7.02125,62.09077],[7.13999,62.1166],[7.18784,62.10228],[7.14967,62.13081],[7.02996,62.10041],[6.97934,62.11286],[6.9734,62.12938],[7.02711,62.16718],[7.03712,62.18382],[7.02809,62.26602],[7.05144,62.27603],[7.1128,62.28046],[7.20924,62.25088],[7.23292,62.25625],[7.28126,62.28083],[7.31072,62.28156],[7.39584,62.23493],[7.41505,62.232],[7.41505,62.23945],[7.37355,62.27302],[7.29347,62.29792],[7.16131,62.28661],[7.02133,62.30378],[6.95704,62.32534],[6.91407,62.36982],[6.9756,62.37665],[6.85157,62.4545],[6.75652,62.46479],[6.7907,62.47842],[6.6902,62.47752],[6.48365,62.43073],[6.39772,62.42504],[6.35922,62.43122],[6.3047,62.45917],[6.24293,62.45112],[6.22267,62.45917],[6.24969,62.46796],[6.33871,62.47223],[6.45362,62.50239],[6.53273,62.50113],[6.57114,62.49238],[6.67457,62.49274],[6.67457,62.49958],[6.61378,62.52017],[6.56715,62.51032],[6.47609,62.51317],[6.47609,62.52001],[6.56471,62.52749],[6.53297,62.53685],[6.26303,62.52749],[6.27052,62.55492],[6.24936,62.57465],[6.26612,62.59296],[6.31959,62.60855],[6.53736,62.61563],[6.58326,62.59931],[6.60109,62.58185],[6.60572,62.56098],[6.61256,62.56098],[6.62224,62.58881],[6.62208,62.60122],[6.61256,62.60944],[6.62159,62.61957],[6.64137,62.61945],[6.64666,62.60944],[6.6867,62.63373],[6.72983,62.65095],[6.75611,62.65461],[6.77711,62.65034],[6.88185,62.60155],[6.90056,62.58832],[6.90016,62.57559],[6.91782,62.57465],[6.92351,62.5786],[6.92066,62.58755],[6.90797,62.60261],[6.92848,62.62303],[6.90553,62.62808],[6.88746,62.64354],[6.93165,62.65546],[7.0923,62.65095],[7.07032,62.63044],[7.03777,62.62303],[7.05201,62.60961],[7.09653,62.61221],[7.12534,62.55353],[7.12713,62.53368],[7.13315,62.53368],[7.15382,62.57465],[7.13315,62.59919],[7.15748,62.62922],[7.20899,62.61563],[7.31544,62.60497],[7.365,62.59284],[7.43043,62.54804],[7.48878,62.54914],[7.51743,62.54108],[7.54249,62.50361],[7.56178,62.51659],[7.57293,62.54999],[7.77817,62.57465],[7.74537,62.58601],[7.50522,62.56635],[7.46274,62.57465],[7.4227,62.59797],[7.41277,62.61473],[7.41822,62.633],[7.44451,62.64472],[7.47731,62.63959],[7.50026,62.61994],[7.49708,62.58832],[7.52019,62.58466],[7.53248,62.59512],[7.53297,62.61335],[7.51002,62.64948],[7.51059,62.66401],[7.5232,62.67438],[7.57114,62.6822],[7.61687,62.70014],[7.83595,62.73212],[8.01881,62.73359],[8.12672,62.69379],[8.14747,62.69196],[8.12941,62.71841],[8.06512,62.7392],[8.04509,62.75959],[8.06227,62.76606],[8.07301,62.7801],[7.90886,62.76325],[7.86451,62.74958],[7.64601,62.72866],[7.52491,62.69196],[7.48927,62.68684],[7.38502,62.68757],[7.35971,62.69819],[7.40358,62.7119],[7.36655,62.7329],[7.40301,62.73859],[7.47153,62.76724],[7.68133,62.79438],[7.60955,62.79609],[7.45045,62.77143],[7.41505,62.75959],[7.35157,62.75536],[7.31251,62.74404],[6.97039,62.72557],[6.94899,62.7329],[6.97153,62.73558],[6.98308,62.75336],[6.95582,62.77045],[6.96192,62.78417],[7.00978,62.81485],[7.05958,62.82632],[7.21583,62.81485],[7.13315,62.84894],[7.01661,62.84154],[6.95582,62.88687],[6.94801,62.90546],[6.92897,62.9121],[6.88006,62.91108],[6.91017,62.92939],[7.00017,62.95124],[7.07602,62.98286],[7.23764,63.01472],[7.27117,63.01411],[7.34344,62.97842],[7.42124,62.9514],[7.44174,62.91787],[7.50115,62.91083],[7.55983,62.9313],[7.61598,62.96039],[7.66831,62.97931],[7.68995,62.98115],[7.77573,62.97752],[7.78045,62.9726],[7.7483,62.94208],[7.66831,62.91787],[7.69435,62.9121],[7.83204,62.94941],[7.89942,62.95576],[7.9393,62.97712],[7.97389,62.97695],[8.07553,62.95087],[8.08668,62.94522],[8.10108,62.92219],[8.11329,62.91787],[8.1242,62.86774],[8.15431,62.81485],[8.18971,62.79792],[8.3191,62.777],[8.41521,62.72577],[8.51319,62.70742],[8.53777,62.68846],[8.54526,62.65717],[8.56723,62.68228],[8.56479,62.70356],[8.54396,62.72065],[8.45525,62.75625],[8.37672,62.77717],[8.33107,62.80069],[8.24627,62.81615],[8.18409,62.84772],[8.17205,62.85838],[8.17115,62.89179],[8.17921,62.90217],[8.20965,62.91108],[8.17506,62.92072],[8.14747,62.9514],[8.08693,62.96723],[8.00074,63.00666],[7.98308,63.02709],[7.96127,63.02814],[7.94264,63.02025],[7.9607,63.0187],[7.96998,63.00666],[7.91407,63.00194],[7.88502,63.00397],[7.87721,63.0104],[7.9489,63.04755],[7.99733,63.09227],[8.04005,63.10765],[8.08668,63.10969],[8.1211,63.09406],[8.13396,63.08027],[8.12843,63.05024],[8.16041,63.02643],[8.24676,63.00796],[8.2859,62.98208],[8.33009,62.97337],[8.33985,62.95881],[8.30934,62.94457],[8.33644,62.9121],[8.32928,62.88068],[8.38941,62.88988],[8.48805,62.85297],[8.52296,62.84431],[8.53858,62.85236],[8.52418,62.87128],[8.45436,62.88349],[8.42872,62.8968],[8.45069,62.89566],[8.57399,62.87543],[8.59376,62.86945],[8.63478,62.84154],[8.70297,62.82225],[8.61988,62.87792],[8.52084,62.89216],[8.47975,62.90717],[8.42303,62.94758],[8.4157,62.95881],[8.64422,62.96735],[8.66879,62.97931],[8.63998,62.98876],[8.54526,62.97931],[8.52174,62.9892],[8.53346,63.00031],[8.58627,63.02025],[8.55372,63.02265],[8.48805,62.99404],[8.37403,62.97309],[8.35328,62.98981],[8.31951,62.99982],[8.35524,63.00829],[8.43539,63.00983],[8.47022,63.02025],[8.43531,63.03144],[8.30519,63.02025],[8.23854,63.02546],[8.22316,63.03335],[8.22885,63.06306],[8.20289,63.09268],[8.16554,63.1153],[8.18849,63.13011],[8.21974,63.13447],[8.29152,63.09602],[8.28468,63.07551],[8.32618,63.08857],[8.31381,63.10212],[8.31951,63.10969],[8.30437,63.12515],[8.23618,63.14321],[8.23618,63.1507],[8.54363,63.13239],[8.64096,63.10969],[8.62452,63.12812],[8.57594,63.14423],[8.56577,63.1612],[8.57879,63.17455],[8.60873,63.1811],[8.94313,63.21206],[8.62371,63.20148],[8.61215,63.2038],[8.6032,63.22427],[8.57325,63.25308],[8.52703,63.279],[8.47641,63.29401],[8.51466,63.30589],[8.702,63.32396],[8.76441,63.34927],[8.71111,63.35122],[8.69557,63.35668],[8.67457,63.37987],[8.63893,63.39208],[8.64682,63.40917],[8.67237,63.42121],[8.71827,63.40815],[8.79176,63.43122],[8.82342,63.42939],[8.88111,63.39765],[8.89137,63.42133],[8.99724,63.41816],[8.99724,63.42438],[8.9734,63.42438],[8.96746,63.43342],[8.97486,63.4466],[9.00082,63.46613],[9.01832,63.46654],[9.11451,63.41816],[9.13551,63.38443],[9.14861,63.37592],[9.10287,63.34321],[9.08872,63.32001],[9.09343,63.29401],[9.14308,63.33088],[9.19158,63.33845],[9.26466,63.36294],[9.43458,63.38044],[9.4769,63.40388],[9.39389,63.38666],[9.26027,63.38125],[9.21803,63.37202],[9.16774,63.402],[9.16912,63.42121],[9.18295,63.43452],[9.48194,63.47321],[9.48072,63.48705],[9.36427,63.46625],[9.33302,63.46654],[9.28533,63.47956],[9.25782,63.50007],[9.26808,63.47346],[9.29217,63.45913],[9.21022,63.45942],[9.16733,63.46686],[9.14861,63.48583],[9.16196,63.50715],[9.19256,63.51362],[9.24431,63.51374],[9.23715,63.53449],[9.30226,63.53083],[9.34278,63.55561],[9.36801,63.5633],[9.38819,63.5622],[9.3777,63.55386],[9.37827,63.53046],[9.38819,63.52119],[9.40333,63.51846],[9.46013,63.56167],[9.49537,63.57689],[9.53639,63.56729],[9.57325,63.541],[9.54591,63.58055],[9.49057,63.58942],[9.51678,63.6037],[9.60792,63.61677],[9.69907,63.64448],[9.72397,63.63666],[9.72022,63.62075],[9.79998,63.56314],[9.81381,63.53205],[9.80592,63.51374],[9.89869,63.47736],[9.94744,63.44953],[9.96062,63.42772],[9.92848,63.37718],[9.83326,63.3288],[9.8567,63.32543],[9.89422,63.3312],[9.97918,63.36347],[10.01344,63.36188],[10.04705,63.35228],[10.09929,63.3249],[10.2422,63.32632],[10.25441,63.31444],[10.25904,63.26728],[10.27223,63.28168],[10.27215,63.30488],[10.27955,63.31826],[10.26588,63.33194],[10.24488,63.34406],[10.0687,63.36555],[10.04908,63.3819],[10.04086,63.4064],[10.094,63.43867],[10.15602,63.45234],[10.30047,63.46654],[10.37306,63.44172],[10.44728,63.45677],[10.48194,63.45466],[10.57691,63.43073],[10.69044,63.45234],[10.7588,63.43867],[10.79786,63.41739],[10.81023,63.42121],[10.82976,63.44058],[10.90805,63.45624],[10.91635,63.46654],[10.82252,63.4759],[10.77768,63.48749],[10.7588,63.51748],[10.78077,63.53901],[10.83107,63.55036],[10.92262,63.55476],[10.92262,63.5622],[10.85694,63.56932],[10.8615,63.5786],[10.91236,63.58853],[10.92262,63.60248],[10.85133,63.59809],[10.76832,63.57404],[10.73015,63.57176],[10.67164,63.54877],[10.65642,63.54853],[10.65642,63.55476],[10.67262,63.55817],[10.68605,63.57746],[10.70509,63.58369],[10.71974,63.6035],[10.75571,63.62507],[10.86427,63.65152],[10.90545,63.68447],[11.03346,63.71918],[11.08302,63.70458],[11.15675,63.71113],[11.18385,63.71979],[11.2422,63.76508],[11.2658,63.7744],[11.45769,63.78998],[11.46388,63.8017],[11.45973,63.81244],[11.42408,63.82221],[11.43775,63.83588],[11.41521,63.85008],[11.35475,63.84813],[11.27711,63.86738],[11.11158,63.84956],[11.09653,63.8581],[11.09645,63.88963],[11.17661,63.90925],[11.20037,63.91974],[11.22332,63.94546],[11.29998,63.96556],[11.43686,63.98314],[11.48683,64.00666],[11.49789,64.02082],[11.45444,64.0174],[11.42628,64.0288],[11.36655,64.02729],[11.25424,64.03791],[11.24049,64.06102],[11.36207,64.11709],[11.29998,64.10716],[11.22535,64.07197],[11.20346,64.02741],[11.17514,64.00702],[10.96274,63.94794],[10.87135,63.8972],[10.68865,63.8603],[10.64617,63.83324],[10.57374,63.80915],[10.6316,63.81631],[10.70069,63.84272],[10.77003,63.85029],[10.90024,63.89472],[10.93491,63.89814],[11.056,63.86127],[11.07399,63.83588],[11.0075,63.81314],[10.99147,63.8017],[10.97787,63.76756],[10.91,63.73102],[10.81105,63.72016],[10.74073,63.69038],[10.67172,63.68684],[10.64275,63.67764],[10.60231,63.63593],[10.52963,63.61945],[10.41578,63.57941],[10.32016,63.5622],[10.24138,63.5622],[10.20485,63.54434],[10.08033,63.50751],[9.99838,63.50007],[9.98015,63.49335],[9.9559,63.5065],[9.91822,63.51472],[9.90398,63.55459],[9.88795,63.57518],[9.90211,63.58942],[9.84986,63.59736],[9.81821,63.61408],[9.8108,63.62714],[9.81446,63.63825],[9.83326,63.64411],[9.81715,63.65884],[9.79225,63.66454],[9.80592,63.67764],[9.79908,63.69184],[9.99985,63.72386],[10.03631,63.73461],[10.10141,63.76756],[10.00522,63.74653],[10.01759,63.76594],[10.03932,63.7744],[10.02955,63.78352],[9.90659,63.75727],[9.85759,63.73163],[9.77955,63.72321],[9.72885,63.70209],[9.64894,63.69929],[9.6421,63.68505],[9.6211,63.68505],[9.58676,63.67137],[9.54412,63.6656],[9.56788,63.70677],[9.55274,63.72602],[9.71949,63.76288],[9.77809,63.76756],[9.77809,63.7744],[9.58131,63.7591],[9.54591,63.7744],[9.66277,63.81879],[9.83123,63.86164],[9.87428,63.86319],[9.87428,63.86937],[9.83074,63.87059],[9.79225,63.88369],[9.8921,63.90253],[9.91236,63.90078],[9.91456,63.89151],[9.90675,63.8841],[9.92579,63.88369],[9.97047,63.9042],[10.06804,63.91767],[10.11598,63.94111],[10.17368,63.93407],[10.19703,63.9383],[10.17237,63.95722],[10.14178,63.96556],[10.09571,63.94868],[9.94313,63.9184],[9.97267,63.94184],[10.08725,63.9665],[10.1281,63.98672],[10.11305,63.98701],[10.08033,63.97305],[10.0586,63.9868],[9.99301,63.96455],[9.93629,63.95942],[9.94483,63.97163],[9.98414,63.99348],[9.99806,64.03628],[10.01824,64.0351],[10.01441,64.04922],[10.02565,64.06244],[9.99578,64.09544],[9.99781,64.10957],[10.01368,64.1188],[10.08432,64.10126],[10.10792,64.08975],[10.19207,64.10147],[10.20883,64.10977],[10.21754,64.12393],[10.19142,64.11738],[10.10768,64.11709],[10.11736,64.13044],[10.1338,64.1385],[10.16969,64.13691],[10.15602,64.15803],[10.19703,64.15803],[10.17791,64.16669],[10.18336,64.18537],[10.16969,64.19896],[10.22218,64.19261],[10.23732,64.19896],[10.23113,64.2058],[10.29713,64.20995],[10.37452,64.18537],[10.36541,64.20718],[10.3235,64.22223],[10.24537,64.23379],[10.2588,64.24559],[10.33351,64.26044],[10.32683,64.27411],[10.35157,64.27497],[10.39731,64.26439],[10.39137,64.28779],[10.43629,64.28498],[10.46258,64.29413],[10.49122,64.29523],[10.49122,64.30142],[10.45769,64.30101],[10.44956,64.31281],[10.45021,64.3498],[10.47755,64.3498],[10.47071,64.35663],[10.51735,64.35004],[10.55942,64.32933],[10.55356,64.34345],[10.50473,64.36408],[10.50473,64.37031],[10.56739,64.36392],[10.59832,64.34577],[10.64894,64.35663],[10.64894,64.36408],[10.60711,64.36555],[10.5984,64.383],[10.57032,64.39077],[10.55299,64.4051],[10.46388,64.4051],[10.48308,64.42373],[10.51157,64.43171],[10.54412,64.42617],[10.59913,64.40209],[10.62827,64.39765],[10.61313,64.4208],[10.59425,64.42487],[10.58546,64.43431],[10.60475,64.45222],[10.64625,64.43537],[10.66627,64.41812],[10.73194,64.41576],[10.75375,64.39305],[10.81512,64.37027],[10.83497,64.36913],[10.85499,64.37775],[10.78663,64.41128],[10.80519,64.4208],[10.79664,64.43232],[10.75262,64.44599],[10.67994,64.43903],[10.65642,64.44599],[10.65642,64.45222],[10.70411,64.47272],[10.75262,64.46589],[10.76222,64.48017],[10.79282,64.48017],[10.84116,64.46589],[10.83693,64.4829],[10.8003,64.50747],[10.82472,64.51138],[10.8484,64.50487],[10.89226,64.47468],[10.91635,64.49315],[10.94549,64.48404],[10.95672,64.48701],[10.92262,64.50747],[10.92791,64.51337],[10.96412,64.50747],[10.96412,64.51496],[10.94988,64.52049],[10.95672,64.55219],[10.91635,64.57575],[10.91635,64.58259],[10.93483,64.58356],[10.95045,64.59003],[10.95672,64.60301],[10.9712,64.60261],[11.06031,64.57575],[11.05974,64.54743],[11.07618,64.52363],[11.10133,64.52115],[11.16725,64.48916],[11.17807,64.47866],[11.16277,64.44599],[11.18507,64.4416],[11.26979,64.45258],[11.34156,64.43171],[11.32032,64.39867],[11.26873,64.36665],[11.22486,64.32246],[11.24741,64.32559],[11.29998,64.37031],[11.38933,64.4051],[11.36207,64.41128],[11.40984,64.45222],[11.44337,64.43854],[11.52027,64.46247],[11.61264,64.46955],[11.65626,64.48017],[11.43775,64.46589],[11.4607,64.51118],[11.47527,64.51724],[11.53956,64.52115],[11.53956,64.52798],[11.51808,64.53315],[11.50603,64.54841],[11.57374,64.55585],[11.54705,64.54157],[11.57008,64.53726],[11.65626,64.56952],[11.7505,64.58568],[11.7798,64.59687],[11.65952,64.59431],[11.63575,64.58259],[11.62452,64.5926],[11.63356,64.61298],[11.62892,64.62417],[11.61118,64.62861],[11.55323,64.60301],[11.59474,64.59687],[11.57716,64.57502],[11.54762,64.56818],[11.51678,64.57294],[11.45444,64.62043],[11.42066,64.63638],[11.42408,64.65144],[11.40203,64.66315],[11.39617,64.68561],[11.42018,64.6861],[11.42408,64.69587],[11.39617,64.70673],[11.47983,64.71955],[11.53175,64.74457],[11.58855,64.7364],[11.6159,64.74022],[11.59474,64.74771],[11.59522,64.75849],[11.55323,64.76752],[11.79037,64.78364],[11.84181,64.79487],[11.84181,64.80231],[11.73878,64.80231],[11.74562,64.80915],[11.64324,64.82274],[11.67709,64.8321],[11.78728,64.83584],[11.7798,64.85008],[11.78728,64.85757],[11.6836,64.83706],[11.64943,64.84321],[11.70851,64.8583],[11.72608,64.87661],[11.74545,64.88418],[11.81446,64.89509],[11.91684,64.9252],[11.99195,64.93024],[12.06373,64.95995],[12.22486,64.93944],[12.18629,64.95954],[12.14389,64.96943],[12.05348,64.97297],[11.98219,64.95311],[11.91163,64.94941],[11.73878,64.89106],[11.61703,64.86961],[11.60841,64.86196],[11.62208,64.85008],[11.62208,64.84321],[11.54762,64.81965],[11.47828,64.81061],[11.42677,64.77025],[11.40333,64.75971],[11.261,64.73436],[11.23854,64.74022],[11.35141,64.76752],[11.4297,64.8159],[11.34637,64.805],[11.30242,64.82197],[11.25506,64.8166],[11.2317,64.82274],[11.2527,64.83784],[11.28199,64.84455],[11.52377,64.86253],[11.66489,64.89326],[11.69711,64.91218],[11.67254,64.9123],[11.60157,64.89106],[11.24537,64.85757],[11.26726,64.86982],[11.40138,64.92227],[11.42319,64.9252],[11.45021,64.92231],[11.51222,64.89851],[11.55421,64.89907],[11.59474,64.91836],[11.59474,64.9252],[11.53395,64.90473],[11.47739,64.9326],[11.56007,64.95311],[11.63575,64.94562],[11.6159,64.95995],[11.62908,64.96589],[11.6631,64.95311],[11.71062,64.95726],[11.77638,64.97671],[11.82016,64.98119],[11.83497,64.98664],[11.80453,64.9986],[11.80152,65.00764],[11.81422,65.01801],[11.87257,65.0419],[11.97853,65.06883],[12.01246,65.05549],[12.0101,65.03596],[12.01547,65.02961],[12.02613,65.03132],[12.04347,65.05899],[12.05445,65.06558],[12.06373,65.0456],[12.07594,65.03946],[12.11557,65.0493],[12.13706,65.0467],[12.15317,65.03946],[12.17701,65.01459],[12.17319,64.99779],[12.19402,64.99486],[12.21119,65.01459],[12.18686,65.03449],[12.18434,65.0456],[12.19313,65.05048],[12.28093,65.06013],[12.36883,65.09028],[12.438,65.08462],[12.47153,65.0893],[12.4861,65.11351],[12.5075,65.12124],[12.63624,65.13129],[12.60222,65.13744],[12.61736,65.14985],[12.67726,65.15917],[12.71559,65.18464],[12.79054,65.21381],[12.80738,65.24209],[12.83806,65.25361],[12.931,65.3124],[12.93995,65.32783],[12.93181,65.3332],[12.66822,65.19595],[12.54103,65.16226],[12.50278,65.14492],[12.42905,65.13923],[12.39015,65.14252],[12.36883,65.15176],[12.38168,65.17723],[12.47055,65.1826],[12.4992,65.20014],[12.45143,65.20637],[12.43832,65.21381],[12.43832,65.22687],[12.417,65.23021],[12.35515,65.21996],[12.35515,65.22687],[12.40821,65.24689],[12.50807,65.24067],[12.52019,65.25072],[12.67701,65.24921],[12.71209,65.25414],[12.68068,65.26268],[12.58815,65.26097],[12.51645,65.26777],[12.45818,65.25414],[12.46502,65.26777],[12.43572,65.27334],[12.34547,65.26777],[12.32057,65.2602],[12.27622,65.23225],[12.24529,65.23363],[12.30047,65.26777],[12.34213,65.30256],[12.45143,65.31354],[12.47869,65.33666],[12.41033,65.32246],[12.43295,65.34455],[12.4992,65.37084],[12.51645,65.35716],[12.60084,65.35468],[12.62574,65.34723],[12.6565,65.32575],[12.67449,65.32258],[12.69158,65.32982],[12.66277,65.35468],[12.54705,65.364],[12.5381,65.3725],[12.52703,65.40559],[12.48878,65.43232],[12.47869,65.44652],[12.5486,65.44701],[12.56739,65.43976],[12.57423,65.41865],[12.58334,65.41791],[12.59164,65.42988],[12.60222,65.43232],[12.62924,65.42121],[12.68068,65.37995],[12.71209,65.37084],[12.6408,65.41641],[12.62941,65.43232],[12.64975,65.45026],[12.78028,65.45962],[12.74098,65.46776],[12.60841,65.45962],[12.60841,65.46703],[12.65691,65.4807],[12.6338,65.48798],[12.59653,65.48859],[12.57797,65.49803],[12.56463,65.51366],[12.61573,65.52851],[12.59425,65.534],[12.57944,65.54951],[12.5726,65.56989],[12.57423,65.58999],[12.55193,65.56802],[12.53712,65.53482],[12.51368,65.51215],[12.46502,65.52167],[12.52573,65.56184],[12.53387,65.58316],[12.51002,65.57372],[12.46656,65.53685],[12.43832,65.52851],[12.40431,65.53498],[12.39649,65.55191],[12.41717,65.59675],[12.36842,65.59268],[12.35515,65.60419],[12.35768,65.6293],[12.34889,65.63837],[12.36411,65.65249],[12.3982,65.67121],[12.43832,65.706],[12.49537,65.73334],[12.55453,65.7294],[12.58131,65.71308],[12.5879,65.6896],[12.63624,65.68618],[12.61573,65.67329],[12.60841,65.65135],[12.65691,65.63837],[12.71241,65.64411],[12.7409,65.62971],[12.78712,65.63837],[12.77687,65.64907],[12.75815,65.65526],[12.6836,65.66144],[12.66358,65.67935],[12.65016,65.70991],[12.58644,65.72773],[12.55779,65.75373],[12.56715,65.76655],[12.64536,65.80769],[12.66033,65.80972],[12.69874,65.79059],[12.71754,65.78913],[12.7046,65.80223],[12.71119,65.82713],[12.6937,65.83552],[12.62631,65.82738],[12.61573,65.82795],[12.61166,65.83466],[12.61573,65.85065],[12.63624,65.86432],[12.64243,65.89159],[12.6823,65.92666],[12.78907,65.96499],[12.84848,65.9667],[12.91749,65.95303],[12.96583,65.92573],[13.0228,65.92976],[13.04037,65.92573],[13.06821,65.89838],[13.12045,65.89216],[13.12289,65.87792],[13.15699,65.85065],[13.17604,65.85578],[13.15105,65.89248],[13.14967,65.91209],[13.13356,65.92426],[13.12289,65.9431],[13.04851,65.94684],[12.97836,65.95991],[12.94239,65.97386],[12.92433,65.99404],[12.96315,66.0102],[12.96803,66.02285],[12.95151,66.03559],[12.97055,66.0528],[13.02361,66.06729],[13.04037,66.08344],[13.00221,66.08267],[12.92726,66.06147],[12.71209,66.04243],[12.7256,66.0561],[12.69939,66.06338],[12.67042,66.06289],[12.75172,66.10513],[12.86899,66.13434],[13.04754,66.15229],[13.08953,66.14615],[13.10369,66.16157],[13.22535,66.18578],[13.306,66.21792],[13.52719,66.24014],[13.56178,66.2342],[13.57651,66.21894],[13.55738,66.20515],[13.49285,66.1933],[13.49285,66.18578],[13.58229,66.18578],[13.53443,66.13862],[13.53012,66.12027],[13.5359,66.11054],[13.56178,66.11131],[13.60092,66.1433],[13.63966,66.15729],[13.76027,66.16596],[13.82162,66.14704],[13.83041,66.14875],[13.83481,66.15851],[13.8318,66.16852],[13.82244,66.17182],[13.70509,66.17276],[13.60955,66.18578],[13.64112,66.22061],[13.69646,66.23871],[13.75782,66.24242],[13.80812,66.2342],[13.76027,66.19945],[13.78842,66.20083],[13.83668,66.22207],[13.98618,66.24103],[14.00978,66.27094],[14.1128,66.30231],[14.13461,66.31639],[14.14389,66.33381],[14.13054,66.34309],[14.04835,66.3168],[13.96404,66.30476],[13.93849,66.29564],[13.90748,66.26838],[13.80348,66.27778],[13.75375,66.29584],[13.73927,66.28946],[13.74041,66.27753],[13.72364,66.26411],[13.69907,66.25308],[13.6198,66.24091],[13.59164,66.24384],[13.57545,66.26215],[13.62322,66.27521],[13.57545,66.28946],[13.50318,66.25902],[13.41375,66.24315],[13.32732,66.2458],[13.28736,66.24103],[13.20476,66.20466],[13.06935,66.17406],[13.04037,66.17963],[13.03159,66.19823],[13.11248,66.23078],[13.1631,66.2591],[13.3213,66.30028],[13.49431,66.29999],[13.53443,66.30931],[13.50563,66.31859],[13.40349,66.3168],[13.42335,66.33246],[13.45191,66.33723],[13.43287,66.34325],[13.36476,66.33832],[13.31088,66.3745],[13.30698,66.36913],[13.31471,66.35029],[13.33766,66.32783],[13.22657,66.29735],[13.13657,66.30313],[13.15772,66.31826],[13.16163,66.32673],[13.15024,66.33039],[13.09555,66.3168],[13.06414,66.31436],[13.03728,66.31997],[13.01564,66.33413],[13.00001,66.35712],[13.14096,66.38613],[13.17066,66.41234],[13.15699,66.43659],[13.14967,66.44355],[13.10255,66.45392],[13.13168,66.46092],[13.16383,66.46015],[13.16383,66.46699],[13.10255,66.47443],[13.0818,66.49799],[13.0171,66.50528],[12.97202,66.5222],[13.10255,66.54271],[13.20899,66.51411],[13.21909,66.50483],[13.23146,66.46809],[13.22535,66.45392],[13.36207,66.45551],[13.39723,66.46699],[13.28785,66.46011],[13.26686,66.46699],[13.27052,66.48383],[13.28777,66.50951],[13.25953,66.51537],[13.25953,66.5222],[13.35597,66.54271],[13.44142,66.53994],[13.48943,66.55012],[13.56861,66.52847],[13.67107,66.51537],[13.62338,66.53876],[13.47999,66.555],[13.45875,66.56379],[13.50709,66.5843],[13.60133,66.60725],[13.72625,66.6048],[13.68751,66.61579],[13.50278,66.60651],[13.47242,66.59736],[13.42335,66.56281],[13.23902,66.54841],[13.20485,66.55634],[13.21811,66.58307],[13.24586,66.59797],[13.23276,66.6048],[13.25001,66.61384],[13.33221,66.62629],[13.3816,66.61909],[13.40349,66.62523],[13.3733,66.63329],[13.25074,66.63312],[13.17066,66.65192],[13.19117,66.66657],[13.23732,66.654],[13.28395,66.66071],[13.34889,66.64574],[13.45191,66.65876],[13.54737,66.63825],[13.52263,66.66108],[13.48015,66.67528],[13.26686,66.70165],[13.22535,66.71402],[13.25603,66.72407],[13.49318,66.71402],[13.5276,66.69355],[13.69313,66.69131],[13.71876,66.70038],[13.69825,66.70722],[13.69825,66.71402],[13.799,66.71149],[13.85125,66.71711],[13.89015,66.73509],[13.71193,66.73509],[13.61069,66.71418],[13.57545,66.71402],[13.54713,66.72431],[13.54322,66.7392],[13.55877,66.75348],[13.58912,66.76179],[13.71803,66.75056],[13.75294,66.76179],[13.72104,66.76952],[13.56365,66.77717],[13.54331,66.77147],[13.50709,66.78229],[13.54184,66.80321],[13.61215,66.8098],[13.68727,66.80703],[13.76832,66.79263],[13.99301,66.78974],[13.94801,66.8002],[13.80144,66.80956],[13.73927,66.83755],[13.68832,66.83503],[13.67791,66.85114],[13.69825,66.85798],[13.64389,66.86799],[13.63063,66.8996],[13.60572,66.90689],[13.54754,66.8996],[13.52076,66.90575],[13.54363,66.92186],[13.58969,66.93818],[13.74448,66.93696],[13.78028,66.94611],[13.76027,66.96784],[13.83904,66.9641],[13.8628,66.96784],[13.90162,66.99213],[13.97267,66.99457],[13.95777,66.97403],[13.89015,66.95356],[13.91749,66.9289],[13.93458,66.92219],[13.95899,66.92695],[13.93165,66.93309],[13.97999,66.95356],[13.98569,66.96597],[14.02784,66.96784],[14.04379,66.98094],[14.04274,66.99506],[14.01433,67.02253],[14.04029,67.05598],[14.05991,67.06086],[14.08562,67.03681],[14.10939,66.99067],[14.15154,66.97163],[14.16456,66.97907],[14.19068,66.97655],[14.22674,66.98359],[14.22625,66.99258],[14.25172,67.00385],[14.26905,67.02399],[14.27076,67.04316],[14.24635,67.04979],[14.27215,67.06],[14.41822,67.06342],[14.49342,67.04296],[14.52955,67.04849],[14.54428,67.04536],[14.55543,67.02928],[14.5525,67.0185],[14.56821,67.01813],[14.58774,67.02676],[14.59588,67.04296],[14.58131,67.05842],[14.37672,67.0777],[14.29005,67.07583],[14.26743,67.08393],[14.28745,67.08983],[14.33578,67.1249],[14.32179,67.13642],[14.32814,67.14704],[14.36305,67.15965],[14.45191,67.16584],[14.4157,67.12938],[14.41139,67.11872],[14.42286,67.10944],[14.44077,67.11518],[14.47291,67.13923],[14.45924,67.15282],[14.67693,67.15957],[14.70924,67.15082],[14.74334,67.11831],[14.75034,67.12393],[14.74724,67.14541],[14.72316,67.1612],[14.65138,67.1767],[14.51393,67.18012],[14.57,67.20002],[14.60377,67.20425],[14.65162,67.18525],[14.78142,67.2143],[14.88299,67.2062],[14.97934,67.2143],[14.97934,67.20686],[14.92482,67.20063],[14.93263,67.18049],[14.90073,67.16576],[14.89064,67.15282],[14.8991,67.14159],[14.97291,67.10383],[14.99391,67.09907],[15.00799,67.1022],[15.00392,67.11494],[14.93165,67.15282],[15.01954,67.20409],[15.09457,67.21336],[15.12989,67.19579],[15.2186,67.19229],[15.30063,67.16901],[15.35678,67.16584],[15.38331,67.15672],[15.39471,67.14204],[15.39194,67.12214],[15.37672,67.0976],[15.43556,67.07575],[15.50147,67.07026],[15.49122,67.08051],[15.43873,67.0976],[15.43873,67.11872],[15.48032,67.15282],[15.47291,67.15282],[15.45541,67.17178],[15.37672,67.20063],[15.41049,67.21312],[15.45509,67.21357],[15.74041,67.17329],[15.73316,67.18757],[15.69264,67.20686],[15.70631,67.2143],[15.60621,67.20283],[15.55047,67.21955],[15.40797,67.23574],[15.38356,67.23469],[15.28745,67.20563],[15.26124,67.2143],[15.32911,67.2263],[15.34246,67.2416],[15.28297,67.24702],[15.21274,67.23477],[15.06251,67.24775],[15.07781,67.26044],[15.13771,67.26952],[15.16505,67.31049],[15.01352,67.29165],[14.98951,67.27049],[14.90935,67.27473],[14.77459,67.26952],[14.83546,67.25528],[14.81121,67.2447],[14.67384,67.2167],[14.61695,67.2143],[14.67286,67.23371],[14.69459,67.24844],[14.69207,67.26952],[14.69947,67.2757],[14.66245,67.27473],[14.57569,67.2519],[14.4109,67.24775],[14.34938,67.23505],[14.3283,67.2416],[14.41139,67.26952],[14.40691,67.27806],[14.41782,67.28449],[14.45191,67.29621],[14.4922,67.3229],[14.60174,67.37735],[14.61158,67.38788],[14.60524,67.39378],[14.57594,67.3924],[14.57594,67.39863],[14.61695,67.40607],[14.62306,67.42064],[14.65252,67.42634],[14.79998,67.42182],[14.82244,67.40607],[14.79509,67.38556],[14.82472,67.37832],[14.88299,67.40477],[14.98276,67.42381],[15.049,67.44701],[14.93914,67.44086],[14.82244,67.44701],[14.84278,67.46133],[14.82252,67.46601],[14.78419,67.46247],[14.76775,67.46747],[14.78077,67.475],[14.76857,67.48078],[14.72682,67.48867],[14.74008,67.50096],[14.79412,67.52521],[14.99041,67.57062],[15.05885,67.57734],[15.11541,67.56395],[15.14389,67.55061],[15.15887,67.53579],[15.10694,67.52961],[15.00831,67.56367],[14.98683,67.54951],[15.03639,67.51854],[15.05519,67.51594],[15.01043,67.48701],[14.88502,67.4864],[14.82928,67.475],[14.85385,67.47016],[15.01678,67.46874],[15.07936,67.49628],[15.12403,67.50226],[15.17579,67.52131],[15.19288,67.51594],[15.19142,67.50165],[15.21274,67.49482],[15.21274,67.48867],[15.15138,67.48115],[15.15138,67.475],[15.17237,67.46747],[15.14332,67.43671],[15.13771,67.42036],[15.21713,67.44953],[15.22706,67.47126],[15.24098,67.47919],[15.37127,67.48774],[15.42905,67.48298],[15.47291,67.46133],[15.4922,67.43146],[15.54176,67.37938],[15.5486,67.35147],[15.57594,67.331],[15.64479,67.30305],[15.64479,67.29621],[15.60483,67.29092],[15.60353,67.28034],[15.62615,67.27261],[15.65846,67.2757],[15.70004,67.30305],[15.69223,67.31265],[15.63795,67.32416],[15.62143,67.33369],[15.61744,67.35765],[15.58546,67.39557],[15.51441,67.4265],[15.58277,67.46133],[15.52866,67.46747],[15.55844,67.49335],[15.59791,67.50991],[15.78631,67.55061],[15.89796,67.55687],[15.86818,67.57323],[15.66814,67.55195],[15.55592,67.51594],[15.49871,67.51048],[15.23927,67.52924],[15.22706,67.5395],[15.22836,67.55878],[15.23341,67.56672],[15.26124,67.57734],[15.24073,67.58422],[15.27565,67.59357],[15.4109,67.58344],[15.42563,67.57917],[15.43637,67.5598],[15.46608,67.57734],[15.41879,67.60468],[15.43873,67.61213],[15.40659,67.63129],[15.38819,67.63239],[15.37045,67.62519],[15.38404,67.61213],[15.35914,67.60521],[15.27491,67.62519],[15.19435,67.60871],[15.17856,67.61835],[15.19646,67.6446],[15.33693,67.6872],[15.30494,67.68659],[15.27491,67.69404],[15.30112,67.7202],[15.33033,67.72036],[15.36866,67.71027],[15.41228,67.68891],[15.54176,67.67357],[15.51441,67.69404],[15.65846,67.68041],[15.54811,67.71125],[15.48658,67.69892],[15.40455,67.73505],[15.40455,67.74189],[15.59693,67.74885],[15.65846,67.73505],[15.79965,67.67902],[15.82203,67.6778],[15.8366,67.69404],[15.80681,67.69575],[15.78191,67.70771],[15.78875,67.72822],[15.6692,67.76179],[15.63054,67.76236],[15.64064,67.77534],[15.69264,67.79645],[15.65984,67.79377],[15.59498,67.77387],[15.41139,67.79645],[15.42156,67.81314],[15.44614,67.83218],[15.44606,67.84492],[15.43279,67.86074],[15.42091,67.85684],[15.40455,67.82441],[15.38356,67.85529],[15.36948,67.86518],[15.35678,67.85114],[15.38404,67.8039],[15.26222,67.75226],[15.22381,67.74335],[15.18198,67.71455],[14.91814,67.65152],[14.83611,67.64252],[14.7527,67.64802],[14.72682,67.65937],[14.87696,67.70026],[14.87696,67.70771],[14.78077,67.71455],[14.79298,67.72883],[14.85646,67.72508],[14.8755,67.73115],[15.1172,67.74189],[15.08758,67.74848],[15.01531,67.74665],[14.99366,67.76923],[15.03468,67.78286],[14.87696,67.77326],[14.82928,67.76236],[14.84303,67.76923],[14.82928,67.77603],[14.83123,67.79181],[14.81935,67.79743],[14.80226,67.79401],[14.78834,67.78286],[14.77858,67.7849],[14.75408,67.8039],[14.77296,67.81598],[14.80698,67.82534],[14.87322,67.82294],[14.95932,67.83723],[15.06324,67.83877],[15.10287,67.85114],[15.07586,67.86152],[14.84962,67.84492],[14.84962,67.85114],[14.8838,67.85855],[14.89943,67.87299],[14.99871,67.89545],[15.19207,67.88605],[15.23325,67.87222],[15.20118,67.85981],[15.19337,67.84736],[15.19907,67.83124],[15.30209,67.89037],[15.33693,67.89956],[15.33806,67.89183],[15.35987,67.89167],[15.48316,67.91767],[15.54347,67.91698],[15.50318,67.87543],[15.5149,67.85635],[15.53256,67.85236],[15.54176,67.85855],[15.52426,67.86677],[15.52443,67.878],[15.53492,67.8898],[15.59799,67.91669],[15.60377,67.93057],[15.75229,67.95209],[15.78875,67.95136],[15.82081,67.93765],[15.83221,67.9274],[15.84099,67.90107],[15.86012,67.89964],[15.87078,67.92682],[15.88551,67.93887],[15.945,67.96556],[15.96632,67.9951],[15.9533,67.9951],[15.96876,68.00861],[16.06316,68.00943],[16.06316,68.01618],[15.90089,68.02359],[15.85027,68.03669],[15.85027,68.04291],[15.89828,68.06684],[15.87745,68.07087],[15.78924,68.03433],[15.60239,68.03827],[15.57594,68.06342],[15.54542,68.07469],[15.38404,68.02302],[15.39283,68.0113],[15.43873,68.00943],[15.3982,67.99494],[15.35678,67.99592],[15.31707,68.01048],[15.28175,68.03669],[15.29428,68.04719],[15.34246,68.0572],[15.3545,68.07998],[15.40358,68.10456],[15.46339,68.12421],[15.50758,68.13227],[15.50408,68.10517],[15.52866,68.0913],[15.53834,68.1118],[15.58302,68.1118],[15.62989,68.13459],[15.63795,68.14281],[15.63624,68.16551],[15.64373,68.16893],[15.66578,68.16706],[15.65846,68.15278],[15.73414,68.13972],[15.70004,68.12604],[15.73748,68.10277],[15.73414,68.0913],[15.71013,68.08462],[15.6443,68.09663],[15.61744,68.0913],[15.62859,68.0764],[15.61744,68.0572],[15.62843,68.05305],[15.66578,68.05036],[15.6574,68.06672],[15.66944,68.07233],[15.73463,68.07233],[15.76149,68.07762],[15.76645,68.08955],[15.84449,68.09626],[15.90675,68.13247],[15.9253,68.13227],[15.87233,68.16966],[15.87078,68.18692],[15.88868,68.19245],[15.94207,68.18594],[15.9533,68.20458],[15.94508,68.23115],[15.94956,68.239],[15.97967,68.25007],[16.03785,68.24299],[16.04981,68.21174],[16.06316,68.20116],[16.0477,68.18578],[16.02784,68.18073],[16.04249,68.1623],[16.09718,68.17329],[16.10402,68.16022],[16.09034,68.12568],[16.06967,68.11249],[16.08985,68.07421],[16.08367,68.05736],[16.042,68.02985],[16.15797,67.9997],[16.19288,67.98151],[16.21062,67.95881],[16.21323,67.91161],[16.22006,67.89273],[16.23683,67.88361],[16.28199,67.87718],[16.43735,67.80756],[16.48471,67.7978],[16.51498,67.8039],[16.4603,67.81769],[16.44353,67.83153],[16.45346,67.85114],[16.31105,67.87397],[16.26856,67.88931],[16.25457,67.90034],[16.2754,67.92682],[16.27125,67.96491],[16.2754,67.97529],[16.24334,67.99433],[16.20704,68.00259],[16.2448,68.00943],[16.27426,68.00568],[16.30112,67.9936],[16.40593,67.9195],[16.41261,67.90632],[16.46656,67.89956],[16.44606,67.92682],[16.46656,67.9405],[16.39617,67.95893],[16.33481,67.99445],[16.33351,68.00243],[16.38038,68.00894],[16.45151,67.96279],[16.48178,67.95718],[16.54225,67.96101],[16.48113,67.96955],[16.46339,67.97834],[16.46339,67.9877],[16.50074,68.01618],[16.36476,68.02985],[16.38917,68.05927],[16.44264,68.07612],[16.46363,68.09431],[16.48707,68.0913],[16.55014,68.06623],[16.66277,68.05069],[16.68629,68.0572],[16.66521,68.06342],[16.68897,68.07103],[16.577,68.08511],[16.50074,68.1186],[16.44508,68.11555],[16.34645,68.08218],[16.28907,68.0913],[16.30275,68.1118],[16.25367,68.12165],[16.24122,68.13227],[16.32,68.1258],[16.36012,68.14411],[16.40211,68.13703],[16.41261,68.14594],[16.39894,68.15278],[16.41627,68.15876],[16.4734,68.15278],[16.46437,68.16572],[16.41261,68.18073],[16.41261,68.18692],[16.54518,68.16502],[16.5901,68.16706],[16.53297,68.17817],[16.46681,68.20116],[16.45997,68.20547],[16.46046,68.22419],[16.45314,68.22846],[16.40577,68.20799],[16.17205,68.20368],[16.16212,68.21113],[16.18336,68.22114],[16.34734,68.22846],[16.35613,68.23184],[16.35564,68.239],[16.34018,68.24958],[16.19093,68.25845],[16.1198,68.27383],[16.10336,68.28315],[16.12135,68.28998],[16.14967,68.31306],[16.17237,68.31786],[16.24757,68.30419],[16.28175,68.30744],[16.30291,68.29963],[16.3169,68.28315],[16.38844,68.28413],[16.39894,68.27692],[16.50831,68.25544],[16.55983,68.23282],[16.56275,68.19432],[16.73951,68.1389],[16.80299,68.13227],[16.74928,68.15803],[16.73129,68.1767],[16.64373,68.20173],[16.61215,68.21906],[16.59262,68.23949],[16.60377,68.2558],[16.56739,68.27631],[16.5228,68.28889],[16.41188,68.29877],[16.35776,68.31184],[16.31772,68.32941],[16.26433,68.32429],[16.24122,68.33153],[16.28159,68.34455],[16.2352,68.34512],[16.22006,68.35139],[16.26393,68.36221],[16.35613,68.37092],[16.42286,68.38935],[16.69459,68.40546],[16.80299,68.3793],[16.86988,68.37255],[16.87867,68.35513],[16.82407,68.32404],[16.9948,68.34455],[17.04689,68.36262],[17.12729,68.37287],[17.14503,68.36872],[17.18312,68.33771],[17.19679,68.30048],[17.22381,68.28425],[17.33058,68.2558],[17.31007,68.23225],[17.33058,68.20799],[17.31861,68.17007],[17.334,68.16706],[17.35499,68.17186],[17.36402,68.18354],[17.35206,68.22553],[17.41993,68.23591],[17.38998,68.26683],[17.35222,68.28473],[17.26856,68.31037],[17.22299,68.33959],[17.20606,68.37299],[17.23618,68.37987],[17.25554,68.39301],[17.24789,68.40599],[17.32797,68.40839],[17.49578,68.36506],[17.57691,68.35883],[17.54558,68.37678],[17.36459,68.41348],[17.39527,68.42304],[17.53989,68.42837],[17.70948,68.41181],[17.81666,68.38475],[17.87184,68.39301],[17.81568,68.39728],[17.61215,68.45087],[17.46762,68.44758],[17.54412,68.51854],[17.54656,68.5301],[17.48097,68.52033],[17.43849,68.5065],[17.36459,68.50288],[17.32765,68.49116],[17.2601,68.45523],[17.04664,68.43415],[17.00164,68.44758],[17.08131,68.45824],[17.09718,68.46869],[17.09197,68.48078],[16.98797,68.50967],[16.84864,68.44872],[16.73911,68.45238],[16.66879,68.43838],[16.53484,68.4383],[16.511,68.44131],[16.50074,68.451],[16.49806,68.47321],[16.46461,68.51],[16.48487,68.52896],[16.542,68.54377],[16.60434,68.52888],[16.6211,68.53351],[16.63209,68.54629],[16.62827,68.55085],[16.57325,68.56924],[16.56275,68.59154],[16.57179,68.61213],[16.59702,68.62954],[16.62924,68.64167],[16.69695,68.65054],[16.80983,68.68098],[16.92506,68.69326],[16.9607,68.70454],[16.99293,68.70795],[17.04526,68.67573],[17.0809,68.66401],[17.08351,68.64619],[17.14869,68.63231],[17.18653,68.63874],[17.16993,68.6518],[17.13258,68.65522],[17.10043,68.6695],[17.1006,68.69062],[17.11508,68.69904],[17.20541,68.71137],[17.25017,68.72394],[17.31007,68.70767],[17.37037,68.71113],[17.40366,68.68456],[17.46022,68.66669],[17.57667,68.67414],[17.65561,68.65729],[17.67937,68.66047],[17.62062,68.68134],[17.49448,68.69033],[17.40333,68.74445],[17.37387,68.75031],[17.32358,68.73159],[17.29029,68.73656],[17.23439,68.75605],[17.33326,68.78709],[17.39552,68.79645],[17.46095,68.81538],[17.56479,68.78876],[17.72169,68.77847],[17.78297,68.7486],[17.78289,68.77814],[17.73927,68.79133],[17.64527,68.79707],[17.46762,68.8312],[17.54566,68.84715],[17.60922,68.87149],[17.70737,68.89326],[17.76873,68.87181],[17.82358,68.86831],[17.85133,68.87275],[17.82594,68.89374],[17.70737,68.91376],[17.72096,68.93423],[17.5215,68.91673],[17.45777,68.89981],[17.42612,68.89948],[17.47975,68.94782],[17.5337,68.96084],[17.53598,68.97517],[17.53045,68.98688],[17.48829,68.98884],[17.48829,68.99567],[17.6032,69.06061],[17.65699,69.07811],[17.67937,69.09186],[17.6316,69.10554],[17.65886,69.11689],[17.86899,69.12132],[17.95883,69.14851],[18.02418,69.15567],[18.15235,69.15396],[18.08131,69.16913],[18.07106,69.17756],[18.0796,69.20702],[18.10524,69.22907],[18.07716,69.23713],[18.01629,69.22919],[17.98854,69.23526],[18.00408,69.25015],[18.0031,69.28571],[18.0158,69.30415],[18.04542,69.31745],[18.11256,69.33348],[18.13868,69.35252],[18.13054,69.36933],[18.18035,69.40778],[18.16603,69.42084],[18.17107,69.43366],[18.15577,69.44196],[18.15504,69.45759],[18.24171,69.47606],[18.26336,69.48811],[18.30095,69.48676],[18.32252,69.47895],[18.38234,69.43134],[18.38738,69.42219],[18.36476,69.39151],[18.44752,69.39354],[18.48715,69.38202],[18.50294,69.37006],[18.50929,69.35594],[18.49562,69.29047],[18.51629,69.27611],[18.49855,69.25202],[18.50245,69.23526],[18.53321,69.2779],[18.53834,69.34797],[18.54396,69.35936],[18.56479,69.36465],[18.57976,69.35293],[18.60206,69.30024],[18.6517,69.28824],[18.69166,69.2635],[18.70297,69.26252],[18.70777,69.2768],[18.70314,69.28767],[18.67368,69.30415],[18.68971,69.31786],[18.73504,69.32416],[18.8239,69.32526],[18.86345,69.31932],[18.9297,69.2958],[19.01295,69.28705],[19.01352,69.2993],[18.98854,69.30711],[18.9546,69.32832],[18.66481,69.36933],[18.60662,69.39045],[18.59181,69.42084],[18.57781,69.43134],[18.46664,69.44522],[18.4546,69.45433],[18.46616,69.47382],[18.48878,69.48225],[18.46852,69.50405],[18.47429,69.51642],[18.56471,69.52656],[18.63063,69.541],[18.85271,69.55231],[18.86158,69.5467],[18.86427,69.52192],[18.84449,69.50275],[18.89373,69.49763],[18.91139,69.48184],[18.91676,69.45807],[18.93531,69.44627],[19.00953,69.42829],[19.00318,69.4079],[19.01441,69.39704],[19.14601,69.35252],[19.34742,69.34418],[19.3794,69.32184],[19.3711,69.30012],[19.3506,69.29047],[19.28492,69.27554],[19.21534,69.28156],[19.167,69.26704],[19.1775,69.25348],[19.19663,69.25129],[19.25099,69.27424],[19.26856,69.26618],[19.27231,69.25239],[19.24903,69.24266],[19.30079,69.22403],[19.3366,69.22492],[19.3794,69.24266],[19.4131,69.24018],[19.47722,69.22077],[19.50929,69.22907],[19.44858,69.26032],[19.44093,69.28368],[19.4546,69.3061],[19.44947,69.32486],[19.42954,69.34174],[19.35011,69.3791],[19.29835,69.38581],[19.15626,69.37714],[19.1194,69.38605],[19.08522,69.41401],[19.07789,69.43452],[19.04363,69.44135],[19.00131,69.46434],[18.99269,69.48314],[19.00571,69.50617],[19.0691,69.53327],[19.19484,69.55048],[19.23561,69.52827],[19.26271,69.52326],[19.23325,69.55317],[19.22926,69.56794],[19.14763,69.56489],[19.0534,69.55215],[19.01637,69.53437],[18.99448,69.53962],[18.95802,69.5611],[18.94435,69.6153],[19.08497,69.69343],[19.09832,69.73615],[19.11785,69.74335],[19.20143,69.75332],[19.24903,69.77709],[19.29575,69.7829],[19.44435,69.77709],[19.55877,69.8002],[19.73715,69.81306],[19.78419,69.80439],[19.76938,69.78425],[19.73146,69.75682],[19.73634,69.73957],[19.72869,69.72289],[19.67433,69.68154],[19.72739,69.64216],[19.71518,69.61262],[19.62989,69.52045],[19.62647,69.49592],[19.65016,69.45962],[19.58172,69.43744],[19.53028,69.40034],[19.68849,69.44473],[19.72486,69.51606],[19.70834,69.53071],[19.75685,69.59955],[19.74318,69.61262],[19.92856,69.60517],[20.06023,69.57909],[20.11256,69.58535],[20.03159,69.58832],[19.85776,69.62726],[19.82447,69.68154],[19.82447,69.7119],[19.83644,69.72394],[19.87818,69.74433],[19.87233,69.76341],[19.8895,69.77489],[19.92775,69.78413],[19.94459,69.79418],[19.97788,69.83051],[20.00611,69.84284],[20.00904,69.83487],[20.0027,69.82111],[19.98316,69.7967],[19.96852,69.76341],[20.00701,69.7685],[20.03395,69.79035],[20.07838,69.8454],[20.11476,69.8784],[20.15455,69.93488],[20.16774,69.94221],[20.17066,69.88044],[20.20729,69.85895],[20.20191,69.92422],[20.20769,69.93183],[20.27036,69.96784],[20.29265,69.97101],[20.31495,69.96381],[20.41725,69.89037],[20.4253,69.87718],[20.39991,69.8454],[20.39356,69.80439],[20.36362,69.77855],[20.31861,69.68154],[20.33041,69.66327],[20.38307,69.63467],[20.38258,69.59878],[20.36598,69.58535],[20.29127,69.57355],[20.27418,69.56061],[20.30437,69.54434],[20.28907,69.53791],[20.26954,69.51728],[20.26393,69.50275],[20.27849,69.48517],[20.26686,69.46809],[20.24171,69.45978],[20.21559,69.46865],[20.19158,69.41324],[20.16879,69.3937],[20.11606,69.38288],[20.05787,69.35936],[20.00025,69.34838],[19.98219,69.33894],[20.0027,69.32526],[19.93727,69.2884],[19.91684,69.26927],[19.94801,69.26313],[20.00025,69.28571],[20.07049,69.33601],[20.22535,69.38434],[20.27703,69.39228],[20.35426,69.46809],[20.44109,69.52277],[20.45216,69.55585],[20.48243,69.57787],[20.49733,69.57762],[20.57081,69.54483],[20.64698,69.52119],[20.79152,69.50959],[20.83717,69.49022],[20.85304,69.49592],[20.81218,69.51044],[20.71843,69.52839],[20.68483,69.5478],[20.64763,69.58535],[20.49236,69.62726],[20.48243,69.63687],[20.48829,69.64838],[20.52711,69.6778],[20.54176,69.70539],[20.53517,69.73046],[20.51336,69.74877],[20.48243,69.75601],[20.48243,69.76341],[20.51197,69.76948],[20.64291,69.77265],[20.78517,69.80174],[20.82228,69.8286],[20.82496,69.84154],[20.79152,69.87954],[20.82927,69.88304],[21.05177,69.94473],[21.09254,69.94839],[21.09254,69.94221],[20.98243,69.90404],[20.91896,69.86685],[20.89389,69.85969],[20.89389,69.85285],[20.95509,69.8461],[20.96909,69.83234],[20.95167,69.82978],[20.94109,69.81867],[20.99464,69.7934],[21.02052,69.78815],[21.05095,69.79759],[21.00489,69.81395],[20.99635,69.8249],[21.049,69.83202],[21.06861,69.84268],[21.05836,69.85969],[21.17042,69.87564],[21.18881,69.86957],[21.18051,69.85456],[21.12672,69.81122],[21.17921,69.81949],[21.20655,69.8308],[21.22291,69.8454],[21.20924,69.90746],[21.32594,69.90746],[21.27052,69.92976],[21.20924,69.93476],[21.22527,69.97468],[21.2531,70.003],[21.28989,70.02106],[21.33277,70.03034],[21.39259,70.029],[21.55812,69.98941],[21.55633,69.97517],[21.56967,69.9654],[21.60646,69.95527],[21.57862,69.92792],[21.6089,69.91193],[21.68434,69.89012],[21.75766,69.88288],[21.90455,69.82543],[21.93092,69.80842],[21.94223,69.78734],[21.95729,69.77782],[22.05152,69.74982],[22.03419,69.74307],[21.97706,69.74982],[22.00017,69.74038],[22.06105,69.73338],[22.08627,69.73957],[22.09815,69.74982],[22.09205,69.75764],[22.05893,69.77025],[22.05616,69.79361],[21.91554,69.83857],[21.93702,69.8426],[21.99985,69.83515],[22.01808,69.8454],[22.01197,69.85952],[21.93002,69.87934],[21.92937,69.91047],[21.91359,69.94526],[21.92856,69.96271],[21.9214,69.97675],[21.92856,69.98314],[22.0241,69.9855],[22.03484,69.97944],[22.02475,69.95527],[22.05226,69.93842],[22.06137,69.95669],[22.05152,70.01675],[22.11362,70.02411],[22.11362,70.03034],[21.95086,70.01227],[21.8659,70.01191],[21.79835,70.03718],[21.83888,70.05512],[22.00514,70.06135],[22.08277,70.0965],[22.09441,70.1048],[22.09938,70.12035],[22.00782,70.10236],[21.98601,70.08906],[21.95826,70.08454],[21.8392,70.09243],[21.80502,70.07136],[21.71949,70.06061],[21.68849,70.06513],[21.61329,70.09858],[21.51336,70.0917],[21.48227,70.09858],[21.43897,70.13715],[21.43653,70.1496],[21.49659,70.17495],[21.35816,70.16405],[21.31227,70.16755],[21.28199,70.17626],[21.24684,70.19941],[21.20924,70.20848],[21.27036,70.23859],[21.4393,70.26948],[21.43523,70.25007],[21.44508,70.23786],[21.48976,70.20848],[21.49269,70.24018],[21.51027,70.2569],[21.51173,70.2934],[21.53395,70.31684],[21.55299,70.32103],[21.58595,70.31216],[21.58912,70.2873],[21.61329,70.26992],[21.70948,70.25007],[21.79689,70.20628],[21.81935,70.17495],[21.87403,70.14704],[21.87965,70.16059],[21.86785,70.18867],[21.8589,70.19404],[21.86036,70.2023],[21.87582,70.20954],[21.89454,70.20848],[21.82732,70.22663],[21.80885,70.24018],[21.80568,70.25723],[21.82179,70.26862],[21.98683,70.32343],[22.03159,70.31834],[21.99147,70.29572],[21.9839,70.28425],[22.07203,70.30467],[22.10483,70.30415],[22.10759,70.24531],[22.1172,70.23347],[22.14088,70.23648],[22.15284,70.24653],[22.15317,70.25934],[22.14088,70.28425],[22.26743,70.29511],[22.30584,70.2873],[22.31511,70.27269],[22.3003,70.25511],[22.25758,70.22956],[22.27231,70.21792],[22.29176,70.16755],[22.23707,70.1402],[22.27467,70.13548],[22.40496,70.14704],[22.52475,70.12352],[22.55934,70.12661],[22.50734,70.14672],[22.32594,70.16755],[22.36061,70.21589],[22.37371,70.25007],[22.40065,70.25829],[22.46811,70.25991],[22.51295,70.25373],[22.55397,70.23835],[22.58709,70.24209],[22.60027,70.23648],[22.594,70.22207],[22.60369,70.21849],[22.6753,70.22313],[22.96705,70.20746],[22.9769,70.19888],[22.97055,70.18936],[22.8602,70.12621],[22.83668,70.12035],[22.73609,70.102],[22.5525,70.0856],[22.43458,70.08894],[22.39234,70.06782],[22.28492,70.04401],[22.3318,70.04043],[22.39503,70.0611],[22.64763,70.07567],[22.71372,70.09528],[22.8672,70.10602],[22.97853,70.14541],[23.01856,70.14704],[23.0027,70.11441],[22.99806,70.08218],[23.00115,70.06586],[23.02003,70.03807],[23.03224,70.03034],[23.11508,70.04304],[23.12843,70.03376],[23.1198,69.99897],[23.12436,69.98794],[23.14894,69.97574],[23.1233,69.96088],[23.09441,69.95527],[23.1255,69.9444],[23.28346,69.99339],[23.31414,69.99653],[23.33904,69.97773],[23.30958,69.94977],[23.32984,69.94839],[23.42058,69.97809],[23.4673,69.98579],[23.48463,70.00633],[23.53932,70.02411],[23.48854,70.03417],[23.29689,70.03978],[23.17555,70.09243],[23.22779,70.09764],[23.27565,70.11164],[23.35776,70.1153],[23.37924,70.12324],[23.40211,70.1402],[23.29908,70.16755],[23.32765,70.17536],[23.40309,70.18081],[23.42205,70.19546],[23.32862,70.19306],[23.28077,70.19847],[23.24391,70.21589],[23.27573,70.22504],[23.48764,70.23554],[23.50343,70.23753],[23.50514,70.24384],[23.53191,70.24384],[23.47047,70.25601],[23.29225,70.24384],[23.31284,70.25699],[23.39943,70.27863],[23.57081,70.29068],[23.61443,70.30467],[23.51197,70.29784],[23.54615,70.32514],[23.48276,70.3155],[23.46363,70.31834],[23.48227,70.33027],[23.51319,70.36555],[23.59059,70.38671],[23.64234,70.41112],[23.75099,70.44872],[23.84034,70.49706],[23.91798,70.50943],[24.18629,70.49396],[24.29802,70.47484],[24.35027,70.45624],[24.35743,70.46279],[24.35532,70.47199],[24.3152,70.4831],[24.23146,70.52383],[24.10271,70.54141],[24.26433,70.60627],[24.27231,70.61319],[24.28224,70.65754],[24.35239,70.69098],[24.40886,70.68146],[24.47771,70.6833],[24.64698,70.61799],[24.688,70.61432],[24.72348,70.62104],[24.73854,70.64423],[24.72486,70.66523],[24.66163,70.68818],[24.64226,70.70258],[24.65593,70.70938],[24.58815,70.72191],[24.5324,70.75039],[24.29233,70.76411],[24.26588,70.76992],[24.24513,70.78449],[24.26808,70.80024],[24.26938,70.83845],[24.39576,70.86689],[24.41627,70.85277],[24.40886,70.84593],[24.46583,70.83446],[24.46412,70.81802],[24.52027,70.81159],[24.57399,70.79877],[24.61606,70.77973],[24.63543,70.77977],[24.64967,70.79877],[24.62908,70.81558],[24.60076,70.82543],[24.61329,70.85936],[24.62867,70.8664],[24.7103,70.85904],[24.72486,70.87324],[24.63754,70.89395],[24.60816,70.89436],[24.62867,70.90803],[24.59474,70.91812],[24.57399,70.93529],[24.61305,70.9475],[24.65593,70.94961],[24.58766,70.96259],[24.60865,70.97053],[24.66603,70.97769],[24.78289,70.96597],[24.80714,70.94721],[24.84742,70.93871],[24.8602,70.92837],[24.82049,70.90803],[24.98487,70.91425],[24.96811,70.92984],[24.98797,70.95816],[24.9712,70.96259],[24.9935,70.97207],[25.03346,70.97134],[25.06284,70.95759],[25.05323,70.92788],[24.98894,70.8913],[24.91603,70.87324],[24.93295,70.86762],[24.97136,70.87617],[25.00473,70.86164],[25.06739,70.85277],[25.06715,70.87303],[25.07602,70.88434],[25.1115,70.90933],[25.14259,70.9217],[25.15358,70.9195],[25.24187,70.86237],[25.26612,70.82543],[25.24562,70.79133],[25.26686,70.79426],[25.29477,70.81342],[25.34156,70.81244],[25.39226,70.88443],[25.39666,70.9007],[25.36061,70.92561],[25.34181,70.9527],[25.365,70.97614],[25.41822,70.96455],[25.53598,70.92292],[25.53728,70.91128],[25.51246,70.88691],[25.42311,70.85961],[25.44166,70.8415],[25.46567,70.84406],[25.51246,70.86982],[25.53883,70.8544],[25.5534,70.85277],[25.58888,70.88068],[25.66261,70.89533],[25.70574,70.89557],[25.75611,70.85961],[25.79054,70.88068],[25.85304,70.89403],[25.8816,70.8957],[25.91871,70.87287],[25.92514,70.8559],[25.89576,70.84955],[25.86866,70.83544],[25.82521,70.82746],[25.75327,70.78449],[25.72609,70.77546],[25.62916,70.76398],[25.6565,70.73603],[25.62013,70.71231],[25.55991,70.69904],[25.51246,70.67121],[25.44679,70.66193],[25.42799,70.6424],[25.35377,70.60716],[25.28712,70.59272],[25.23927,70.56476],[25.10109,70.5231],[25.07358,70.50332],[25.24594,70.5279],[25.28712,70.51073],[25.24252,70.48664],[25.05991,70.48965],[25.0975,70.47134],[25.24334,70.47842],[25.28712,70.45612],[25.26743,70.456],[25.2518,70.44806],[25.24594,70.43464],[25.26401,70.40534],[25.26466,70.39301],[25.2566,70.38638],[25.19777,70.40038],[25.15659,70.39395],[25.08106,70.35932],[25.13575,70.35309],[25.10548,70.33625],[25.10475,70.32534],[25.12208,70.31834],[25.18678,70.33934],[25.20395,70.33198],[25.20875,70.31672],[25.20134,70.30707],[24.97983,70.22944],[24.96469,70.19135],[24.97022,70.17682],[24.94679,70.15762],[24.94337,70.10236],[24.96339,70.08039],[25.00424,70.06403],[25.03712,70.06436],[25.03338,70.09243],[25.00603,70.1186],[25.01222,70.13398],[25.02752,70.14281],[25.09474,70.15388],[25.07358,70.12661],[25.12224,70.13227],[25.13575,70.12661],[25.09034,70.1166],[25.08106,70.10602],[25.11378,70.08246],[25.15943,70.08088],[25.2527,70.1013],[25.32439,70.18244],[25.39479,70.19969],[25.42954,70.22223],[25.45053,70.2495],[25.5171,70.2779],[25.54038,70.29784],[25.51726,70.31135],[25.42311,70.32514],[25.44109,70.34223],[25.65642,70.44062],[25.86915,70.56419],[25.92742,70.5764],[25.99057,70.60651],[26.01222,70.62621],[26.07081,70.71247],[26.1364,70.72305],[26.16359,70.7578],[26.25538,70.79743],[26.37428,70.86848],[26.61362,70.94912],[26.69117,70.9558],[26.6775,70.94213],[26.72535,70.92788],[26.71925,70.91616],[26.73276,70.89777],[26.73015,70.88788],[26.70826,70.86982],[26.66912,70.85961],[26.66383,70.84931],[26.66586,70.83804],[26.67994,70.82665],[26.73601,70.83861],[26.74578,70.83226],[26.74431,70.82347],[26.71909,70.805],[26.69158,70.77294],[26.68531,70.75458],[26.69117,70.73603],[26.64047,70.70661],[26.34164,70.64794],[26.37534,70.63837],[26.49936,70.66096],[26.53745,70.66185],[26.62306,70.65192],[26.65699,70.64053],[26.60182,70.55854],[26.60629,70.54438],[26.5608,70.51765],[26.55844,70.50414],[26.58131,70.47663],[26.52133,70.44839],[26.51303,70.43159],[26.52662,70.4077],[26.50587,70.36286],[26.55388,70.35309],[26.56764,70.35619],[26.59498,70.37979],[26.64959,70.37979],[26.63103,70.40111],[26.63445,70.41303],[26.66228,70.42642],[26.69272,70.42023],[26.7531,70.42731],[26.78053,70.43842],[26.79933,70.45466],[26.81227,70.47993],[26.94508,70.48286],[26.93149,70.46646],[26.94825,70.46247],[27.05128,70.47606],[27.10206,70.46979],[27.05437,70.48286],[27.02703,70.50332],[26.97609,70.52741],[26.96608,70.53807],[26.9909,70.54377],[27.00709,70.55854],[26.97291,70.56538],[27.0215,70.59894],[27.0809,70.61319],[27.11638,70.59951],[27.17107,70.59951],[27.26661,70.58527],[27.23512,70.60171],[27.12989,70.62621],[27.09986,70.6411],[27.10532,70.65575],[27.15675,70.68146],[27.0809,70.70258],[27.11061,70.72871],[27.13982,70.74063],[27.28696,70.74356],[27.31666,70.73896],[27.32944,70.74331],[27.3423,70.7578],[27.29371,70.7639],[27.28045,70.77473],[27.31088,70.81818],[27.32399,70.82363],[27.62965,70.805],[27.48015,70.82543],[27.48015,70.83226],[27.49537,70.83173],[27.53403,70.84593],[27.50001,70.8664],[27.47047,70.86595],[27.45346,70.87934],[27.39129,70.87637],[27.38331,70.88377],[27.38689,70.89167],[27.41049,70.91425],[27.35581,70.88691],[27.33513,70.88402],[27.19093,70.89496],[27.12257,70.9217],[27.1338,70.95002],[27.14869,70.96385],[27.17115,70.96686],[27.34897,70.94213],[27.33131,70.96076],[27.30787,70.9726],[27.23243,70.99677],[27.22169,71.01895],[27.25318,71.02631],[27.47641,71.00666],[27.50001,70.99364],[27.50856,70.96857],[27.52931,70.95547],[27.55421,70.95527],[27.57553,70.96882],[27.5643,70.99445],[27.58253,71.01728],[27.53305,71.02875],[27.52459,71.07441],[27.53403,71.08613],[27.5687,71.09723],[27.64234,71.09544],[27.65016,71.1271],[27.71551,71.10423],[27.72462,71.0904],[27.69801,71.06566],[27.72169,71.05972],[27.78785,71.05948],[27.87672,71.03775],[27.96363,71.04662],[27.99903,71.06582],[28.04322,71.07099],[28.0617,71.06566],[28.06397,71.04995],[28.08106,71.04096],[28.14519,71.07404],[28.19142,71.08613],[28.23276,71.07803],[28.25245,71.06843],[28.261,71.05573],[28.25229,71.03937],[28.21193,71.02778],[28.1989,71.01728],[28.21925,71.01728],[28.19996,71.01118],[28.18523,70.99677],[28.23976,71.01105],[28.22633,70.99282],[28.20509,70.9831],[28.23308,70.97704],[28.34343,71.00422],[28.49147,70.99982],[28.54607,70.97993],[28.54884,70.9726],[28.52931,70.93919],[28.50571,70.91987],[28.48316,70.88947],[28.44321,70.88394],[28.36948,70.88691],[28.38356,70.87499],[28.44516,70.8664],[28.39747,70.84711],[28.34343,70.84593],[28.34343,70.83975],[28.36329,70.82543],[28.22543,70.83226],[28.30128,70.81244],[28.26588,70.79499],[28.1797,70.78286],[28.13738,70.78449],[28.0617,70.79877],[28.02312,70.79291],[28.00953,70.79613],[28.01384,70.81244],[27.99879,70.81574],[27.95069,70.79776],[27.76002,70.79133],[27.77638,70.78148],[27.8283,70.77082],[27.78248,70.75519],[27.77369,70.74356],[27.89967,70.76821],[27.98683,70.75702],[28.00668,70.74286],[28.08082,70.74567],[28.13054,70.73603],[28.07244,70.70327],[27.93344,70.68708],[27.86988,70.66779],[27.87672,70.66096],[27.79314,70.63679],[27.65016,70.60635],[27.79469,70.61367],[28.15382,70.67792],[28.25343,70.71638],[28.28338,70.71849],[28.30128,70.70258],[28.28785,70.65375],[28.23316,70.61518],[28.16652,70.58747],[28.05795,70.55541],[27.9944,70.52652],[27.91188,70.51162],[27.87379,70.4986],[27.84938,70.48286],[27.86997,70.45856],[27.88356,70.42821],[27.91456,70.47321],[27.945,70.48916],[27.97975,70.49706],[27.93816,70.46979],[28.0586,70.49299],[28.18523,70.50332],[28.08009,70.47712],[28.05177,70.45954],[28.04086,70.44477],[28.08766,70.45148],[28.13054,70.46979],[28.10402,70.45433],[28.10759,70.44571],[28.12713,70.44184],[28.17775,70.47663],[28.25294,70.51008],[28.29363,70.51797],[28.3353,70.51765],[28.32211,70.49698],[28.26401,70.46638],[28.16065,70.3828],[28.15846,70.36811],[28.17335,70.33295],[28.15724,70.28425],[28.15789,70.2473],[28.17791,70.18228],[28.17775,70.15388],[28.16725,70.13548],[28.09978,70.08812],[28.03989,70.07127],[28.01384,70.07136],[28.06625,70.06318],[28.1281,70.08161],[28.18393,70.11555],[28.21925,70.15388],[28.22543,70.17402],[28.1989,70.21589],[28.20436,70.2458],[28.19142,70.28425],[28.19557,70.30158],[28.22543,70.34565],[28.23268,70.39911],[28.25815,70.42097],[28.32081,70.43891],[28.32911,70.46979],[28.35336,70.48379],[28.39039,70.49335],[28.42897,70.49604],[28.45883,70.48965],[28.45623,70.47199],[28.46925,70.45515],[28.48927,70.44526],[28.50734,70.44872],[28.51173,70.45799],[28.5005,70.48286],[28.52573,70.49787],[28.55502,70.50332],[28.55502,70.51073],[28.45883,70.51765],[28.39747,70.54829],[28.4017,70.55899],[28.47926,70.62621],[28.49342,70.65803],[28.51686,70.67817],[28.61354,70.67381],[28.62029,70.67829],[28.61036,70.68891],[28.5407,70.70893],[28.52622,70.72175],[28.55502,70.75039],[28.64308,70.78925],[28.7256,70.84894],[28.79469,70.87324],[29.08269,70.88068],[29.1045,70.87303],[29.06227,70.8664],[29.06227,70.85961],[29.22136,70.85541],[29.2614,70.83975],[29.26482,70.81517],[29.2824,70.80512],[29.3812,70.79291],[29.4048,70.78449],[29.38054,70.76944],[29.29493,70.74356],[29.32211,70.73493],[29.41782,70.73603],[29.37257,70.72386],[29.32228,70.72305],[29.33774,70.70844],[29.36378,70.70938],[29.3519,70.6953],[29.28142,70.68146],[29.29493,70.67463],[29.28142,70.66096],[29.30641,70.6529],[29.32887,70.65998],[29.36997,70.68891],[29.3921,70.69733],[29.51775,70.70588],[29.69956,70.74372],[29.74578,70.74274],[29.77898,70.72655],[29.7815,70.68891],[29.76197,70.6645],[29.70265,70.63959],[29.67921,70.62002],[29.82309,70.63369],[29.83953,70.63939],[29.87037,70.66437],[29.95916,70.70466],[29.99383,70.71308],[30.06959,70.71556],[30.10475,70.71076],[30.2068,70.68146],[30.18605,70.6647],[30.09693,70.64794],[30.13071,70.63882],[30.2409,70.63369],[30.33693,70.60615],[30.34734,70.59614],[30.32691,70.58491],[30.26466,70.56977],[30.12477,70.5517],[30.12477,70.54487],[30.15984,70.54145],[30.16521,70.53124],[30.04135,70.54438],[30.00074,70.54487],[30.00074,70.53807],[30.1631,70.5246],[30.45631,70.56122],[30.50164,70.55854],[30.5818,70.54218],[30.59913,70.52977],[30.56235,70.51765],[30.73194,70.46817],[30.74122,70.44184],[30.78663,70.42064],[30.81235,70.4147],[30.83741,70.43171],[30.92604,70.45612],[30.94695,70.45002],[30.9734,70.42121],[31.00563,70.409],[31.06332,70.36677],[31.01938,70.33991],[31.02174,70.32514],[31.06642,70.30048],[31.077,70.28425],[31.04119,70.28486],[30.9336,70.26374],[30.54884,70.24868],[30.51515,70.23908],[30.51466,70.21589],[30.48894,70.20307],[30.39861,70.19546],[30.37485,70.18586],[30.35776,70.17324],[30.35743,70.16128],[30.38429,70.15388],[30.35524,70.12971],[30.31707,70.11738],[30.11948,70.08491],[30.11793,70.07807],[30.15895,70.07136],[29.22047,70.12035],[29.22674,70.12035],[28.65366,70.18232],[28.61655,70.17691],[28.59669,70.16132],[28.75367,70.16755],[28.73259,70.14932],[28.69011,70.1341],[28.61036,70.12035],[28.6294,70.10712],[28.66481,70.1],[28.73268,70.09858],[28.7741,70.1114],[28.84995,70.09858],[28.84995,70.09243],[28.75904,70.09357],[28.73268,70.0856],[28.92408,70.07388],[28.99334,70.05585],[29.13795,70.0576],[29.12428,70.04401],[29.18312,70.0434],[29.19256,70.03718],[29.13038,70.01675],[29.15838,70.00922],[29.34343,70.01675],[29.38941,70.00487],[29.68588,69.96955],[29.44011,69.90082],[29.39829,69.86957],[29.36378,69.85969],[29.41326,69.85692],[29.4358,69.86237],[29.47145,69.88784],[29.53517,69.91425],[29.56365,69.91303],[29.60434,69.90127],[29.62989,69.90705],[29.66725,69.90135],[29.71437,69.91364],[29.74122,69.90746],[29.73162,69.89444],[29.74627,69.87743],[29.74122,69.86587],[29.7754,69.83857],[29.75538,69.82884],[29.73699,69.80292],[29.64926,69.77192],[29.64503,69.75601],[29.62485,69.7541],[29.58969,69.72248],[29.50799,69.70881],[29.54347,69.70832],[29.48731,69.66108],[29.5215,69.66844],[29.56723,69.69489],[29.68002,69.73542],[29.82097,69.74396],[29.90162,69.73631],[30.03045,69.77595],[30.06275,69.77025],[30.04347,69.76142],[30.00099,69.72557],[29.9367,69.70576],[29.9393,69.68773],[29.95232,69.70523],[30.02858,69.72248],[30.07114,69.73994],[30.08082,69.73867],[30.11451,69.7062],[30.17514,69.68635],[30.18629,69.68773],[30.188,69.69571],[30.11061,69.75601],[30.18897,69.76252],[30.2068,69.77025],[30.209,69.78441],[30.15895,69.81122],[30.16798,69.84663],[30.16521,69.87954],[30.2409,69.87954],[30.28924,69.88654],[30.32399,69.86713],[30.31821,69.85928],[30.26881,69.8454],[30.29949,69.8382],[30.37184,69.8476],[30.39861,69.83857],[30.4026,69.83124],[30.41228,69.7805],[30.40984,69.7023],[30.38819,69.68036],[30.33709,69.67406],[30.3602,69.66747],[30.44353,69.67841],[30.45248,69.71503],[30.44744,69.73334],[30.46209,69.73774],[30.46656,69.74702],[30.45183,69.78168],[30.45997,69.79076],[30.45069,69.81029],[30.48292,69.81818],[30.69874,69.80854],[30.72055,69.79759],[30.70672,69.79279],[30.70037,69.78343],[30.70314,69.7744],[30.71697,69.77025],[30.84099,69.80585],[31.03224,69.77709],[31.13331,69.7757],[31.21412,69.75601],[31.26157,69.76341],[31.28346,69.76032],[31.40903,69.71581],[31.40138,69.68769],[31.36793,69.67137],[31.36158,69.65046],[31.29672,69.61262],[31.32569,69.61494],[31.45216,69.68891],[31.47779,69.69766],[31.52068,69.68867],[31.55681,69.70197],[31.81056,69.68773],[31.79762,69.70449],[31.7212,69.72557],[31.70086,69.73656],[31.69907,69.74429],[31.72804,69.77025],[31.70883,69.80858],[31.71095,69.82738],[31.72804,69.8454],[31.75367,69.85407],[31.86793,69.84854],[31.90675,69.82925],[31.96404,69.8166],[32.02906,69.78197],[32.05698,69.77709],[32.07635,69.78876],[32.09889,69.7919],[32.09181,69.81562],[32.05047,69.84199],[31.98129,69.87328],[31.98129,69.90062],[31.91831,69.92646],[31.91334,69.93618],[31.92319,69.95181],[31.94215,69.96503],[31.96241,69.96992],[32.05445,69.96377],[32.26726,69.87629],[32.35808,69.87954],[32.48829,69.8509],[32.5232,69.83234],[32.50359,69.82087],[32.50668,69.81098],[32.5232,69.80317],[32.62468,69.78278],[32.72731,69.7919],[32.91961,69.78002],[33.0,69.76011]],[[33.0,69.61005],[32.87176,69.58251],[32.50196,69.63312],[32.43727,69.65009],[32.37062,69.64008],[32.16969,69.65485],[32.15943,69.66108],[32.15968,69.66771],[32.17368,69.68154],[32.18043,69.71475],[32.16245,69.74144],[32.13014,69.75601],[32.11166,69.75288],[32.10743,69.74604],[32.11915,69.70848],[32.10157,69.67398],[32.05982,69.65949],[31.96827,69.6542],[32.05592,69.63654],[32.06381,69.61945],[32.05193,69.60431],[32.01612,69.58023],[32.01612,69.56419],[32.07472,69.59077],[32.13331,69.59821],[32.28826,69.57429],[32.3991,69.58422],[32.42848,69.57416],[32.43385,69.56419],[32.3921,69.53685],[32.42091,69.5362],[32.50196,69.51704],[32.48585,69.50348],[32.42018,69.50275],[32.38168,69.47309],[32.36525,69.46865],[32.32276,69.46235],[32.23846,69.43696],[32.19361,69.43452],[32.23805,69.42231],[32.2894,69.43073],[32.386,69.46182],[32.4201,69.46459],[32.4546,69.49286],[32.5276,69.48932],[32.53688,69.50959],[32.60377,69.4842],[32.64389,69.49799],[32.68702,69.50275],[32.79005,69.48969],[32.8777,69.49112],[32.89926,69.48225],[32.79249,69.44253],[32.76954,69.41401],[32.89308,69.46182],[33.0,69.47478]],[[33.0,69.43385],[32.86183,69.36522],[32.83774,69.33145],[32.80372,69.30415],[32.8235,69.30121],[32.85483,69.3111],[32.88917,69.31192],[32.95314,69.37751],[33.0,69.3953]],[[33.0,66.90432],[32.84327,66.97626],[32.80486,67.01032],[32.79819,67.03046],[32.80226,67.04906],[32.81739,67.06342],[32.85385,67.07453],[32.93279,67.07978],[32.96876,67.09077],[32.92994,67.1],[32.77223,67.093],[32.63551,67.13288],[32.45444,67.13496],[32.38258,67.15965],[32.32537,67.15933],[32.24968,67.14472],[32.1902,67.15282],[32.07407,67.14159],[31.91049,67.16828],[31.8777,67.16478],[31.85092,67.15282],[31.92661,67.15282],[31.91293,67.1249],[32.09278,67.12035],[32.20484,67.13447],[32.23455,67.13296],[32.26197,67.12499],[32.30397,67.0976],[32.34498,67.08417],[32.35808,67.07026],[32.32455,67.07803],[32.28981,67.0777],[32.31414,67.06025],[32.41863,67.05439],[32.50327,67.03046],[32.54982,67.00007],[32.55698,66.989],[32.55152,66.97651],[32.53346,66.95698],[32.50668,66.94892],[32.3921,66.95356],[32.41774,66.94636],[32.47242,66.94514],[32.49586,66.93309],[32.47535,66.92695],[32.47828,66.90998],[32.46217,66.90013],[32.42018,66.89216],[32.42018,66.88593],[32.54542,66.883],[32.59148,66.85798],[32.6526,66.84162],[32.67604,66.82836],[32.66651,66.80956],[32.70509,66.79637],[32.89096,66.78156],[32.91578,66.76878],[32.93474,66.74193],[32.9192,66.73676],[32.81202,66.73574],[32.76954,66.74193],[32.97462,66.69111],[33.0,66.69127]],[[33.0,66.59534],[32.93816,66.60301],[32.86525,66.59797],[32.90138,66.57477],[33.0,66.57578]],[[33.0,66.54314],[32.96876,66.54043],[32.94093,66.52847],[33.0,66.51094]]]}},{"type":"Feature","properties":{"layer":"coastline"},"geometry":{"type":"LineString","coordinates":[[5.16315,53.0],[5.31276,53.08283],[5.37924,53.09736],[5.39975,53.12206],[5.42709,53.19033],[5.44744,53.22089],[5.50424,53.25702],[5.54103,53.26659],[5.59156,53.3028],[5.65968,53.31196],[5.69459,53.33006],[5.98081,53.40607],[6.27394,53.41266],[6.31153,53.39899],[6.34555,53.41266],[6.49439,53.43871],[6.73024,53.46064],[6.82911,53.45059],[6.86687,53.43427],[6.90056,53.35179],[6.94858,53.32608],[7.02003,53.30614],[7.03777,53.30964],[7.05828,53.30195],[7.08546,53.30964],[7.08546,53.3028],[7.0735,53.29564],[7.08074,53.26679],[7.11109,53.25633],[7.19459,53.24502],[7.21583,53.2556],[7.23357,53.27363],[7.23699,53.28555],[7.2295,53.29658],[7.25473,53.31952],[7.29152,53.32392],[7.36655,53.3028],[7.34254,53.32404],[7.30291,53.33275],[7.07521,53.33759],[7.03826,53.34858],[7.02361,53.37641],[7.02328,53.45051],[7.05974,53.52172],[7.11964,53.5163],[7.14177,53.53718],[7.13999,53.54979],[7.13111,53.55695],[7.08888,53.57372],[7.08676,53.58686],[7.22609,53.66649],[7.30502,53.6848],[7.45883,53.69514],[7.48024,53.68203],[7.50392,53.67866],[7.65138,53.69697],[7.95143,53.72191],[8.03142,53.70808],[8.02491,53.67255],[8.05291,53.6363],[8.09409,53.60472],[8.12762,53.59077],[8.11915,53.57193],[8.15675,53.56367],[8.16798,53.55321],[8.16489,53.53522],[8.15545,53.52603],[8.11573,53.51073],[8.05877,53.50202],[8.077,53.46869],[8.09978,53.44741],[8.12387,53.45401],[8.15235,53.44977],[8.1867,53.42951],[8.20533,53.41071],[8.2365,53.40672],[8.25945,53.4123],[8.29282,53.4405],[8.31512,53.47492],[8.32049,53.50922],[8.29152,53.52936],[8.23121,53.52521],[8.24887,53.59028],[8.27068,53.61286],[8.32936,53.61811],[8.34848,53.61286],[8.38771,53.57713],[8.42807,53.56477],[8.51344,53.55476],[8.55209,53.54361],[8.55209,53.5362],[8.5062,53.50796],[8.49,53.4864],[8.4839,53.45734],[8.48504,53.40119],[8.4909,53.37645],[8.50441,53.35806],[8.50733,53.3828],[8.49757,53.47476],[8.51287,53.49649],[8.55665,53.51821],[8.56577,53.5467],[8.50831,53.62515],[8.48707,53.66694],[8.4861,53.70043],[8.52963,53.7707],[8.57325,53.85765],[8.60711,53.88154],[8.65187,53.89248],[8.68458,53.88849],[8.74464,53.85415],[8.78248,53.84248],[8.86069,53.831],[8.97625,53.84243],[9.01629,53.84052],[9.035,53.85358],[9.11451,53.86514],[9.19361,53.86469],[9.2107,53.87197],[9.22429,53.86591],[9.27467,53.86514],[9.30535,53.84455],[9.40268,53.74242],[9.48471,53.69009],[9.49838,53.65986],[9.56707,53.5996],[9.60092,53.58633],[9.63722,53.581],[9.69662,53.55663],[9.81902,53.54035],[9.83204,53.54361],[9.81959,53.55663],[9.78207,53.56973],[9.69239,53.57591],[9.58367,53.61245],[9.55079,53.63459],[9.53224,53.71117],[9.4358,53.74868],[9.41245,53.77875],[9.39666,53.81102],[9.39519,53.831],[9.35873,53.83955],[9.25782,53.88556],[9.09343,53.89248],[9.02996,53.90713],[9.00782,53.89248],[8.98463,53.89704],[8.94947,53.91291],[8.91603,53.9374],[8.83334,54.03644],[8.89064,54.0478],[8.97535,54.02408],[8.99724,54.03022],[9.01303,54.06098],[9.01832,54.09789],[8.97446,54.12808],[8.97731,54.1457],[8.95289,54.15009],[8.91798,54.14631],[8.86069,54.12519],[8.81284,54.18049],[8.84669,54.23355],[8.83961,54.25556],[8.92205,54.27424],[8.96315,54.31761],[8.94028,54.31501],[8.88111,54.29027],[8.88795,54.30394],[8.77467,54.29027],[8.73894,54.29389],[8.67848,54.26919],[8.65187,54.27485],[8.62338,54.29011],[8.60271,54.31208],[8.59986,54.33808],[8.61402,54.34837],[8.69557,54.35859],[8.69557,54.36542],[8.65065,54.378],[8.63478,54.36542],[8.62623,54.37641],[8.62916,54.38768],[8.64845,54.4064],[8.66977,54.40082],[8.75082,54.4138],[8.88608,54.41779],[9.00473,54.46589],[9.01157,54.50633],[8.9861,54.52928],[8.90447,54.58063],[8.87875,54.60651],[8.82586,54.59813],[8.81902,54.60562],[8.85328,54.61929],[8.80543,54.68757],[8.68873,54.7353],[8.69435,54.76024],[8.64845,54.81786],[8.64275,54.84418],[8.66879,54.91352],[8.66139,54.92032],[8.67482,54.94794],[8.64096,55.02338],[8.64479,55.05573],[8.6819,55.1332],[8.56365,55.14338],[8.55738,55.09638],[8.49936,55.06558],[8.4839,55.06761],[8.47022,55.0786],[8.45883,55.10346],[8.47022,55.17756],[8.48894,55.19717],[8.53053,55.20075],[8.5726,55.19367],[8.59376,55.18098],[8.56951,55.17377],[8.55209,55.16055],[8.55519,55.14936],[8.66928,55.13691],[8.68946,55.14159],[8.68718,55.16059],[8.66879,55.19465],[8.65593,55.23749],[8.64845,55.28026],[8.65935,55.30581],[8.65968,55.32722],[8.63209,55.41877],[8.61769,55.43793],[8.59254,55.44929],[8.44191,55.46393],[8.40113,55.48566],[8.31039,55.56269],[8.31121,55.56977],[8.33237,55.57201],[8.33237,55.57827],[8.31316,55.58271],[8.26783,55.58051],[8.2505,55.57201],[8.23902,55.55793],[8.24203,55.54853],[8.27174,55.53046],[8.24366,55.51679],[8.29396,55.50434],[8.31674,55.48941],[8.32618,55.47211],[8.31332,55.46931],[8.19361,55.52595],[8.11061,55.54023],[8.09522,55.54906],[8.094,55.56391],[8.15024,55.64924],[8.18165,55.72907],[8.18336,55.7696],[8.12778,55.98762],[8.13673,55.98859],[8.15056,55.97704],[8.17547,55.90034],[8.19337,55.87385],[8.19361,55.85322],[8.18165,55.82836],[8.18507,55.81464],[8.19361,55.81184],[8.34783,55.86933],[8.38771,55.89289],[8.39332,55.90917],[8.37289,55.94343],[8.31951,55.98603],[8.31951,56.01703],[8.30812,56.05292],[8.2824,56.07587],[8.24773,56.08983],[8.14967,56.11115],[8.14064,56.10273],[8.14161,56.06],[8.1338,56.01703],[8.13746,56.00039],[8.13478,55.99396],[8.11598,56.00186],[8.10792,56.02432],[8.10336,56.09687],[8.1338,56.20547],[8.12241,56.55166],[8.1338,56.58564],[8.17872,56.67207],[8.21388,56.71182],[8.23316,56.69546],[8.23243,56.68838],[8.20216,56.6402],[8.23316,56.63398],[8.25392,56.60611],[8.30592,56.59781],[8.29152,56.593],[8.29835,56.5583],[8.3152,56.55687],[8.31202,56.5788],[8.3921,56.58527],[8.43653,56.58023],[8.51466,56.54466],[8.52849,56.54816],[8.56577,56.5788],[8.59604,56.53181],[8.59457,56.51048],[8.60108,56.50113],[8.63697,56.47972],[8.66554,56.4759],[8.72657,56.48322],[8.74203,56.49775],[8.75082,56.55207],[8.76254,56.56338],[8.75758,56.57197],[8.70899,56.58857],[8.6985,56.61123],[8.68149,56.61628],[8.6819,56.62653],[8.69516,56.63325],[8.7409,56.63495],[8.80543,56.69546],[8.86158,56.70746],[8.91676,56.70881],[8.84083,56.72236],[8.85011,56.74018],[8.87664,56.76431],[8.95574,56.80297],[9.0149,56.79784],[9.04558,56.8122],[9.06316,56.81257],[9.10597,56.80012],[9.12045,56.76459],[9.16285,56.72964],[9.17604,56.70856],[9.1482,56.70474],[9.11883,56.67878],[9.09343,56.67499],[9.0975,56.65843],[9.05934,56.63398],[9.04884,56.60716],[9.05299,56.57538],[9.06056,56.56574],[9.077,56.56737],[9.09343,56.57807],[9.10678,56.61078],[9.15545,56.61294],[9.14112,56.62604],[9.12135,56.62035],[9.14861,56.66132],[9.15545,56.66132],[9.14943,56.63886],[9.27622,56.63296],[9.28533,56.62035],[9.2824,56.61054],[9.25034,56.5788],[9.26124,56.57636],[9.27084,56.5583],[9.30568,56.54466],[9.31642,56.53083],[9.32618,56.53034],[9.34669,56.55207],[9.36085,56.54474],[9.37306,56.55272],[9.37273,56.56538],[9.35035,56.57197],[9.31284,56.55777],[9.29371,56.56102],[9.30063,56.60912],[9.32602,56.66942],[9.30568,56.69546],[9.2907,56.70384],[9.27084,56.70234],[9.19907,56.67658],[9.17791,56.67585],[9.16912,56.68867],[9.18035,56.70075],[9.22641,56.71625],[9.24252,56.74706],[9.24049,56.75397],[9.21551,56.75886],[9.19654,56.77045],[9.17498,56.80606],[9.17604,56.81843],[9.21144,56.85151],[9.21062,56.8631],[9.19956,56.87983],[9.16285,56.89411],[9.20021,56.93891],[9.25147,56.97256],[9.27996,56.9798],[9.28875,56.99714],[9.43702,57.0244],[9.47006,57.02383],[9.58676,56.99714],[9.58676,56.98969],[9.57399,56.98501],[9.57309,56.97883],[9.59425,56.96918],[9.60792,56.96988],[9.68897,57.03913],[9.76124,57.05858],[9.80909,57.05174],[9.91578,57.05858],[9.85662,57.08869],[9.79566,57.10639],[9.73325,57.0668],[9.71193,57.06126],[9.67514,57.07917],[9.58082,57.0493],[9.49399,57.04857],[9.24537,57.00235],[9.11451,57.05858],[9.12086,57.0454],[9.1128,57.03864],[9.04265,57.01773],[9.02573,57.01756],[9.03199,57.02383],[9.01401,57.03018],[8.99676,57.02806],[8.96315,57.0102],[8.94695,57.01118],[8.90162,56.98627],[8.89308,56.99966],[8.85043,57.00348],[8.83334,56.99714],[8.84799,56.98847],[8.8117,56.96988],[8.76206,56.95547],[8.72641,56.96125],[8.67953,56.95254],[8.66879,56.9453],[8.66334,56.92593],[8.6211,56.89411],[8.60792,56.84968],[8.56959,56.81843],[8.53631,56.81452],[8.49138,56.79426],[8.4839,56.78115],[8.49147,56.73139],[8.47641,56.72215],[8.47641,56.71597],[8.52556,56.71597],[8.53305,56.7038],[8.52703,56.6953],[8.50099,56.68867],[8.45289,56.70234],[8.40821,56.68867],[8.40821,56.68122],[8.4559,56.68867],[8.50099,56.67499],[8.57154,56.69196],[8.58627,56.68867],[8.58627,56.65388],[8.60808,56.63105],[8.58302,56.60932],[8.54664,56.60171],[8.55958,56.593],[8.53932,56.59276],[8.51149,56.607],[8.48699,56.62531],[8.4673,56.65205],[8.44483,56.66405],[8.37338,56.68024],[8.35222,56.69294],[8.31951,56.72215],[8.30201,56.76374],[8.24366,56.77741],[8.26319,56.71894],[8.26075,56.70539],[8.24586,56.70401],[8.23829,56.72504],[8.23618,56.77119],[8.24789,56.81244],[8.27036,56.84325],[8.44972,57.00397],[8.50359,57.03465],[8.58627,57.10639],[8.61801,57.12287],[8.78395,57.1048],[8.87436,57.11612],[8.91456,57.12743],[8.96258,57.15656],[8.98048,57.16104],[9.23064,57.1411],[9.32154,57.14704],[9.41212,57.16543],[9.49781,57.19701],[9.57325,57.24291],[9.78842,57.4593],[9.82643,57.48994],[9.89536,57.53156],[9.92986,57.56745],[9.96697,57.59138],[10.01539,57.59663],[10.10768,57.59296],[10.1976,57.60122],[10.27955,57.62092],[10.3506,57.64899],[10.4725,57.71699],[10.56609,57.74946],[10.62501,57.7475],[10.64894,57.73701],[10.59441,57.7259],[10.54249,57.69892],[10.46046,57.63056],[10.43043,57.57054],[10.45834,57.52546],[10.50896,57.48404],[10.54656,57.43529],[10.51743,57.3913],[10.51791,57.33918],[10.53907,57.23672],[10.52198,57.22175],[10.47088,57.20116],[10.44679,57.18488],[10.41147,57.14444],[10.39552,57.11726],[10.38404,57.0742],[10.34718,57.0102],[10.31967,56.9975],[10.23976,56.99283],[10.15602,57.02383],[10.094,57.06049],[9.99464,57.09272],[9.97446,57.08649],[9.94614,57.06118],[9.92693,57.05858],[9.94549,57.05732],[9.96656,57.07221],[10.00196,57.08389],[10.02263,57.07909],[10.12127,57.02212],[10.19239,56.99404],[10.29509,56.98859],[10.31373,56.98286],[10.27955,56.95551],[10.26588,56.9077],[10.29542,56.77888],[10.32,56.73648],[10.34059,56.71735],[10.3187,56.70824],[10.28256,56.71597],[10.23756,56.71597],[10.20387,56.70234],[10.16814,56.72004],[10.14649,56.72236],[9.9909,56.67695],[9.94557,56.65815],[9.80592,56.64704],[9.80592,56.6402],[9.85133,56.63573],[10.00147,56.66132],[10.04957,56.67499],[10.06284,56.68867],[10.10133,56.68268],[10.12379,56.69233],[10.13478,56.71239],[10.15056,56.71442],[10.18336,56.70856],[10.17579,56.69546],[10.24195,56.68838],[10.28354,56.68977],[10.33424,56.70384],[10.35279,56.68183],[10.35768,56.64875],[10.34034,56.62035],[10.27296,56.5917],[10.21437,56.5583],[10.20387,56.51667],[10.21144,56.50532],[10.2068,56.49095],[10.18336,56.46955],[10.2256,56.47574],[10.22755,56.54108],[10.23764,56.55439],[10.33033,56.60322],[10.35092,56.59589],[10.36524,56.55842],[10.4699,56.5209],[10.55152,56.51557],[10.78907,56.53636],[10.82228,56.53425],[10.86988,56.51472],[10.90211,56.48322],[10.96412,56.44843],[10.96412,56.44221],[10.94093,56.42951],[10.92848,56.40648],[10.92262,56.35627],[10.91163,56.33405],[10.81959,56.26093],[10.77296,56.24299],[10.75538,56.22931],[10.75001,56.21605],[10.75262,56.18496],[10.73862,56.15453],[10.70704,56.15087],[10.67221,56.16519],[10.64894,56.18838],[10.68523,56.19623],[10.69044,56.20889],[10.68767,56.22223],[10.62859,56.23754],[10.54916,56.17821],[10.57374,56.11262],[10.54803,56.10126],[10.51857,56.10273],[10.49122,56.13996],[10.5254,56.15363],[10.50945,56.17011],[10.46811,56.17707],[10.4087,56.16486],[10.35467,56.20205],[10.37696,56.20332],[10.42921,56.22248],[10.47779,56.20234],[10.49122,56.2163],[10.47429,56.23224],[10.47543,56.2447],[10.50473,56.27778],[10.47682,56.28091],[10.44264,56.29865],[10.41676,56.2919],[10.40301,56.29825],[10.39381,56.27652],[10.36378,56.26557],[10.33693,56.23273],[10.25847,56.19025],[10.23422,56.17133],[10.22022,56.14789],[10.25904,56.09903],[10.26564,56.07372],[10.26149,56.05443],[10.23113,56.01703],[10.27272,56.02485],[10.27752,56.01777],[10.25245,55.98623],[10.24537,55.91462],[10.21754,55.88984],[10.18336,55.87373],[10.19939,55.85074],[10.18214,55.83369],[10.15105,55.83812],[10.12379,55.87328],[10.10182,55.88239],[10.00465,55.87987],[9.99171,55.87735],[9.97047,55.85944],[9.94451,55.85358],[9.86744,55.852],[9.89259,55.83625],[10.04575,55.81395],[10.01735,55.76557],[10.01979,55.75788],[10.05983,55.75641],[10.05983,55.7495],[10.01881,55.73627],[10.00685,55.72504],[10.01824,55.70856],[10.00522,55.70112],[9.9817,55.70942],[9.79225,55.67446],[9.73097,55.68814],[9.68653,55.70856],[9.58302,55.70889],[9.55958,55.7154],[9.55274,55.70112],[9.57358,55.69546],[9.65854,55.69038],[9.7103,55.66014],[9.73829,55.62971],[9.85377,55.62665],[9.75766,55.5716],[9.71241,55.56029],[9.70688,55.5373],[9.60727,55.51679],[9.55958,55.52363],[9.56642,55.51679],[9.55193,55.50511],[9.49806,55.48945],[9.53443,55.48383],[9.60239,55.4958],[9.66017,55.47797],[9.66424,55.4667],[9.64894,55.44107],[9.58676,55.42744],[9.60792,55.39326],[9.60084,55.36591],[9.64527,55.34272],[9.64828,55.33291],[9.63461,55.32502],[9.63461,55.31757],[9.6819,55.27464],[9.70607,55.26508],[9.7103,55.24868],[9.68442,55.19758],[9.6421,55.18842],[9.56983,55.19253],[9.54591,55.17414],[9.48634,55.15624],[9.48634,55.14741],[9.49464,55.14008],[9.51189,55.14008],[9.51189,55.1332],[9.48243,55.13377],[9.45655,55.12572],[9.52133,55.11587],[9.55958,55.08539],[9.51661,55.05654],[9.43434,55.03754],[9.44288,55.02338],[9.45525,55.02318],[9.51189,55.03636],[9.54591,55.03636],[9.57993,55.05069],[9.60157,55.0454],[9.66261,55.00971],[9.71754,55.00117],[9.73097,54.99543],[9.73862,54.98086],[9.76319,54.90046],[9.75196,54.89301],[9.71144,54.89859],[9.70346,54.88618],[9.72787,54.87946],[9.74448,54.86628],[9.75025,54.84626],[9.74594,54.83601],[9.73121,54.83153],[9.69662,54.85887],[9.65504,54.85708],[9.6233,54.8653],[9.63461,54.87934],[9.61036,54.90322],[9.64422,54.91327],[9.63884,54.92475],[9.615,54.93268],[9.58676,54.92772],[9.54591,54.87934],[9.52215,54.8793],[9.45639,54.84382],[9.44288,54.83153],[9.43629,54.81045],[9.511,54.82783],[9.52996,54.8415],[9.55437,54.84711],[9.57993,54.86628],[9.58318,54.83027],[9.6316,54.81989],[9.69304,54.81802],[9.73463,54.80732],[9.80177,54.78339],[9.82374,54.75674],[9.89536,54.76948],[9.89145,54.79027],[9.91505,54.7912],[9.94752,54.77953],[9.97047,54.76264],[9.99049,54.72053],[10.01824,54.70124],[10.00538,54.6955],[9.97047,54.70124],[9.93238,54.68525],[9.92945,54.6739],[9.99635,54.67878],[10.0114,54.66706],[10.03354,54.67292],[10.03907,54.66681],[10.03191,54.65278],[10.03761,54.61909],[10.02687,54.55996],[10.01043,54.53433],[9.96559,54.50617],[9.9253,54.49311],[9.8401,54.48212],[9.8401,54.47529],[9.88331,54.4621],[10.12468,54.49575],[10.1434,54.49185],[10.20387,54.46101],[10.18393,54.44937],[10.19703,54.4101],[10.19125,54.39672],[10.15903,54.37531],[10.14178,54.37226],[10.14828,54.36518],[10.14178,54.35859],[10.15553,54.34341],[10.14178,54.32441],[10.16375,54.32917],[10.18035,54.34113],[10.22438,54.4138],[10.27215,54.42007],[10.31837,54.44331],[10.36085,54.44111],[10.44337,54.4064],[10.60108,54.36542],[10.6902,54.31623],[10.73129,54.31021],[10.77711,54.31513],[10.86793,54.35859],[10.93531,54.37954],[11.01881,54.38589],[11.01881,54.3791],[10.97584,54.3784],[11.01051,54.37718],[11.03395,54.36762],[11.10418,54.39289],[11.13551,54.38589],[11.08774,54.35175],[11.06658,54.35859],[11.0774,54.34223],[11.09449,54.28352],[11.08709,54.2709],[11.09449,54.22508],[11.09018,54.20799],[11.06658,54.18391],[10.95045,54.13947],[10.89283,54.10252],[10.83611,54.08999],[10.82228,54.09736],[10.80543,54.09488],[10.75262,54.05012],[10.76588,54.02436],[10.79965,54.00056],[10.8755,53.99543],[10.88738,53.96393],[10.92262,53.96137],[10.96469,53.98542],[11.05348,54.00849],[11.17506,54.01801],[11.19077,54.01032],[11.20436,53.98924],[11.24537,53.97842],[11.24293,53.94522],[11.29371,53.94086],[11.33416,53.96137],[11.35825,53.94086],[11.39991,53.94086],[11.43873,53.90913],[11.45769,53.90615],[11.47682,53.9527],[11.47242,53.96882],[11.49789,53.98184],[11.49171,54.00235],[11.52589,54.02277],[11.51905,54.03644],[11.55323,54.03022],[11.5735,54.03905],[11.59132,54.06562],[11.62452,54.08364],[11.62957,54.09602],[11.62208,54.09956],[11.62525,54.10981],[11.65789,54.14224],[11.68971,54.15522],[11.72877,54.15852],[11.81227,54.14981],[12.05063,54.17992],[12.08815,54.19408],[12.09164,54.114],[12.115,54.09789],[12.10532,54.11001],[12.09506,54.1457],[12.10548,54.15738],[12.13429,54.16698],[12.14283,54.18049],[12.10133,54.17365],[12.1089,54.18301],[12.18686,54.24335],[12.2894,54.27509],[12.34213,54.30394],[12.37818,54.34492],[12.43832,54.39582],[12.4861,54.44733],[12.50196,54.47358],[12.53387,54.48827],[12.53387,54.48212],[12.52703,54.48212],[12.54835,54.46206],[12.59148,54.45173],[12.8191,54.45173],[12.85662,54.44111],[12.87965,54.4488],[12.90838,54.44465],[12.92115,54.4335],[12.89633,54.42007],[12.87078,54.41681],[12.76368,54.42219],[12.69459,54.43366],[12.67042,54.42007],[12.6242,54.42292],[12.61451,54.41974],[12.60841,54.4064],[12.60222,54.4138],[12.58172,54.4064],[12.58766,54.39403],[12.60222,54.39208],[12.59474,54.38589],[12.55405,54.39082],[12.53598,54.38373],[12.52703,54.37226],[12.49098,54.39008],[12.43849,54.38752],[12.41847,54.36066],[12.424,54.34492],[12.39674,54.35175],[12.3899,54.34492],[12.39649,54.33295],[12.39161,54.32111],[12.36256,54.31021],[12.38014,54.27709],[12.36883,54.26919],[12.41245,54.25141],[12.43678,54.24771],[12.45818,54.25556],[12.44264,54.25519],[12.41033,54.26919],[12.42628,54.28962],[12.47242,54.31021],[12.47869,54.33185],[12.56056,54.35859],[12.54078,54.36542],[12.54078,54.37226],[12.55934,54.37629],[12.57423,54.37226],[12.57423,54.3791],[12.59295,54.36933],[12.67726,54.39208],[12.67042,54.4064],[12.68084,54.41087],[12.71754,54.4138],[12.71754,54.4064],[12.69239,54.39619],[12.68409,54.37226],[12.7046,54.3996],[12.73504,54.37816],[12.7461,54.38589],[12.76857,54.38007],[12.78712,54.39208],[12.79469,54.37714],[12.81804,54.35798],[12.85467,54.35786],[12.87599,54.36542],[12.90382,54.3996],[12.92937,54.41437],[13.0088,54.43806],[13.03419,54.43366],[13.02149,54.42646],[13.02858,54.40184],[13.04037,54.39208],[13.09555,54.37226],[13.07667,54.35252],[13.08074,54.33714],[13.10922,54.31021],[13.11492,54.28001],[13.17066,54.2766],[13.17066,54.26919],[13.1434,54.26301],[13.17612,54.26484],[13.28883,54.23428],[13.32179,54.19452],[13.34889,54.18049],[13.32154,54.16681],[13.34653,54.16694],[13.3838,54.17813],[13.40349,54.17365],[13.38299,54.15314],[13.39479,54.14891],[13.41774,54.15314],[13.4651,54.09846],[13.50709,54.09105],[13.50709,54.09789],[13.47926,54.11835],[13.47926,54.12519],[13.60271,54.13947],[13.71193,54.17365],[13.71469,54.16405],[13.69825,54.15933],[13.69825,54.15314],[13.80812,54.10468],[13.7732,54.04633],[13.7461,54.03644],[13.79762,53.99893],[13.83863,53.98631],[13.84913,53.9676],[13.84864,53.95555],[13.90602,53.94306],[13.90756,53.93354],[13.89015,53.91291],[13.81853,53.878],[13.80812,53.86514],[13.81707,53.85293],[13.8628,53.84125],[13.86915,53.83031],[13.89991,53.80915],[13.91066,53.81049],[13.98422,53.77399],[14.01735,53.76952],[14.03745,53.75528],[14.06886,53.75528],[14.10613,53.74335],[14.18653,53.73981],[14.21469,53.74486],[14.23414,53.76179],[14.2645,53.75161],[14.26743,53.73542],[14.25953,53.72797],[14.21274,53.70808],[14.22535,53.70376],[14.27369,53.70063],[14.30486,53.71255],[14.30616,53.72069],[14.28858,53.72797],[14.30161,53.73485],[14.28858,53.74164],[14.2942,53.74909],[14.33041,53.7342],[14.34205,53.71491],[14.41456,53.68236],[14.45867,53.67788],[14.53102,53.65778],[14.59059,53.59837],[14.60157,53.62665],[14.62379,53.63923],[14.62379,53.65282],[14.57594,53.65965],[14.54493,53.70405],[14.57594,53.76952],[14.58741,53.76349],[14.62379,53.76952],[14.61671,53.79474],[14.63063,53.85151],[14.62379,53.85151],[14.61354,53.83161],[14.58961,53.81733],[14.59588,53.81049],[14.58709,53.81265],[14.5691,53.82416],[14.58961,53.83784],[14.57586,53.8548],[14.55209,53.86278],[14.44117,53.86962],[14.42555,53.87983],[14.43816,53.89932],[14.4319,53.90615],[14.42205,53.89614],[14.3851,53.89728],[14.36305,53.87938],[14.40919,53.87157],[14.41765,53.86514],[14.4157,53.85301],[14.39259,53.84072],[14.38356,53.84467],[14.3283,53.831],[14.3283,53.82416],[14.34205,53.82099],[14.3283,53.81733],[14.27467,53.8308],[14.22657,53.87197],[14.20314,53.87832],[14.08741,53.87043],[14.04835,53.87938],[13.99586,53.85375],[13.93849,53.84467],[13.87525,53.84406],[13.8401,53.85029],[13.82179,53.86514],[13.93165,53.89932],[13.93897,53.92821],[13.90187,53.96979],[13.90447,53.99543],[13.97267,53.98924],[13.96583,53.98184],[13.95899,53.94086],[13.97462,53.95734],[13.98748,53.96141],[14.02784,53.96137],[14.01433,53.94709],[14.04835,53.94086],[14.04029,53.95384],[14.05307,53.97842],[14.05128,54.00507],[14.03745,54.02172],[14.01433,54.01602],[13.9817,54.05634],[13.94606,54.0666],[13.91586,54.05638],[13.92482,54.03644],[13.89088,54.01016],[13.85597,54.00235],[13.85808,54.01577],[13.87631,54.03644],[13.8711,54.04865],[13.86362,54.04999],[13.82301,54.03791],[13.7942,54.01813],[13.7741,54.02277],[13.78207,54.04214],[13.80926,54.0751],[13.81495,54.10126],[13.80616,54.11664],[13.75294,54.15314],[13.7776,54.17402],[13.79615,54.17829],[13.81495,54.17365],[13.85597,54.11835],[13.8825,54.10244],[14.01661,54.06],[14.19239,53.94611],[14.23748,53.92866],[14.26808,53.92182],[14.36703,53.91698],[14.40675,53.92182],[14.51735,53.96524],[14.78191,54.03461],[15.0101,54.06981],[15.28834,54.13886],[15.66578,54.19843],[15.85971,54.24999],[16.02084,54.26179],[16.13152,54.28352],[16.06935,54.26301],[16.09108,54.25397],[16.17921,54.26301],[16.17237,54.2766],[16.22006,54.2766],[16.21323,54.28352],[16.21518,54.29963],[16.13771,54.29027],[16.21355,54.31611],[16.2754,54.35859],[16.23178,54.32258],[16.27491,54.33047],[16.3239,54.34992],[16.33676,54.35859],[16.32488,54.37311],[16.30502,54.37348],[16.28159,54.35859],[16.32399,54.40131],[16.43979,54.48827],[16.43442,54.47236],[16.44451,54.46988],[16.4734,54.48212],[16.47975,54.49555],[16.47389,54.49966],[16.44606,54.48827],[16.46656,54.51215],[16.50131,54.53242],[16.56959,54.5572],[16.77849,54.57514],[16.93995,54.60602],[17.03582,54.66706],[17.33741,54.74901],[17.71567,54.79043],[17.88543,54.82412],[18.15235,54.83832],[18.3169,54.83832],[18.33953,54.83348],[18.37582,54.81513],[18.41017,54.8083],[18.75172,54.69009],[18.81397,54.64321],[18.83432,54.61668],[18.8353,54.6031],[18.81764,54.59813],[18.80226,54.61603],[18.78403,54.62352],[18.77182,54.64228],[18.70777,54.70124],[18.65455,54.71015],[18.64503,54.71955],[18.49822,54.76537],[18.45631,54.78766],[18.44777,54.78998],[18.42921,54.78168],[18.4131,54.74653],[18.4131,54.73192],[18.44777,54.71825],[18.47446,54.68757],[18.47039,54.66673],[18.48194,54.65961],[18.47592,54.64008],[18.48731,54.63178],[18.50636,54.6341],[18.52296,54.64655],[18.5171,54.62995],[18.57065,54.55036],[18.56756,54.48786],[18.57407,54.45038],[18.58806,54.43366],[18.69435,54.40453],[18.7173,54.38202],[18.88592,54.35016],[18.92319,54.34854],[18.95436,54.35859],[19.00213,54.34492]]}},{"type":"Feature","properties":{"layer":"coastline"},"geometry":{"type":"MultiLineString","coordinates":[[[4.89259,53.11103],[4.90992,53.11884],[4.91017,53.13459],[4.88575,53.1662],[4.89137,53.17097],[4.88982,53.18085],[4.88575,53.18671],[4.85434,53.18773],[4.80567,53.133],[4.75847,53.10847],[4.71388,53.05463],[4.70769,53.02847],[4.72682,53.00308],[4.73919,53.0]],[[4.79391,53.0],[4.81813,53.02676],[4.86524,53.0502],[4.89308,53.07612],[4.9131,53.1048],[4.89259,53.1048],[4.89259,53.11103]]]}},{"type":"Feature","properties":{"layer":"coastline"},"geometry":{"type":"LineString","coordinates":[[4.87892,53.22089],[4.91017,53.21247],[5.03647,53.29181],[5.07814,53.3028],[5.10483,53.3028],[5.10483,53.30964],[5.05445,53.31379],[4.9865,53.28998],[4.92124,53.25373],[4.87892,53.22089]]}},{"type":"Feature","properties":{"layer":"coastline"},"geometry":{"type":"LineString","coordinates":[[5.42359,53.43037],[5.40724,53.42255],[5.25017,53.40644],[5.23243,53.39672],[5.17888,53.38544],[5.16765,53.36823],[5.17986,53.3531],[5.20834,53.35269],[5.42701,53.40644],[5.4686,53.40852],[5.4817,53.41266],[5.47543,53.42695],[5.56202,53.43431],[5.5853,53.4536],[5.43702,53.43647],[5.42359,53.43037]]}},{"type":"Feature","properties":{"layer":"coastline"},"geometry":{"type":"LineString","coordinates":[[5.674,53.46792],[5.65886,53.47187],[5.64194,53.46337],[5.63608,53.44868],[5.65358,53.43374],[5.67897,53.43012],[5.75278,53.44741],[5.85564,53.44741],[5.9546,53.46109],[5.91383,53.47386],[5.674,53.46792]]}},{"type":"Feature","properties":{"layer":"coastline"},"geometry":{"type":"LineString","coordinates":[[6.21176,53.50886],[6.14796,53.49486],[6.12281,53.48163],[6.13331,53.46792],[6.12745,53.45991],[6.13331,53.4536],[6.15317,53.46882],[6.33871,53.50202],[6.33871,53.50886],[6.3108,53.51415],[6.21176,53.50886]]}},{"type":"Feature","properties":{"layer":"coastline"},"geometry":{"type":"LineString","coordinates":[[6.44117,53.55663],[6.44304,53.54999],[6.4607,53.54336],[6.49643,53.5362],[6.5101,53.54361],[6.45509,53.55809],[6.44117,53.55663]]}},{"type":"Feature","properties":{"layer":"coastline"},"geometry":{"type":"LineString","coordinates":[[6.79811,53.60444],[6.78468,53.62006],[6.74733,53.61835],[6.65952,53.59911],[6.67709,53.57563],[6.69508,53.5703],[6.72609,53.57713],[6.75652,53.56289],[6.7422,53.57836],[6.72242,53.58462],[6.72242,53.59077],[6.79811,53.60444]]}},{"type":"Feature","properties":{"layer":"coastline"},"geometry":{"type":"LineString","coordinates":[[6.87379,53.67276],[7.08546,53.687],[7.04705,53.69416],[6.91082,53.68366],[6.87379,53.67276]]}},{"type":"Feature","properties":{"layer":"coastline"},"geometry":{"type":"LineString","coordinates":[[7.13315,53.70808],[7.17359,53.7014],[7.29575,53.71101],[7.34669,53.72321],[7.3462,53.72797],[7.23292,53.72944],[7.17897,53.72407],[7.13315,53.70808]]}},{"type":"Feature","properties":{"layer":"coastline"},"geometry":{"type":"LineString","coordinates":[[7.36655,53.72797],[7.42124,53.72114],[7.43556,53.72797],[7.40349,53.73672],[7.36655,53.72797]]}},{"type":"Feature","properties":{"layer":"coastline"},"geometry":{"type":"LineString","coordinates":[[8.12013,53.72114],[8.12013,53.7143],[8.13071,53.71845],[8.15089,53.7143],[8.17172,53.72557],[8.19597,53.72797],[8.15235,53.73916],[8.13266,53.73404],[8.12013,53.72114]]}},{"type":"Feature","properties":{"layer":"coastline"},"geometry":{"type":"LineString","coordinates":[[7.51743,53.76211],[7.47462,53.75682],[7.46957,53.74535],[7.47299,53.73188],[7.51124,53.72797],[7.51393,53.74551],[7.5477,53.75043],[7.62721,53.75092],[7.60662,53.7626],[7.51743,53.76211]]}},{"type":"Feature","properties":{"layer":"coastline"},"geometry":{"type":"LineString","coordinates":[[7.6609,53.76211],[7.67709,53.7578],[7.695,53.76952],[7.71949,53.75991],[7.74822,53.76093],[7.81284,53.77635],[7.81284,53.78315],[7.72828,53.78657],[7.68629,53.78099],[7.6609,53.76211]]}},{"type":"Feature","properties":{"layer":"coastline"},"geometry":{"type":"LineString","coordinates":[[7.87379,53.77635],[7.87526,53.7884],[7.95558,53.7829],[7.89763,53.79629],[7.8589,53.79092],[7.8545,53.78457],[7.87379,53.77635]]}},{"type":"Feature","properties":{"layer":"coastline"},"geometry":{"type":"LineString","coordinates":[[11.37566,53.98184],[11.40707,53.96821],[11.42311,53.96772],[11.43775,53.975],[11.43328,53.98876],[11.43873,53.99726],[11.44703,53.99714],[11.45143,53.98554],[11.44532,53.96113],[11.45769,53.96137],[11.49789,54.02277],[11.46803,54.03095],[11.42661,54.02293],[11.39039,54.00458],[11.37566,53.98184]]}},{"type":"Feature","properties":{"layer":"coastline"},"geometry":{"type":"LineString","coordinates":[[11.52849,54.0751],[11.53395,54.05695],[11.53956,54.05695],[11.55274,54.07306],[11.6159,54.11213],[11.53395,54.08487],[11.52849,54.0751]]}},{"type":"Feature","properties":{"layer":"coastline"},"geometry":{"type":"LineString","coordinates":[[8.96315,54.52367],[8.9192,54.53046],[8.87965,54.52912],[8.84449,54.51972],[8.81284,54.50194],[8.82553,54.4912],[8.81284,54.48212],[8.8239,54.47085],[8.84449,54.4665],[8.88795,54.46845],[8.91131,54.47549],[8.95688,54.50943],[8.95631,54.51944],[8.96315,54.52367]]}},{"type":"Feature","properties":{"layer":"coastline"},"geometry":{"type":"LineString","coordinates":[[11.25563,54.4787],[11.23211,54.50165],[11.20655,54.51447],[11.12127,54.53596],[11.07293,54.53119],[11.0337,54.50886],[11.00571,54.46845],[11.00847,54.45466],[11.02573,54.45881],[11.03248,54.44733],[11.05812,54.45527],[11.09864,54.45165],[11.10133,54.42349],[11.11264,54.41523],[11.17905,54.41421],[11.17018,54.42007],[11.18849,54.42617],[11.31422,54.4138],[11.25563,54.4787]]}},{"type":"Feature","properties":{"layer":"coastline"},"geometry":{"type":"LineString","coordinates":[[13.1434,54.59813],[13.1434,54.5777],[13.14967,54.5777],[13.14967,54.59138],[13.15707,54.58796],[13.15105,54.60493],[13.10963,54.6031],[13.10231,54.5961],[13.06422,54.50511],[13.06137,54.46845],[13.06821,54.46845],[13.07504,54.50943],[13.10255,54.52993],[13.11891,54.58641],[13.1434,54.59813]]}},{"type":"Feature","properties":{"layer":"coastline"},"geometry":{"type":"LineString","coordinates":[[13.69825,54.39208],[13.60955,54.4138],[13.5879,54.43757],[13.57545,54.47187],[13.58481,54.48652],[13.65113,54.51626],[13.67726,54.54047],[13.67066,54.56623],[13.64047,54.58568],[13.59596,54.59138],[13.46632,54.57689],[13.42457,54.58515],[13.39454,54.60444],[13.38299,54.63638],[13.39088,54.65054],[13.44508,54.6739],[13.44508,54.68008],[13.41871,54.68842],[13.3908,54.68818],[13.25359,54.66502],[13.23097,54.65331],[13.22478,54.63495],[13.29054,54.64655],[13.29347,54.64228],[13.28395,54.61929],[13.25685,54.59492],[13.24977,54.57648],[13.25327,54.56464],[13.27328,54.56094],[13.36915,54.61213],[13.39926,54.57958],[13.42384,54.57453],[13.44142,54.5572],[13.48658,54.5572],[13.50831,54.57038],[13.52076,54.57079],[13.52076,54.56464],[13.49968,54.5572],[13.52076,54.52367],[13.52076,54.51626],[13.49968,54.49575],[13.50709,54.48827],[13.43068,54.49274],[13.4109,54.50943],[13.41733,54.52456],[13.37672,54.56464],[13.36313,54.5572],[13.36313,54.55036],[13.38982,54.54291],[13.3838,54.53189],[13.37485,54.52558],[13.34889,54.52367],[13.36313,54.54291],[13.34205,54.55036],[13.3694,54.58515],[13.33367,54.57306],[13.30104,54.55036],[13.30926,54.53482],[13.29786,54.51968],[13.28826,54.53994],[13.25953,54.55378],[13.16635,54.54938],[13.1434,54.54291],[13.15887,54.54068],[13.16603,54.51911],[13.18539,54.50829],[13.23276,54.51626],[13.23365,54.50922],[13.22535,54.50194],[13.23325,54.49307],[13.27312,54.48212],[13.25953,54.47529],[13.25953,54.46845],[13.18181,54.45303],[13.15699,54.42683],[13.2116,54.4311],[13.22535,54.42084],[13.23902,54.42007],[13.23439,54.40339],[13.23927,54.39362],[13.26686,54.38589],[13.22332,54.3725],[13.21168,54.3791],[13.20485,54.37226],[13.17433,54.38398],[13.14894,54.37727],[13.11549,54.33808],[13.1775,54.31021],[13.1775,54.30394],[13.14894,54.30476],[13.14283,54.298],[13.14967,54.29027],[13.19028,54.29975],[13.20485,54.29719],[13.19923,54.28441],[13.21013,54.27582],[13.26791,54.2565],[13.28419,54.26284],[13.31471,54.26301],[13.30787,54.26919],[13.33522,54.28352],[13.31153,54.25113],[13.34702,54.23745],[13.40724,54.22822],[13.42303,54.23273],[13.41774,54.26606],[13.36313,54.26301],[13.3694,54.25556],[13.35572,54.24873],[13.35963,54.27546],[13.4061,54.28522],[13.42888,54.31094],[13.49968,54.34492],[13.59929,54.35175],[13.6268,54.3391],[13.65008,54.35244],[13.69093,54.35175],[13.69093,54.34492],[13.61695,54.31761],[13.65992,54.32978],[13.71193,54.33185],[13.68824,54.3133],[13.65113,54.30394],[13.65113,54.29719],[13.67945,54.29401],[13.71193,54.30394],[13.71599,54.29328],[13.71193,54.28657],[13.69093,54.28352],[13.72316,54.27839],[13.73015,54.31684],[13.74008,54.32982],[13.76645,54.34492],[13.74195,54.35049],[13.69825,54.39208]]}},{"type":"Feature","properties":{"layer":"coastline"},"geometry":{"type":"LineString","coordinates":[[8.33237,54.69379],[8.36069,54.71003],[8.36036,54.71483],[8.32049,54.69872],[8.29152,54.66706],[8.33025,54.63141],[8.35369,54.61896],[8.40138,54.63296],[8.38233,54.63915],[8.33237,54.69379]]}},{"type":"Feature","properties":{"layer":"coastline"},"geometry":{"type":"LineString","coordinates":[[8.49757,54.75641],[8.43678,54.74848],[8.41424,54.73578],[8.39454,54.71483],[8.45281,54.69383],[8.4852,54.68806],[8.51124,54.69379],[8.55209,54.685],[8.57407,54.6944],[8.59376,54.72167],[8.57594,54.74641],[8.55323,54.75446],[8.49757,54.75641]]}},{"type":"Feature","properties":{"layer":"coastline"},"geometry":{"type":"LineString","coordinates":[[11.84522,54.73192],[11.85548,54.7436],[11.84864,54.77318],[11.78761,54.80687],[11.77296,54.82469],[11.78728,54.83153],[11.75563,54.84113],[11.73194,54.85887],[11.72576,54.87336],[11.64943,54.91352],[11.64479,54.88963],[11.65626,54.86628],[11.59474,54.85887],[11.57277,54.84797],[11.59474,54.8111],[11.36891,54.88109],[11.33888,54.91913],[11.2317,54.96125],[11.08815,54.94416],[11.07399,54.94819],[11.0324,54.91926],[11.01881,54.90339],[11.01881,54.88618],[11.07838,54.84113],[11.10816,54.83153],[11.08969,54.81061],[11.03077,54.81216],[11.00571,54.80366],[10.9992,54.78677],[11.00929,54.77163],[11.03053,54.76065],[11.18775,54.73224],[11.2977,54.69156],[11.35873,54.66055],[11.45183,54.62836],[11.47438,54.62613],[11.51222,54.64655],[11.61053,54.66641],[11.76612,54.64655],[11.81072,54.6551],[11.84262,54.67621],[11.84645,54.69782],[11.80698,54.70799],[11.81471,54.71869],[11.84522,54.73192]]}},{"type":"Feature","properties":{"layer":"coastline"},"geometry":{"type":"LineString","coordinates":[[10.45021,54.89981],[10.46363,54.88247],[10.46095,54.8745],[10.42604,54.8725],[10.41521,54.87848],[10.40309,54.90839],[10.38884,54.92032],[10.39584,54.90347],[10.39137,54.89545],[10.34962,54.89672],[10.31373,54.92772],[10.28875,54.94074],[10.18922,54.97748],[10.21144,54.93936],[10.38347,54.83076],[10.40626,54.82469],[10.44012,54.8415],[10.51857,54.852],[10.49871,54.85887],[10.4992,54.87458],[10.45021,54.89981]]}},{"type":"Feature","properties":{"layer":"coastline"},"geometry":{"type":"LineString","coordinates":[[12.41717,55.03022],[12.3353,55.03327],[12.30177,55.04206],[12.28004,55.06428],[12.25099,55.06074],[12.24757,55.05386],[12.2527,55.04385],[12.2942,55.02338],[12.2942,55.01655],[12.28126,55.00715],[12.28688,54.9892],[12.23219,54.97553],[12.17701,54.9892],[12.18434,54.97553],[12.17701,54.96809],[12.1644,54.97264],[12.12916,54.95441],[12.1491,54.94082],[12.12892,54.93163],[12.12468,54.92373],[12.12916,54.91352],[12.115,54.91352],[12.115,54.90729],[12.20777,54.88618],[12.22682,54.89265],[12.28004,54.93456],[12.3484,54.96003],[12.38461,54.96308],[12.50278,54.94819],[12.54265,54.95116],[12.55177,54.95718],[12.55372,54.96809],[12.53761,55.00239],[12.50473,55.01976],[12.41717,55.03022]]}},{"type":"Feature","properties":{"layer":"coastline"},"geometry":{"type":"LineString","coordinates":[[8.36036,54.94819],[8.35157,54.96674],[8.36199,54.9868],[8.38087,55.00308],[8.42156,55.01626],[8.43043,55.03001],[8.42221,55.04218],[8.39454,55.04385],[8.40235,55.04877],[8.46339,55.05069],[8.41578,55.06533],[8.37371,55.03498],[8.29803,54.91254],[8.28858,54.8913],[8.27703,54.78278],[8.28443,54.74238],[8.29575,54.7591],[8.29493,54.83153],[8.30714,54.86538],[8.34392,54.8791],[8.36199,54.87694],[8.37713,54.86628],[8.44606,54.86628],[8.50441,54.88618],[8.62941,54.88215],[8.65447,54.89362],[8.43653,54.88727],[8.38836,54.89423],[8.3545,54.91275],[8.36036,54.94819]]}},{"type":"Feature","properties":{"layer":"coastline"},"geometry":{"type":"LineString","coordinates":[[10.0114,54.97553],[9.96095,55.01504],[9.85304,55.04011],[9.79347,55.08076],[9.71664,55.08222],[9.62843,55.05805],[9.62843,55.05069],[9.64552,55.04487],[9.69662,55.05069],[9.66879,55.03022],[9.67416,55.02106],[9.72055,55.01227],[9.79908,55.01655],[9.79908,55.00971],[9.78679,55.00015],[9.84213,54.97028],[9.83277,54.96516],[9.8475,54.94819],[9.8274,54.94546],[9.75815,54.98176],[9.75815,54.97553],[9.76441,54.97553],[9.76124,54.94306],[9.78093,54.91681],[9.81471,54.90107],[9.85377,54.89981],[9.87794,54.91132],[9.89828,54.91299],[9.9437,54.90363],[9.99155,54.87934],[9.99155,54.8725],[9.90089,54.9007],[9.87428,54.89301],[9.87428,54.88618],[9.89112,54.8793],[9.95362,54.86262],[9.96803,54.85952],[10.02198,54.87934],[10.06446,54.88101],[10.06512,54.89082],[10.0114,54.97553]]}},{"type":"Feature","properties":{"layer":"coastline"},"geometry":{"type":"LineString","coordinates":[[10.85499,55.04385],[10.79819,54.99657],[10.7741,54.98656],[10.69703,54.93134],[10.68295,54.90729],[10.70037,54.90156],[10.71778,54.90729],[10.72446,54.88618],[10.6989,54.88117],[10.68442,54.88784],[10.66928,54.86628],[10.64088,54.84321],[10.60108,54.83832],[10.65642,54.80366],[10.6819,54.74482],[10.69386,54.7353],[10.73129,54.74006],[10.74106,54.75239],[10.83774,54.93724],[10.8899,54.99738],[10.90895,55.03022],[10.95672,55.15371],[10.93426,55.15965],[10.89552,55.12153],[10.86199,55.07209],[10.85499,55.04385]]}},{"type":"Feature","properties":{"layer":"coastline"},"geometry":{"type":"LineString","coordinates":[[15.15138,55.1332],[15.1316,55.14545],[15.08454,55.15458],[15.0005,55.18842],[14.9734,55.21613],[14.9268,55.2158],[14.85142,55.2482],[14.76092,55.30927],[14.73707,55.26667],[14.70924,55.23583],[14.69704,55.12265],[14.68417,55.10135],[14.78083,55.05113],[14.85861,55.03823],[14.98287,55.00101],[15.07267,54.99164],[15.11324,55.0183],[15.10662,55.04466],[15.14471,55.0871],[15.14772,55.09561],[15.13771,55.11953],[15.15138,55.1332]]}},{"type":"Feature","properties":{"layer":"coastline"},"geometry":{"type":"LineString","coordinates":[[8.47641,55.34544],[8.45021,55.39338],[8.46339,55.42744],[8.4489,55.43553],[8.41196,55.43871],[8.40821,55.46841],[8.37436,55.46328],[8.36427,55.44904],[8.37094,55.42744],[8.40235,55.38003],[8.4253,55.35554],[8.45167,55.33975],[8.47641,55.34544]]}},{"type":"Feature","properties":{"layer":"coastline"},"geometry":{"type":"LineString","coordinates":[[10.66627,55.06428],[10.70558,55.06257],[10.73365,55.07185],[10.7588,55.10529],[10.78338,55.12421],[10.79078,55.15693],[10.81267,55.19428],[10.8152,55.21406],[10.80535,55.25043],[10.77296,55.2871],[10.78028,55.30492],[10.79689,55.30768],[10.83432,55.29027],[10.79664,55.35855],[10.69793,55.44025],[10.68295,55.4479],[10.59596,55.45966],[10.58855,55.44941],[10.59425,55.44107],[10.56332,55.43623],[10.55405,55.44257],[10.55942,55.45531],[10.5713,55.46125],[10.65748,55.4597],[10.74236,55.48749],[10.73813,55.50935],[10.70924,55.52705],[10.70411,55.55028],[10.65691,55.59488],[10.62762,55.61359],[10.60857,55.61298],[10.61459,55.5646],[10.59425,55.57827],[10.61378,55.5279],[10.60108,55.51679],[10.56983,55.53242],[10.56691,55.52363],[10.60231,55.50625],[10.60914,55.49258],[10.50245,55.46357],[10.49122,55.46528],[10.47153,55.44306],[10.43605,55.44212],[10.41961,55.45881],[10.45704,55.48945],[10.48601,55.49478],[10.48911,55.5091],[10.47071,55.52021],[10.47527,55.53197],[10.48683,55.53718],[10.51881,55.53343],[10.44418,55.55317],[10.4074,55.58295],[10.30763,55.61823],[10.29379,55.61612],[10.29363,55.58808],[10.27955,55.58511],[10.27215,55.60554],[10.23732,55.60554],[10.16863,55.58226],[10.03932,55.55777],[9.94028,55.51923],[9.88819,55.50869],[9.8401,55.52363],[9.8274,55.54841],[9.75514,55.54413],[9.71778,55.51679],[9.68393,55.50605],[9.67628,55.49567],[9.71339,55.49103],[9.81218,55.44107],[9.78631,55.4372],[9.70346,55.46841],[9.70346,55.46214],[9.73732,55.43818],[9.79103,55.43183],[9.80926,55.42548],[9.81959,55.41376],[9.78549,55.41376],[9.8401,55.40009],[9.83009,55.3889],[9.77809,55.38028],[9.80242,55.36237],[9.82985,55.35228],[9.88478,55.34886],[9.88168,55.31444],[9.89536,55.28026],[9.88396,55.26561],[9.88396,55.25348],[9.91139,55.2285],[9.9795,55.21284],[9.97202,55.18472],[9.98878,55.15184],[9.98553,55.12775],[10.02565,55.12572],[10.02914,55.1424],[9.99448,55.1728],[9.99155,55.18842],[10.00359,55.19733],[10.03932,55.18098],[10.094,55.18842],[10.11297,55.18378],[10.15602,55.14008],[10.14259,55.1258],[10.06593,55.09223],[10.08351,55.08698],[10.14178,55.09223],[10.19703,55.06428],[10.1976,55.08609],[10.20525,55.09369],[10.23422,55.09223],[10.31275,55.06367],[10.36256,55.06273],[10.38884,55.05069],[10.47755,55.04385],[10.53826,55.02973],[10.56886,55.04987],[10.60475,55.06257],[10.66627,55.06428]]}},{"type":"Feature","properties":{"layer":"coastline"},"geometry":{"type":"LineString","coordinates":[[12.61573,55.68814],[12.60841,55.70112],[12.56739,55.654],[12.52019,55.61921],[12.52052,55.59675],[12.53484,55.56932],[12.55633,55.55048],[12.63941,55.57827],[12.67457,55.60126],[12.61573,55.68814]]}},{"type":"Feature","properties":{"layer":"coastline"},"geometry":{"type":"LineString","coordinates":[[10.55942,55.86628],[10.51726,55.84553],[10.51157,55.82526],[10.52027,55.78856],[10.54713,55.7652],[10.58221,55.75975],[10.61459,55.77684],[10.62436,55.79434],[10.62827,55.84577],[10.66928,55.88003],[10.66627,55.8867],[10.63868,55.86612],[10.62143,55.87987],[10.61541,55.90034],[10.62827,55.92084],[10.58025,55.93651],[10.56422,55.95384],[10.55681,55.9958],[10.54396,55.99799],[10.51857,55.97614],[10.51539,55.95124],[10.52833,55.94062],[10.56691,55.92829],[10.58025,55.91153],[10.58107,55.89452],[10.55942,55.86628]]}},{"type":"Feature","properties":{"layer":"coastline"},"geometry":{"type":"LineString","coordinates":[[12.04037,54.89301],[11.98219,54.92032],[11.95786,54.94819],[11.92368,54.94082],[11.93116,54.92772],[11.91847,54.92194],[11.89015,54.92963],[11.88282,54.94082],[11.88502,54.95515],[11.90154,54.97639],[11.89715,54.99543],[11.91684,55.00288],[11.91017,55.00971],[11.94386,55.00609],[11.99806,54.97651],[12.03297,54.96809],[12.10499,54.9892],[12.14894,54.99413],[12.16228,55.00438],[12.16334,55.02338],[12.1185,55.07355],[12.16505,55.0913],[12.17701,55.10529],[12.16863,55.12848],[12.04664,55.14008],[12.01246,55.15713],[12.01466,55.16747],[12.05641,55.1857],[12.07667,55.18195],[12.08815,55.16836],[12.08074,55.14688],[12.09897,55.14142],[12.115,55.15371],[12.10906,55.17072],[12.1211,55.19107],[12.14137,55.20799],[12.18279,55.2272],[12.39243,55.25532],[12.46502,55.29027],[12.43474,55.36367],[12.36883,55.40009],[12.27345,55.41022],[12.22486,55.43488],[12.19809,55.48749],[12.24822,55.54613],[12.33131,55.5954],[12.40358,55.61921],[12.42368,55.61884],[12.46502,55.60554],[12.48715,55.60985],[12.50327,55.63402],[12.54103,55.64887],[12.60222,55.70856],[12.5879,55.72907],[12.60222,55.79735],[12.57602,55.82917],[12.55445,55.88288],[12.51271,55.92084],[12.51271,55.92829],[12.56739,55.99657],[12.62192,56.04377],[12.4861,56.09903],[12.41489,56.09903],[12.32846,56.1269],[12.24513,56.12873],[12.16537,56.1037],[12.01246,56.03071],[11.91733,55.99763],[11.86557,55.97272],[11.84864,55.94819],[11.86549,55.93936],[11.99244,55.9606],[12.01059,55.95527],[12.02613,55.94135],[12.04982,55.88801],[12.05348,55.83832],[12.09506,55.72907],[12.09205,55.70673],[12.06031,55.654],[12.0114,55.66901],[12.00514,55.67817],[12.00929,55.68049],[12.04037,55.67446],[12.03191,55.6872],[12.00115,55.69868],[11.9852,55.69489],[11.98219,55.6789],[11.95916,55.66511],[11.93043,55.65762],[11.91017,55.66014],[11.92303,55.67414],[11.95818,55.69343],[11.97267,55.72142],[12.02613,55.7154],[12.05193,55.73664],[12.049,55.77534],[12.03126,55.8166],[11.99203,55.87373],[11.99822,55.90282],[11.93474,55.93366],[11.91684,55.93452],[11.90952,55.91547],[11.95362,55.8535],[11.93735,55.82526],[11.88404,55.81367],[11.86915,55.80476],[11.84181,55.75641],[11.85548,55.73282],[11.81056,55.6791],[11.7798,55.66014],[11.79444,55.68793],[11.78728,55.70112],[11.74635,55.73102],[11.72926,55.72358],[11.68434,55.72163],[11.65724,55.73086],[11.6823,55.74128],[11.76271,55.7495],[11.75587,55.77293],[11.73878,55.79735],[11.72039,55.79865],[11.6736,55.78303],[11.60776,55.78303],[11.60776,55.79047],[11.62623,55.7906],[11.65626,55.81098],[11.71762,55.81098],[11.73162,55.83071],[11.71266,55.8581],[11.6631,55.90717],[11.6858,55.91987],[11.71762,55.92084],[11.71144,55.90717],[11.74399,55.90375],[11.7505,55.91039],[11.73878,55.92084],[11.7798,55.96186],[11.76832,55.97053],[11.64088,55.94343],[11.59938,55.94208],[11.58107,55.95185],[11.42693,55.96552],[11.40056,55.96198],[11.27263,55.99657],[11.28191,55.97895],[11.30453,55.96784],[11.38429,55.95083],[11.47739,55.94135],[11.51051,55.90827],[11.50522,55.86872],[11.47755,55.84154],[11.44337,55.84577],[11.42172,55.83198],[11.39845,55.8264],[11.3484,55.83832],[11.37566,55.80793],[11.36402,55.76512],[11.35222,55.75581],[11.25221,55.72907],[11.21616,55.72875],[11.19012,55.73652],[11.17644,55.72907],[11.21803,55.70856],[11.19264,55.70034],[11.16342,55.70539],[11.13754,55.71906],[11.12184,55.73652],[11.16277,55.74274],[11.16277,55.7495],[11.03305,55.72907],[10.8755,55.74274],[10.8755,55.73652],[10.89145,55.73127],[10.96022,55.72435],[10.98463,55.70112],[11.07106,55.67695],[11.08774,55.66014],[10.92994,55.66763],[10.92994,55.66014],[11.03924,55.64346],[11.0879,55.62694],[11.13209,55.59528],[11.14568,55.57612],[11.14845,55.55732],[11.13795,55.54291],[11.08855,55.53384],[11.0809,55.51309],[11.08578,55.50755],[11.115,55.51679],[11.13559,55.51512],[11.16391,55.5019],[11.19646,55.45384],[11.20485,55.43134],[11.20094,55.42121],[11.21315,55.41576],[11.2142,55.4038],[11.20436,55.39183],[11.15919,55.38129],[11.12892,55.36518],[11.08774,55.36595],[11.08774,55.35855],[11.10816,55.33185],[11.12355,55.33185],[11.14235,55.35228],[11.16798,55.35277],[11.19012,55.34544],[11.18824,55.33527],[11.15284,55.32844],[11.24155,55.27851],[11.24195,55.24868],[11.28631,55.25609],[11.28004,55.24234],[11.26783,55.23591],[11.23854,55.24242],[11.24537,55.21479],[11.261,55.20059],[11.32049,55.19465],[11.29998,55.20148],[11.29998,55.20832],[11.36891,55.20832],[11.42319,55.22191],[11.49236,55.20417],[11.50603,55.20832],[11.64943,55.18098],[11.69508,55.20808],[11.71762,55.20832],[11.73308,55.20014],[11.73471,55.18867],[11.71144,55.16791],[11.72853,55.15477],[11.78541,55.15721],[11.80698,55.14688],[11.80958,55.13886],[11.80397,55.13483],[11.71762,55.12572],[11.74342,55.10053],[11.80535,55.07388],[11.82748,55.05069],[11.6159,55.09223],[11.66554,55.06639],[11.72877,55.06428],[11.75563,55.05069],[11.84181,55.03022],[11.88282,54.98176],[11.88282,54.97553],[11.86248,54.96369],[11.84832,54.95913],[11.83758,54.96613],[11.80397,54.94819],[11.75929,54.96809],[11.71144,54.94819],[11.71144,54.94082],[11.73194,54.93529],[11.74203,54.92544],[11.74968,54.87311],[11.79347,54.84455],[11.80909,54.80492],[11.88282,54.75641],[11.87233,54.73994],[11.87582,54.72972],[11.91017,54.72167],[11.87062,54.68037],[11.86915,54.65961],[11.92368,54.59813],[11.92823,54.58397],[11.94907,54.56859],[11.969,54.56977],[11.97145,54.60562],[11.96022,54.66234],[11.9607,54.69408],[12.02272,54.7353],[12.06715,54.78681],[12.17018,54.83832],[12.17018,54.84455],[12.09645,54.8981],[12.04037,54.89301]]}},{"type":"Feature","properties":{"layer":"coastline"},"geometry":{"type":"LineString","coordinates":[[11.51222,56.69546],[11.54371,56.67866],[11.58107,56.68122],[11.61801,56.71133],[11.64943,56.72215],[11.64943,56.72964],[11.60613,56.7204],[11.52084,56.7154],[11.50953,56.71015],[11.51222,56.69546]]}},{"type":"Feature","properties":{"layer":"coastline"},"geometry":{"type":"LineString","coordinates":[[8.82586,56.74384],[8.86744,56.79108],[8.85328,56.79784],[8.88111,56.80537],[8.86394,56.80952],[8.85515,56.81977],[8.84702,56.8531],[8.83644,56.86929],[8.83961,56.87983],[8.86744,56.89411],[8.88266,56.88638],[8.88795,56.86685],[8.9004,56.87482],[8.9227,56.92202],[8.90846,56.94872],[8.92888,56.97663],[8.91627,56.97907],[8.89039,56.95482],[8.86744,56.96296],[8.81365,56.91035],[8.79176,56.91454],[8.76246,56.90542],[8.65162,56.89419],[8.64975,56.87425],[8.65512,56.86685],[8.6211,56.83202],[8.66879,56.82583],[8.64381,56.80805],[8.57301,56.80256],[8.54526,56.79108],[8.55323,56.76813],[8.5228,56.75507],[8.51466,56.73823],[8.55592,56.74384],[8.58627,56.73648],[8.62176,56.71393],[8.64845,56.68106],[8.65838,56.67813],[8.76612,56.69872],[8.77125,56.71597],[8.82586,56.74384]]}},{"type":"Feature","properties":{"layer":"coastline"},"geometry":{"type":"LineString","coordinates":[[11.14235,57.33234],[11.10193,57.32042],[11.02772,57.32069],[11.01008,57.30987],[10.9466,57.30464],[10.88842,57.27486],[10.85499,57.2709],[10.85499,57.26463],[10.8888,57.24534],[10.95181,57.23373],[10.97796,57.20673],[10.9979,57.19791],[11.02884,57.20191],[11.0911,57.25278],[11.09417,57.269],[11.08269,57.28388],[11.06658,57.29133],[11.14323,57.30135],[11.18911,57.29428],[11.1965,57.30282],[11.19728,57.31338],[11.18149,57.33031],[11.14235,57.33234]]}},{"type":"Feature","properties":{"layer":"coastline"},"geometry":{"type":"LineString","coordinates":[[17.12452,57.31928],[17.10402,57.35277],[17.08188,57.34138],[17.0735,57.34321],[17.06528,57.35773],[17.05486,57.35822],[17.01922,57.34455],[16.96648,57.30459],[16.95924,57.2307],[16.94044,57.21284],[16.90992,57.20222],[16.88836,57.11823],[16.84555,57.05907],[16.79363,57.00385],[16.7483,56.94188],[16.73129,56.904],[16.71681,56.89183],[16.63787,56.88247],[16.62086,56.87226],[16.45281,56.63752],[16.44256,56.60871],[16.41944,56.58564],[16.39894,56.54466],[16.39145,56.45869],[16.41407,56.40278],[16.40577,56.38703],[16.40724,56.31997],[16.39894,56.29825],[16.41261,56.27094],[16.41261,56.22931],[16.42848,56.21796],[16.45021,56.21865],[16.4909,56.23957],[16.54119,56.30614],[16.55226,56.3321],[16.56642,56.34614],[16.57586,56.40575],[16.61964,56.47533],[16.62485,56.50365],[16.63844,56.52416],[16.63152,56.53221],[16.63697,56.55972],[16.68279,56.59349],[16.6985,56.64521],[16.75652,56.74746],[16.76873,56.79678],[16.78159,56.81061],[16.83033,56.82583],[16.84181,56.84406],[16.85816,56.8968],[16.88307,56.91625],[16.88453,56.93561],[16.87127,56.96918],[16.89918,56.99641],[16.93393,57.01756],[16.91285,57.02351],[16.89861,57.03807],[16.94321,57.05183],[16.96062,57.06322],[16.97348,57.10419],[17.01531,57.14793],[17.02817,57.18146],[17.04949,57.1883],[17.05047,57.20116],[17.06625,57.22671],[17.06446,57.24189],[17.042,57.2709],[17.07553,57.30512],[17.09702,57.31737],[17.12452,57.31928]]}},{"type":"Feature","properties":{"layer":"coastline"},"geometry":{"type":"LineString","coordinates":[[19.04021,57.86791],[19.01401,57.88129],[19.00213,57.90209],[19.00953,57.90827],[18.99578,57.91206],[18.95655,57.90778],[18.94125,57.90209],[18.94158,57.88882],[18.91725,57.88813],[18.89796,57.89765],[18.91334,57.92133],[18.85133,57.91511],[18.83741,57.91218],[18.8519,57.89126],[18.84409,57.8736],[18.81072,57.85122],[18.80348,57.82575],[18.76466,57.86518],[18.7693,57.88784],[18.74244,57.91791],[18.72381,57.923],[18.67775,57.91389],[18.6408,57.88618],[18.60865,57.83633],[18.5949,57.83137],[18.55014,57.83942],[18.49936,57.82657],[18.46306,57.80317],[18.32504,57.67259],[18.16147,57.57795],[18.12818,57.54816],[18.11199,57.51105],[18.11345,57.48798],[18.14536,57.42617],[18.14617,57.40803],[18.17921,57.37954],[18.16603,57.36709],[18.17115,57.35212],[18.16586,57.33161],[18.15309,57.31342],[18.11557,57.29702],[18.10109,57.27802],[18.09938,57.25898],[18.15984,57.2298],[18.18531,57.14484],[18.22804,57.13369],[18.21437,57.11384],[18.22731,57.10749],[18.22511,57.09492],[18.20086,57.07282],[18.20086,57.06538],[18.22332,57.06029],[18.29021,57.09272],[18.26564,57.04149],[18.20086,57.01756],[18.20387,56.98627],[18.13868,56.92202],[18.16969,56.91201],[18.20395,56.91519],[18.31153,56.94806],[18.32146,56.96906],[18.35841,56.98969],[18.34474,56.99714],[18.34474,57.00397],[18.40008,57.00397],[18.36427,57.01142],[18.3379,57.03124],[18.34474,57.08275],[18.35987,57.09614],[18.4546,57.12743],[18.38575,57.12743],[18.40642,57.14301],[18.57814,57.19575],[18.57814,57.20197],[18.56446,57.20197],[18.56446,57.20942],[18.59148,57.21869],[18.68051,57.22993],[18.71412,57.24291],[18.71095,57.27432],[18.67368,57.27766],[18.66676,57.29678],[18.68043,57.31049],[18.77019,57.36449],[18.80152,57.37621],[18.84116,57.38288],[18.85816,57.39435],[18.87916,57.3876],[18.92628,57.39265],[18.92612,57.4182],[18.90886,57.43915],[18.87973,57.4492],[18.86891,57.43529],[18.78981,57.44896],[18.80348,57.46943],[18.7732,57.47223],[18.76881,57.48184],[18.77613,57.49746],[18.7614,57.50764],[18.78981,57.54828],[18.79469,57.57807],[18.81031,57.60733],[18.76246,57.61717],[18.76466,57.6269],[18.79664,57.67552],[18.81031,57.70966],[18.80714,57.73444],[18.82081,57.73701],[18.86525,57.72333],[18.94125,57.72956],[18.93214,57.74079],[18.93214,57.75227],[18.94752,57.77049],[18.94874,57.78266],[18.95777,57.78461],[18.98162,57.77049],[18.98658,57.80744],[19.01498,57.82201],[19.08522,57.82575],[19.04021,57.86791]]}},{"type":"Feature","properties":{"layer":"coastline"},"geometry":{"type":"LineString","coordinates":[[19.27296,57.97655],[19.22674,57.9737],[19.22242,57.99022],[19.20582,57.98347],[19.16342,57.98713],[19.14861,57.97907],[19.09832,57.97655],[19.06788,57.93936],[19.03956,57.91698],[19.03679,57.90522],[19.08448,57.85936],[19.12965,57.84687],[19.16033,57.88032],[19.16065,57.89606],[19.1399,57.90827],[19.16196,57.92597],[19.20533,57.93513],[19.24789,57.95246],[19.29607,57.94367],[19.31056,57.95673],[19.33855,57.96357],[19.30568,57.97639],[19.27296,57.97655]]}},{"type":"Feature","properties":{"layer":"coastline"},"geometry":{"type":"LineString","coordinates":[[11.73878,58.05854],[11.71656,58.06452],[11.65968,58.04548],[11.52475,58.05073],[11.50587,58.04605],[11.49789,58.02806],[11.50563,58.01301],[11.56756,58.00389],[11.51564,58.0008],[11.51246,57.99262],[11.52784,57.95429],[11.59474,57.93561],[11.61891,57.95425],[11.65065,57.95539],[11.67937,58.00625],[11.69508,58.01508],[11.71144,58.01138],[11.71022,57.99291],[11.73194,57.99771],[11.74562,58.03119],[11.73846,58.04149],[11.73878,58.05854]]}},{"type":"Feature","properties":{"layer":"coastline"},"geometry":{"type":"LineString","coordinates":[[11.80698,58.23041],[11.7894,58.24641],[11.74985,58.26288],[11.73878,58.2851],[11.68637,58.2912],[11.66993,58.2851],[11.67742,58.27139],[11.66,58.25812],[11.6631,58.23725],[11.60157,58.23725],[11.56267,58.21955],[11.52784,58.21279],[11.42897,58.16096],[11.40887,58.1457],[11.40659,58.13109],[11.44744,58.10346],[11.45769,58.07217],[11.46388,58.07217],[11.46388,58.10688],[11.49562,58.08991],[11.51629,58.08601],[11.53395,58.10688],[11.5853,58.12311],[11.61232,58.1186],[11.62892,58.10008],[11.65463,58.10798],[11.70818,58.09821],[11.75668,58.11831],[11.8047,58.12572],[11.81381,58.14448],[11.81528,58.18928],[11.80698,58.23041]]}},{"type":"Feature","properties":{"layer":"coastline"},"geometry":{"type":"LineString","coordinates":[[19.33172,58.36762],[19.30568,58.37897],[19.22242,58.39496],[19.18775,58.39496],[19.21412,58.35468],[19.25034,58.34284],[19.29119,58.35025],[19.33172,58.36762]]}},{"type":"Feature","properties":{"layer":"coastline"},"geometry":{"type":"LineString","coordinates":[[18.43043,59.25829],[18.46827,59.2521],[18.52036,59.22866],[18.55161,59.2259],[18.57814,59.24462],[18.5324,59.24189],[18.51726,59.24901],[18.51612,59.27131],[18.53907,59.25995],[18.61231,59.25829],[18.52345,59.28864],[18.46168,59.29825],[18.34474,59.29926],[18.4131,59.27875],[18.43043,59.25829]]}},{"type":"Feature","properties":{"layer":"coastline"},"geometry":{"type":"LineString","coordinates":[[5.27687,59.29926],[5.28647,59.32038],[5.28028,59.33027],[5.25392,59.34797],[5.24488,59.36921],[5.20851,59.41596],[5.18588,59.41474],[5.18002,59.40058],[5.18849,59.38398],[5.20851,59.37494],[5.19874,59.36188],[5.17449,59.34927],[5.17384,59.33405],[5.18279,59.32001],[5.22828,59.28559],[5.17872,59.29222],[5.16528,59.27343],[5.17312,59.26871],[5.16617,59.19568],[5.18843,59.15725],[5.20855,59.14289],[5.23593,59.14106],[5.29709,59.16888],[5.30236,59.2055],[5.31738,59.22885],[5.31793,59.25654],[5.3141,59.2736],[5.27898,59.29255],[5.27687,59.29926]]}},{"type":"Feature","properties":{"layer":"coastline"},"geometry":{"type":"LineString","coordinates":[[5.30714,59.75861],[5.29322,59.76447],[5.25978,59.80268],[5.22722,59.80732],[5.22023,59.82661],[5.19418,59.83369],[5.16831,59.85],[5.15398,59.87466],[5.10483,59.86848],[5.13893,59.84081],[5.14649,59.82746],[5.12843,59.83161],[5.11842,59.82001],[5.09864,59.82746],[5.09742,59.80931],[5.07618,59.79462],[5.07065,59.78278],[5.07618,59.7663],[5.08953,59.76227],[5.11842,59.77904],[5.12485,59.76187],[5.188,59.75861],[5.13136,59.71198],[5.11671,59.6857],[5.11166,59.65241],[5.11541,59.63605],[5.15284,59.59162],[5.17709,59.59748],[5.20167,59.61457],[5.19418,59.62141],[5.20151,59.63312],[5.188,59.6555],[5.20851,59.68285],[5.16017,59.65522],[5.15398,59.66983],[5.19418,59.71385],[5.18995,59.7364],[5.19418,59.74494],[5.2256,59.75519],[5.26059,59.73387],[5.27345,59.73501],[5.27003,59.75178],[5.28932,59.74982],[5.31031,59.70332],[5.27003,59.68968],[5.27003,59.68285],[5.29078,59.68354],[5.34498,59.71015],[5.31764,59.75227],[5.30714,59.75861]]}},{"type":"Feature","properties":{"layer":"coastline"},"geometry":{"type":"LineString","coordinates":[[5.48911,59.86103],[5.42066,59.93838],[5.38819,59.95775],[5.34498,59.96406],[5.32618,59.97651],[5.30405,59.97769],[5.28289,59.96662],[5.2754,59.95966],[5.29754,59.95099],[5.25017,59.90941],[5.26197,59.89509],[5.25636,59.87466],[5.28484,59.84821],[5.3143,59.78945],[5.35231,59.77766],[5.36638,59.78046],[5.37794,59.79291],[5.40187,59.7873],[5.40651,59.77904],[5.39959,59.77123],[5.35816,59.7722],[5.36329,59.76407],[5.38966,59.75861],[5.42189,59.75898],[5.4817,59.78791],[5.49781,59.80341],[5.48911,59.86103]]}},{"type":"Feature","properties":{"layer":"coastline"},"geometry":{"type":"LineString","coordinates":[[5.61915,60.07392],[5.59457,60.05996],[5.57789,60.06647],[5.51295,60.06025],[5.48414,60.04637],[5.46168,60.0528],[5.43971,60.03242],[5.45362,60.00959],[5.44939,60.00503],[5.37526,60.00251],[5.36183,59.99535],[5.37241,59.97769],[5.41017,59.95767],[5.45427,59.95099],[5.47682,59.96296],[5.48911,59.9156],[5.50807,59.89912],[5.52809,59.90176],[5.57154,59.92304],[5.59156,59.9228],[5.62241,59.9112],[5.6399,59.9156],[5.60613,59.95051],[5.60524,59.96223],[5.65284,60.00092],[5.66041,60.01691],[5.66041,60.06647],[5.65675,60.07884],[5.61915,60.07392]]}},{"type":"Feature","properties":{"layer":"coastline"},"geometry":{"type":"LineString","coordinates":[[22.40838,60.0528],[22.38722,60.05166],[22.38266,60.07453],[22.37062,60.08076],[22.35483,60.07563],[22.34889,60.06322],[22.3532,60.03229],[22.38282,59.99258],[22.39454,60.00503],[22.40952,60.00935],[22.44264,59.9975],[22.44947,60.06647],[22.43043,60.08185],[22.41179,60.08519],[22.40187,60.07575],[22.40838,60.0528]]}},{"type":"Feature","properties":{"layer":"coastline"},"geometry":{"type":"LineString","coordinates":[[20.2776,60.14216],[20.25571,60.14541],[20.25327,60.13858],[20.26393,60.11823],[20.25807,60.10798],[20.22242,60.1496],[20.19825,60.10407],[20.20191,60.08755],[20.26629,60.06049],[20.2776,60.06647],[20.26889,60.08601],[20.29762,60.12153],[20.2776,60.14216]]}},{"type":"Feature","properties":{"layer":"coastline"},"geometry":{"type":"LineString","coordinates":[[21.49659,60.13532],[21.53305,60.13703],[21.549,60.13345],[21.55812,60.12165],[21.51856,60.12287],[21.48227,60.11481],[21.51441,60.09736],[21.57203,60.10737],[21.61313,60.10212],[21.62631,60.10737],[21.63697,60.12368],[21.61329,60.1291],[21.64747,60.14509],[21.65431,60.15583],[21.61451,60.16889],[21.57106,60.17036],[21.5298,60.15941],[21.49659,60.13532]]}},{"type":"Feature","properties":{"layer":"coastline"},"geometry":{"type":"LineString","coordinates":[[21.74366,60.19062],[21.70818,60.17178],[21.70509,60.16071],[21.7225,60.15583],[21.7225,60.1496],[21.70265,60.14216],[21.70688,60.12958],[21.69581,60.12165],[21.72022,60.11371],[21.78321,60.12324],[21.80568,60.13532],[21.79656,60.14138],[21.82618,60.1496],[21.79152,60.15583],[21.86785,60.15583],[21.84604,60.17011],[21.88771,60.17634],[21.88771,60.18374],[21.85353,60.19676],[21.74366,60.19062]]}},{"type":"Feature","properties":{"layer":"coastline"},"geometry":{"type":"LineString","coordinates":[[21.35328,60.21109],[21.30641,60.2097],[21.28517,60.20384],[21.27068,60.19062],[21.35711,60.17446],[21.38054,60.16266],[21.38738,60.16266],[21.39422,60.17866],[21.40935,60.18452],[21.4489,60.18374],[21.4489,60.19062],[21.36891,60.1966],[21.35328,60.21109]]}},{"type":"Feature","properties":{"layer":"coastline"},"geometry":{"type":"LineString","coordinates":[[22.05893,60.21109],[22.04176,60.21141],[21.99757,60.19062],[21.93539,60.17634],[21.95069,60.14908],[21.97771,60.13548],[22.00929,60.13727],[22.03785,60.15583],[22.01124,60.17011],[22.07203,60.19676],[22.05893,60.21109]]}},{"type":"Feature","properties":{"layer":"coastline"},"geometry":{"type":"LineString","coordinates":[[25.81422,60.20767],[25.82065,60.19721],[25.83562,60.19603],[25.86313,60.20425],[25.87623,60.21723],[25.82203,60.2163],[25.81422,60.20767]]}},{"type":"Feature","properties":{"layer":"coastline"},"geometry":{"type":"LineString","coordinates":[[22.20924,60.20425],[22.23227,60.18496],[22.2693,60.19587],[22.29689,60.22126],[22.29176,60.24518],[22.27166,60.253],[22.24586,60.24307],[22.20924,60.20425]]}},{"type":"Feature","properties":{"layer":"coastline"},"geometry":{"type":"LineString","coordinates":[[19.6395,60.22093],[19.63445,60.24014],[19.60841,60.2569],[19.57887,60.26048],[19.56788,60.25511],[19.53712,60.23216],[19.53728,60.20112],[19.51319,60.18378],[19.52703,60.14863],[19.54461,60.13475],[19.5652,60.12995],[19.58481,60.13532],[19.59962,60.14912],[19.60328,60.16401],[19.59164,60.19676],[19.64698,60.15583],[19.67107,60.15811],[19.67091,60.19058],[19.6395,60.22093]]}},{"type":"Feature","properties":{"layer":"coastline"},"geometry":{"type":"LineString","coordinates":[[20.42791,60.26569],[20.41098,60.25951],[20.37965,60.26968],[20.3589,60.26569],[20.34702,60.25288],[20.34539,60.2377],[20.35304,60.22883],[20.38266,60.24071],[20.38771,60.22187],[20.38087,60.19888],[20.39291,60.19676],[20.44142,60.24518],[20.43897,60.2582],[20.42791,60.26569]]}},{"type":"Feature","properties":{"layer":"coastline"},"geometry":{"type":"LineString","coordinates":[[20.81886,60.23216],[20.81137,60.24518],[20.83888,60.24681],[20.8506,60.25361],[20.85304,60.26569],[20.80519,60.2862],[20.78728,60.28632],[20.7811,60.26366],[20.79054,60.23871],[20.81886,60.23216]]}},{"type":"Feature","properties":{"layer":"coastline"},"geometry":{"type":"LineString","coordinates":[[25.62233,60.23835],[25.60336,60.2154],[25.636,60.20425],[25.6338,60.21833],[25.64373,60.2281],[25.68442,60.24518],[25.58172,60.29637],[25.56446,60.27827],[25.57016,60.25804],[25.59205,60.24258],[25.62233,60.23835]]}},{"type":"Feature","properties":{"layer":"coastline"},"geometry":{"type":"LineString","coordinates":[[22.84352,60.24177],[22.81495,60.227],[22.62062,60.21109],[22.56658,60.19331],[22.46648,60.18374],[22.45102,60.18854],[22.47731,60.22468],[22.44809,60.22138],[22.41521,60.1496],[22.60027,60.14216],[22.60027,60.13532],[22.48048,60.13231],[22.42213,60.11481],[22.47364,60.09097],[22.47145,60.05899],[22.47731,60.04658],[22.46957,60.02367],[22.4699,59.9975],[22.52996,60.00825],[22.59343,60.04658],[22.58961,60.03278],[22.57488,60.01703],[22.57911,60.00495],[22.59148,60.01093],[22.59897,60.00804],[22.60027,59.98452],[22.60646,59.98452],[22.60841,60.00015],[22.65496,60.03229],[22.68214,59.9975],[22.70541,60.0069],[22.72983,60.00495],[22.75799,60.03229],[22.73048,60.03974],[22.73048,60.04658],[22.81316,60.0821],[22.84685,60.11103],[22.83302,60.14216],[22.84034,60.15583],[22.81935,60.16266],[22.84034,60.17011],[22.83351,60.19306],[22.83985,60.20112],[22.86687,60.20746],[22.88453,60.2353],[22.94947,60.27045],[22.95639,60.29295],[22.92075,60.2967],[22.89096,60.28555],[22.84352,60.24177]]}},{"type":"Feature","properties":{"layer":"coastline"},"geometry":{"type":"LineString","coordinates":[[22.10678,60.31346],[22.08383,60.30146],[22.07667,60.28352],[22.08009,60.26948],[22.10963,60.27131],[22.16334,60.25922],[22.1819,60.27871],[22.14088,60.27871],[22.18116,60.28132],[22.20395,60.27631],[22.21664,60.26569],[22.20086,60.25434],[22.21551,60.25312],[22.261,60.25886],[22.28981,60.27314],[22.31284,60.26569],[22.3318,60.26944],[22.33961,60.2862],[22.3213,60.29707],[22.24977,60.31147],[22.10678,60.31346]]}},{"type":"Feature","properties":{"layer":"coastline"},"geometry":{"type":"LineString","coordinates":[[22.38795,60.32095],[22.36744,60.29295],[22.4253,60.29906],[22.47731,60.32095],[22.469,60.33153],[22.40162,60.34138],[22.3982,60.35505],[22.35027,60.34785],[22.31284,60.32095],[22.3506,60.31367],[22.38795,60.32095]]}},{"type":"Feature","properties":{"layer":"coastline"},"geometry":{"type":"LineString","coordinates":[[20.20875,60.22468],[20.23601,60.23216],[20.2776,60.27871],[20.23805,60.28156],[20.20191,60.29295],[20.18141,60.2862],[20.19207,60.31232],[20.17807,60.32298],[20.12615,60.33393],[20.09303,60.35513],[20.07203,60.34992],[20.02369,60.36127],[20.03679,60.33393],[19.99562,60.35643],[19.96998,60.3614],[19.9275,60.35643],[19.90642,60.40217],[19.88234,60.40559],[19.83815,60.40046],[19.81764,60.38858],[19.79298,60.36054],[19.77735,60.35505],[19.81918,60.34683],[19.85768,60.31322],[19.87599,60.33763],[19.8895,60.34467],[19.924,60.31428],[19.93434,60.28242],[19.90553,60.2718],[19.89283,60.30663],[19.87973,60.25886],[19.85865,60.24518],[19.85182,60.21723],[19.81764,60.23216],[19.8235,60.20848],[19.82179,60.19599],[19.81422,60.19062],[19.792,60.20014],[19.78419,60.22468],[19.76515,60.24897],[19.79656,60.29979],[19.74936,60.30663],[19.77052,60.2862],[19.70932,60.26887],[19.68849,60.23835],[19.69142,60.25654],[19.68287,60.26435],[19.64698,60.26569],[19.67091,60.21723],[19.68238,60.21198],[19.69467,60.17011],[19.76303,60.07392],[19.78891,60.09626],[19.80698,60.09984],[19.82447,60.09439],[19.82325,60.0843],[19.83172,60.0795],[19.84506,60.07868],[19.86834,60.08552],[19.8733,60.09642],[19.88657,60.10122],[19.91033,60.10106],[19.924,60.09154],[19.94117,60.06025],[19.93775,60.05036],[19.9485,60.04767],[19.95818,60.05378],[19.94899,60.08389],[19.96599,60.09113],[20.00636,60.09439],[20.04477,60.08747],[20.05047,60.09781],[20.03053,60.11481],[20.03297,60.14435],[20.0442,60.17634],[20.01002,60.15583],[19.98731,60.17304],[19.94361,60.18623],[19.91725,60.20767],[19.91456,60.21821],[19.95484,60.22468],[19.95574,60.21284],[19.94801,60.20425],[19.96412,60.19481],[20.01629,60.18374],[20.0149,60.20234],[20.03053,60.21723],[19.99399,60.24144],[19.97975,60.26105],[19.97592,60.27871],[20.00327,60.26703],[20.02491,60.27643],[20.03386,60.29389],[20.02369,60.31346],[20.06129,60.31005],[20.05714,60.29316],[20.02369,60.25511],[20.03191,60.2364],[20.06088,60.21475],[20.05787,60.19062],[20.06471,60.19062],[20.08188,60.22337],[20.11101,60.23945],[20.18824,60.24518],[20.17237,60.23282],[20.12289,60.23078],[20.10231,60.22093],[20.08888,60.19587],[20.08709,60.1822],[20.09547,60.17634],[20.13697,60.17634],[20.16196,60.16714],[20.17457,60.17011],[20.20094,60.19941],[20.22975,60.20425],[20.20875,60.22468]]}},{"type":"Feature","properties":{"layer":"coastline"},"geometry":{"type":"LineString","coordinates":[[5.11166,60.20051],[5.09864,60.25141],[5.05844,60.27521],[5.0503,60.2862],[5.08286,60.28555],[5.09767,60.29816],[5.09376,60.32022],[5.07065,60.3476],[5.00221,60.39997],[4.97682,60.44123],[4.9489,60.43915],[4.94459,60.43024],[4.9546,60.40595],[4.97193,60.38398],[4.96078,60.36811],[4.97096,60.33283],[5.02019,60.30768],[5.03663,60.31346],[5.02296,60.2862],[4.99244,60.29702],[4.94142,60.29125],[4.9358,60.28555],[4.94793,60.25886],[4.99301,60.22529],[5.01743,60.22077],[5.02296,60.24518],[5.03582,60.23794],[5.05714,60.19367],[5.1032,60.19074],[5.11166,60.20051]]}},{"type":"Feature","properties":{"layer":"coastline"},"geometry":{"type":"LineString","coordinates":[[21.99757,60.33393],[21.99757,60.34138],[21.96339,60.3476],[21.99757,60.35505],[21.98862,60.36591],[21.94223,60.36811],[21.95037,60.37556],[21.89454,60.39598],[21.90699,60.40176],[21.95037,60.39598],[21.93198,60.42333],[21.90463,60.43163],[21.89234,60.4492],[21.83237,60.47114],[21.80812,60.4667],[21.79835,60.44379],[21.84604,60.41649],[21.84604,60.40965],[21.80885,60.40522],[21.79225,60.39696],[21.78533,60.38544],[21.79412,60.37397],[21.90138,60.34138],[21.90138,60.32709],[21.92172,60.33393],[21.96062,60.32754],[21.99757,60.33393]]}},{"type":"Feature","properties":{"layer":"coastline"},"geometry":{"type":"LineString","coordinates":[[18.55014,60.32709],[18.53679,60.34443],[18.5298,60.36811],[18.50782,60.35602],[18.49431,60.35659],[18.48463,60.3664],[18.41993,60.44379],[18.47446,60.43081],[18.46608,60.44269],[18.42677,60.46491],[18.42677,60.48542],[18.40626,60.50585],[18.37875,60.5078],[18.37517,60.50039],[18.38803,60.47891],[18.38917,60.39102],[18.40219,60.36982],[18.45883,60.35383],[18.51433,60.32095],[18.5669,60.30744],[18.56788,60.32127],[18.55014,60.32709]]}},{"type":"Feature","properties":{"layer":"coastline"},"geometry":{"type":"LineString","coordinates":[[21.72592,60.48168],[21.76051,60.51203],[21.76417,60.52578],[21.74187,60.52643],[21.7142,60.50861],[21.69093,60.48408],[21.68165,60.46491],[21.688,60.45531],[21.70069,60.4597],[21.72592,60.48168]]}},{"type":"Feature","properties":{"layer":"coastline"},"geometry":{"type":"LineString","coordinates":[[4.97779,60.52432],[4.99057,60.50617],[5.00587,60.49844],[5.04396,60.50641],[5.05372,60.50214],[5.06332,60.47679],[5.07814,60.47797],[5.07814,60.47114],[5.06446,60.46491],[5.07895,60.45555],[5.13282,60.44379],[5.11573,60.42805],[5.12501,60.40241],[5.1399,60.40184],[5.19239,60.41877],[5.20436,60.43183],[5.20476,60.44916],[5.19418,60.47114],[5.15016,60.50137],[5.02638,60.52289],[4.98194,60.55305],[4.96078,60.55988],[4.97779,60.52432]]}},{"type":"Feature","properties":{"layer":"coastline"},"geometry":{"type":"LineString","coordinates":[[21.3191,60.48168],[21.32488,60.48208],[21.30494,60.51895],[21.27849,60.5423],[21.25025,60.55988],[21.22918,60.55988],[21.26059,60.51972],[21.25025,60.49844],[21.26596,60.49006],[21.3191,60.48168]]}},{"type":"Feature","properties":{"layer":"coastline"},"geometry":{"type":"LineString","coordinates":[[21.39422,60.55988],[21.33383,60.55736],[21.32594,60.54316],[21.32862,60.52534],[21.33611,60.51944],[21.36012,60.53319],[21.37127,60.50837],[21.39226,60.48998],[21.44264,60.47114],[21.43068,60.48115],[21.4336,60.48908],[21.46315,60.49226],[21.45631,60.50678],[21.46315,60.52578],[21.48227,60.52578],[21.46193,60.53937],[21.41098,60.54291],[21.39422,60.55988]]}},{"type":"Feature","properties":{"layer":"coastline"},"geometry":{"type":"LineString","coordinates":[[21.29868,60.56733],[21.29868,60.57416],[21.2815,60.57563],[21.27833,60.58613],[21.29119,60.61514],[21.27491,60.62678],[21.27068,60.64305],[21.25929,60.64753],[21.24342,60.62873],[21.21388,60.61636],[21.23316,60.5939],[21.26441,60.58784],[21.28102,60.56635],[21.29868,60.56733]]}},{"type":"Feature","properties":{"layer":"coastline"},"geometry":{"type":"LineString","coordinates":[[5.68767,60.67658],[5.6657,60.68879],[5.63608,60.69261],[5.60841,60.68842],[5.59156,60.67658],[5.58774,60.64252],[5.56967,60.62507],[5.43434,60.57783],[5.40903,60.55801],[5.32399,60.54682],[5.39283,60.51211],[5.43556,60.47651],[5.50213,60.43696],[5.6089,60.44379],[5.62452,60.46686],[5.67596,60.47289],[5.68141,60.48168],[5.674,60.54682],[5.68767,60.61172],[5.68767,60.67658]]}},{"type":"Feature","properties":{"layer":"coastline"},"geometry":{"type":"LineString","coordinates":[[21.26441,60.88202],[21.31813,60.88019],[21.32594,60.88947],[21.32789,60.91014],[21.37428,60.93041],[21.33709,60.94672],[21.30494,60.97138],[21.27003,60.96796],[21.24342,60.95087],[21.28321,60.94282],[21.31227,60.923],[21.29119,60.90998],[21.29868,60.8957],[21.27662,60.88911],[21.22779,60.89973],[21.2024,60.88947],[21.26441,60.88202]]}},{"type":"Feature","properties":{"layer":"coastline"},"geometry":{"type":"LineString","coordinates":[[4.96078,61.17744],[4.94353,61.19017],[4.91993,61.19111],[4.93426,61.17744],[4.90008,61.16999],[4.9061,61.14643],[4.89527,61.13736],[4.87281,61.19465],[4.86248,61.20344],[4.84474,61.19733],[4.87208,61.13646],[4.86329,61.12173],[4.85133,61.1293],[4.83058,61.16324],[4.81837,61.15542],[4.79461,61.15375],[4.79021,61.14614],[4.79526,61.08291],[4.80323,61.04654],[4.82057,61.07754],[4.85841,61.10114],[4.8755,61.08979],[4.89381,61.0561],[4.98536,61.10489],[4.98731,61.1197],[4.96078,61.17744]]}},{"type":"Feature","properties":{"layer":"coastline"},"geometry":{"type":"LineString","coordinates":[[4.86524,61.88939],[4.86492,61.87303],[4.80323,61.84162],[4.82944,61.83422],[4.92677,61.82795],[4.90008,61.80744],[4.87078,61.81338],[4.87208,61.8006],[4.88966,61.7851],[4.91627,61.78095],[5.01295,61.7958],[5.0534,61.80878],[5.09059,61.82811],[5.12599,61.85586],[5.13746,61.84736],[5.13868,61.83735],[5.11842,61.82111],[5.17661,61.82567],[5.20541,61.83393],[5.22283,61.84846],[4.95297,61.89696],[4.90952,61.89818],[4.86524,61.88939]]}},{"type":"Feature","properties":{"layer":"coastline"},"geometry":{"type":"LineString","coordinates":[[5.73609,62.28046],[5.69646,62.30166],[5.67058,62.29409],[5.59848,62.29702],[5.56324,62.29141],[5.54371,62.27302],[5.5573,62.25995],[5.5394,62.25825],[5.51808,62.24315],[5.60572,62.22582],[5.58326,62.21841],[5.50213,62.22582],[5.51393,62.2202],[5.53004,62.19782],[5.54689,62.19269],[5.70143,62.19107],[5.77833,62.20742],[5.7907,62.21499],[5.79754,62.232],[5.78582,62.23847],[5.78533,62.25169],[5.80445,62.26679],[5.80112,62.27741],[5.73609,62.28046]]}},{"type":"Feature","properties":{"layer":"coastline"},"geometry":{"type":"LineString","coordinates":[[5.98862,62.39647],[5.96746,62.4173],[5.94386,62.42805],[5.917,62.42988],[5.86199,62.4156],[5.8156,62.38573],[5.80445,62.36237],[5.81121,62.34345],[5.84108,62.31306],[5.83172,62.28661],[5.85157,62.28046],[5.81129,62.24567],[5.87403,62.25544],[6.03712,62.33503],[6.07879,62.34186],[5.99952,62.36612],[5.98862,62.39647]]}},{"type":"Feature","properties":{"layer":"coastline"},"geometry":{"type":"LineString","coordinates":[[6.26303,62.42381],[6.20167,62.44489],[6.02345,62.43744],[6.09067,62.40241],[6.16505,62.39655],[6.31837,62.40396],[6.33253,62.41079],[6.3213,62.42284],[6.26303,62.42381]]}},{"type":"Feature","properties":{"layer":"coastline"},"geometry":{"type":"LineString","coordinates":[[6.85279,62.74592],[6.74399,62.72289],[6.71559,62.72549],[6.72242,62.7329],[6.70314,62.73578],[6.68474,62.73017],[6.67481,62.71719],[6.68141,62.69819],[6.64666,62.68452],[6.64666,62.67829],[6.66277,62.67512],[6.67237,62.65599],[6.7492,62.67646],[6.91407,62.69819],[6.91944,62.71719],[6.90447,62.73261],[6.85279,62.74592]]}},{"type":"Feature","properties":{"layer":"coastline"},"geometry":{"type":"LineString","coordinates":[[6.83229,62.84154],[6.79005,62.85765],[6.7776,62.84894],[6.77752,62.83983],[6.80421,62.82225],[6.77223,62.82217],[6.77036,62.81696],[6.88673,62.77509],[6.90056,62.7801],[6.90382,62.79035],[6.88006,62.80801],[6.89633,62.81981],[6.94215,62.82591],[6.94215,62.84154],[6.92433,62.85659],[6.83229,62.84154]]}},{"type":"Feature","properties":{"layer":"coastline"},"geometry":{"type":"LineString","coordinates":[[7.77817,63.08173],[7.72641,63.09382],[7.71274,63.08857],[7.69907,63.06196],[7.68133,63.06126],[7.68133,63.05508],[7.78793,63.02066],[7.84303,63.03217],[7.87338,63.04511],[7.89991,63.06269],[7.91472,63.08173],[7.88673,63.09976],[7.84864,63.09805],[7.77817,63.08173]]}},{"type":"Feature","properties":{"layer":"coastline"},"geometry":{"type":"LineString","coordinates":[[7.64039,63.05508],[7.64959,63.0694],[7.6478,63.10969],[7.62062,63.11762],[7.58513,63.11652],[7.60548,63.08991],[7.60613,63.07844],[7.59555,63.06464],[7.56316,63.0506],[7.57504,63.04426],[7.5652,63.02025],[7.52703,63.04662],[7.50489,63.05439],[7.47641,63.05508],[7.49024,63.06806],[7.40138,63.06126],[7.40138,63.05508],[7.43556,63.04755],[7.42075,63.0432],[7.41733,63.03604],[7.43556,63.02025],[7.37574,63.00605],[7.36655,62.99673],[7.39291,62.97964],[7.46534,62.96548],[7.49024,62.94522],[7.52654,62.94603],[7.62403,62.98965],[7.6644,62.99307],[7.70631,63.00666],[7.68133,63.02025],[7.65203,63.05199],[7.64039,63.05508]]}},{"type":"Feature","properties":{"layer":"coastline"},"geometry":{"type":"LineString","coordinates":[[8.11329,63.23941],[8.07781,63.24116],[8.04713,63.23062],[7.99049,63.19843],[7.93776,63.1861],[7.9284,63.17792],[7.97682,63.14321],[8.02019,63.13793],[8.18849,63.15746],[8.18849,63.16494],[8.16798,63.17792],[8.17075,63.19139],[8.15561,63.21088],[8.11329,63.23941]]}},{"type":"Feature","properties":{"layer":"coastline"},"geometry":{"type":"LineString","coordinates":[[8.4839,63.24681],[8.44597,63.28368],[8.42872,63.28779],[8.41049,63.28339],[8.40138,63.27204],[8.40821,63.23941],[8.39601,63.22687],[8.35353,63.26728],[8.32594,63.25959],[8.28842,63.27717],[8.27296,63.26752],[8.26417,63.23261],[8.3449,63.17646],[8.37403,63.16494],[8.42319,63.16108],[8.56577,63.17792],[8.57472,63.19961],[8.54803,63.2189],[8.4839,63.24681]]}},{"type":"Feature","properties":{"layer":"coastline"},"geometry":{"type":"LineString","coordinates":[[21.42213,63.24681],[21.39633,63.26069],[21.35597,63.26073],[21.31577,63.25194],[21.29119,63.23941],[21.29786,63.22305],[21.28679,63.21137],[21.26441,63.21955],[21.19508,63.22577],[21.19947,63.23029],[21.19508,63.23941],[21.21518,63.26386],[21.24342,63.27481],[21.24342,63.28099],[21.12029,63.27196],[21.07895,63.28779],[21.10279,63.23599],[21.15455,63.20588],[21.15455,63.19843],[21.13356,63.19843],[21.14723,63.1822],[21.18881,63.1916],[21.20737,63.18334],[21.24342,63.1507],[21.30152,63.15615],[21.31853,63.16494],[21.29119,63.17113],[21.29119,63.17792],[21.3628,63.20624],[21.38054,63.20588],[21.36394,63.19367],[21.37745,63.19013],[21.4284,63.19843],[21.41481,63.22044],[21.42213,63.24681]]}},{"type":"Feature","properties":{"layer":"coastline"},"geometry":{"type":"LineString","coordinates":[[21.31853,63.28779],[21.35825,63.31566],[21.37387,63.3334],[21.37428,63.34927],[21.34596,63.36376],[21.22918,63.3288],[21.27752,63.30146],[21.31528,63.30402],[21.31853,63.28779]]}},{"type":"Feature","properties":{"layer":"coastline"},"geometry":{"type":"LineString","coordinates":[[7.91472,63.34248],[7.97381,63.32591],[7.97682,63.31513],[8.03826,63.3288],[8.08668,63.3288],[8.09978,63.34248],[8.13844,63.3509],[8.18165,63.3902],[8.17205,63.40607],[8.12436,63.42597],[8.10076,63.46406],[8.07057,63.47329],[8.00408,63.47281],[7.97543,63.46516],[7.92384,63.43732],[7.83774,63.42878],[7.77817,63.41132],[7.79119,63.40388],[7.78679,63.38276],[7.80633,63.37128],[7.96388,63.35318],[7.99733,63.34248],[7.91472,63.34248]]}},{"type":"Feature","properties":{"layer":"coastline"},"geometry":{"type":"LineString","coordinates":[[9.13868,63.56778],[9.12672,63.56908],[9.12135,63.58198],[9.08009,63.60619],[9.04868,63.60798],[8.98829,63.59276],[8.97438,63.62027],[8.95688,63.63044],[8.97731,63.64411],[8.96518,63.65624],[8.86818,63.64619],[8.86069,63.64033],[8.85475,63.61982],[8.84645,63.61591],[8.83334,63.61677],[8.82765,63.63959],[8.78826,63.64004],[8.6211,63.60993],[8.56471,63.61188],[8.54526,63.60248],[8.58465,63.5871],[8.68181,63.5788],[8.72348,63.56778],[8.69109,63.56342],[8.61801,63.57075],[8.41334,63.55781],[8.31723,63.51317],[8.28842,63.48672],[8.27784,63.46654],[8.28468,63.46654],[8.2824,63.45506],[8.28826,63.44855],[8.29933,63.4455],[8.31853,63.44709],[8.33302,63.45913],[8.39031,63.43382],[8.50359,63.43423],[8.57325,63.45913],[8.66228,63.46833],[8.71803,63.48404],[8.85857,63.48701],[9.10678,63.53327],[9.14186,63.55476],[9.17604,63.5622],[9.17604,63.56778],[9.13868,63.56778]]}},{"type":"Feature","properties":{"layer":"coastline"},"geometry":{"type":"LineString","coordinates":[[20.8392,63.76756],[20.87322,63.7707],[20.88087,63.76073],[20.87355,63.75397],[20.92042,63.77375],[20.90463,63.79352],[20.86492,63.79682],[20.8392,63.76756]]}},{"type":"Feature","properties":{"layer":"coastline"},"geometry":{"type":"LineString","coordinates":[[8.36036,63.67137],[8.44166,63.68505],[8.4559,63.67764],[8.52556,63.69184],[8.4559,63.67137],[8.47584,63.66429],[8.54526,63.67764],[8.74342,63.68793],[8.792,63.69806],[8.82586,63.71979],[8.82553,63.73408],[8.81284,63.76073],[8.81072,63.78164],[8.80535,63.79096],[8.79176,63.79491],[8.80543,63.81538],[8.75245,63.80195],[8.73715,63.80915],[8.6823,63.7801],[8.67506,63.76756],[8.70851,63.77924],[8.74342,63.7744],[8.51808,63.71979],[8.33155,63.70181],[8.27174,63.68505],[8.31349,63.66816],[8.36036,63.67137]]}},{"type":"Feature","properties":{"layer":"coastline"},"geometry":{"type":"LineString","coordinates":[[11.28631,64.55899],[11.26938,64.59223],[11.22926,64.61127],[11.14235,64.63101],[11.08578,64.65205],[11.06658,64.65144],[11.05397,64.64395],[11.03736,64.61445],[11.04298,64.59992],[11.08399,64.58828],[11.19174,64.59561],[11.22486,64.56952],[11.14161,64.57127],[11.12867,64.55585],[11.18019,64.50747],[11.24692,64.51529],[11.28387,64.51325],[11.31577,64.48798],[11.39145,64.48273],[11.41676,64.47272],[11.43897,64.5069],[11.45143,64.51496],[11.42563,64.53974],[11.31218,64.54011],[11.28631,64.55899]]}},{"type":"Feature","properties":{"layer":"coastline"},"geometry":{"type":"LineString","coordinates":[[11.09108,64.9016],[11.09205,64.88963],[11.08025,64.87507],[11.04607,64.85757],[11.04607,64.85008],[11.06756,64.85472],[11.08774,64.85008],[11.0809,64.83584],[11.13217,64.83885],[11.17628,64.84862],[11.26637,64.8937],[11.2658,64.89851],[11.20688,64.90913],[11.16717,64.93732],[11.10133,64.95311],[10.82691,64.85757],[10.82691,64.85008],[10.90691,64.85741],[11.00571,64.89851],[11.09108,64.9016]]}},{"type":"Feature","properties":{"layer":"coastline"},"geometry":{"type":"LineString","coordinates":[[10.84116,64.87739],[10.89894,64.90827],[10.96502,64.91869],[11.115,64.97297],[11.05934,64.99042],[11.03346,64.98823],[11.03248,64.97297],[10.87176,64.92768],[10.78387,64.92402],[10.76564,64.91836],[10.73048,64.87222],[10.71095,64.86371],[10.74513,64.86371],[10.73813,64.85008],[10.84116,64.87739]]}},{"type":"Feature","properties":{"layer":"coastline"},"geometry":{"type":"LineString","coordinates":[[24.99344,65.0551],[24.88284,65.05914],[24.87301,65.06583],[24.89698,65.07242],[24.8831,65.0869],[24.83451,65.0948],[24.65419,65.08022],[24.56275,65.03718],[24.57901,65.00954],[24.6316,64.96784],[24.65838,64.97199],[24.68393,64.99657],[24.71062,64.97297],[24.70069,64.95816],[24.73471,64.95091],[24.78012,64.96678],[24.82732,64.97297],[24.81239,64.97919],[24.75078,64.97597],[24.72237,65.00347],[24.80155,65.02427],[24.81966,65.04328],[24.87738,65.04525],[24.96222,65.03478],[25.02801,65.03462],[25.06182,65.04348],[25.03359,65.05751],[24.99344,65.0551]]}},{"type":"Feature","properties":{"layer":"coastline"},"geometry":{"type":"LineString","coordinates":[[12.22486,65.12377],[12.27166,65.16462],[12.24098,65.1787],[12.20802,65.20726],[12.19093,65.21381],[12.16725,65.21113],[12.11394,65.19257],[12.09506,65.17841],[12.08815,65.14492],[12.09278,65.13556],[12.10759,65.12897],[12.12233,65.13129],[12.06056,65.11762],[12.04347,65.107],[12.04835,65.0854],[11.97902,65.08283],[11.99985,65.0751],[12.1565,65.05549],[12.27027,65.08071],[12.30047,65.0965],[12.30909,65.11058],[12.22486,65.12377]]}},{"type":"Feature","properties":{"layer":"coastline"},"geometry":{"type":"LineString","coordinates":[[12.45143,65.42609],[12.44459,65.46703],[12.39731,65.50755],[12.32472,65.53193],[12.29737,65.56607],[12.27426,65.58173],[12.25864,65.57461],[12.22486,65.54898],[12.24529,65.54149],[12.24041,65.52607],[12.20436,65.48749],[12.23219,65.48749],[12.19744,65.47386],[12.22902,65.46849],[12.25856,65.47297],[12.31422,65.49494],[12.32846,65.46703],[12.21119,65.42609],[12.16082,65.39582],[12.18377,65.38349],[12.21119,65.38508],[12.21119,65.37763],[12.18068,65.35102],[12.14283,65.364],[12.12224,65.35733],[12.08074,65.30878],[12.12233,65.30256],[12.07732,65.23363],[12.05348,65.21996],[12.08058,65.21503],[12.18385,65.2473],[12.24773,65.28046],[12.21119,65.30256],[12.20428,65.31932],[12.21111,65.32465],[12.33644,65.33153],[12.39243,65.36017],[12.44459,65.37084],[12.45875,65.38227],[12.49187,65.38752],[12.5066,65.39814],[12.47495,65.4029],[12.45143,65.42609]]}},{"type":"Feature","properties":{"layer":"coastline"},"geometry":{"type":"LineString","coordinates":[[12.00514,65.6896],[11.99789,65.70014],[11.95444,65.69644],[11.92612,65.70873],[11.82447,65.69302],[11.785,65.6603],[11.75929,65.61791],[11.7798,65.607],[11.84742,65.61416],[11.86915,65.61042],[11.84864,65.60419],[11.85939,65.59838],[11.8899,65.60419],[11.90707,65.59032],[11.91684,65.58999],[11.97145,65.63154],[11.97299,65.64956],[11.95786,65.66502],[11.99977,65.67805],[12.00514,65.6896]]}},{"type":"Feature","properties":{"layer":"coastline"},"geometry":{"type":"LineString","coordinates":[[12.69801,65.99775],[12.65821,65.98127],[12.61524,65.97419],[12.60857,65.97993],[12.65008,66.01508],[12.62721,66.02302],[12.60133,66.02167],[12.49122,65.99063],[12.47242,65.98094],[12.43092,65.93256],[12.38356,65.90648],[12.36883,65.89159],[12.47869,65.89838],[12.47071,65.88752],[12.43092,65.87108],[12.46583,65.87328],[12.49269,65.87979],[12.62338,65.94213],[12.67482,65.95222],[12.73406,65.97557],[12.85768,66.00047],[12.89015,66.00145],[12.90382,66.01508],[12.86004,66.0268],[12.8003,66.02481],[12.7409,66.01358],[12.69801,65.99775]]}},{"type":"Feature","properties":{"layer":"coastline"},"geometry":{"type":"LineString","coordinates":[[12.57423,66.07591],[12.60027,66.08869],[12.64039,66.09028],[12.65691,66.10391],[12.64666,66.11319],[12.5879,66.11131],[12.5879,66.1175],[12.62192,66.13117],[12.54705,66.13117],[12.54705,66.13862],[12.61183,66.15681],[12.61207,66.16938],[12.59522,66.20502],[12.5617,66.22114],[12.55144,66.22036],[12.54298,66.20197],[12.43092,66.17276],[12.43092,66.16596],[12.50424,66.17585],[12.54217,66.1706],[12.57423,66.15851],[12.48748,66.13508],[12.47242,66.11131],[12.386,66.1009],[12.34213,66.08344],[12.34213,66.07591],[12.41717,66.09024],[12.4297,66.0871],[12.38006,66.05659],[12.33473,66.04243],[12.2942,66.01508],[12.53338,66.0607],[12.57423,66.07591]]}},{"type":"Feature","properties":{"layer":"coastline"},"geometry":{"type":"LineString","coordinates":[[14.27369,67.16584],[14.24684,67.17373],[14.17189,67.11127],[14.15219,67.10712],[14.06691,67.13496],[14.0573,67.13304],[14.06202,67.11872],[14.03077,67.09805],[13.99301,67.08393],[13.99301,67.0777],[14.10011,67.06167],[14.14698,67.0327],[14.15821,67.00141],[14.19223,67.00357],[14.2059,67.00886],[14.1985,67.02253],[14.2151,67.03242],[14.21274,67.04922],[14.19239,67.08393],[14.23959,67.11547],[14.27369,67.16584]]}},{"type":"Feature","properties":{"layer":"coastline"},"geometry":{"type":"LineString","coordinates":[[13.0547,68.09813],[13.07504,68.08511],[13.06227,68.07087],[13.01368,68.0572],[12.97918,68.03653],[12.93116,67.98896],[12.92774,67.96467],[12.90016,67.95783],[12.88917,67.92866],[12.84164,67.8791],[12.84848,67.8548],[12.79444,67.82062],[12.78712,67.81013],[12.84197,67.81562],[12.87086,67.82514],[12.89731,67.8559],[13.01368,67.8791],[13.01791,67.89086],[13.03305,67.89647],[13.04664,67.91547],[13.04127,67.92341],[13.0241,67.92866],[12.97202,67.93427],[12.96022,67.94098],[12.97088,67.94953],[12.98569,67.94794],[12.97682,67.96947],[13.04037,67.9405],[13.12387,67.944],[13.13087,67.96385],[13.11085,68.02827],[13.07504,68.00943],[13.0503,68.01655],[13.0503,68.02456],[13.08123,68.03742],[13.12062,68.03824],[13.13657,68.05036],[13.09555,68.05036],[13.09555,68.0572],[13.12159,68.06232],[13.1434,68.07762],[13.15699,68.07762],[13.15699,68.08511],[13.0796,68.10419],[13.0547,68.10497],[13.0547,68.09813]]}},{"type":"Feature","properties":{"layer":"coastline"},"geometry":{"type":"LineString","coordinates":[[13.28053,68.12914],[13.33863,68.08601],[13.32838,68.06342],[13.31218,68.0583],[13.27687,68.0882],[13.25831,68.09561],[13.23927,68.09211],[13.16847,68.04975],[13.16375,68.02558],[13.1727,68.00902],[13.19337,68.01679],[13.19703,68.03343],[13.21551,68.03669],[13.22438,68.02143],[13.22535,67.99885],[13.23862,67.98554],[13.32154,68.02985],[13.3567,68.01065],[13.36622,68.01276],[13.37989,68.05036],[13.41375,68.08299],[13.43767,68.12604],[13.4004,68.14594],[13.33058,68.15575],[13.29566,68.15229],[13.28053,68.12914]]}},{"type":"Feature","properties":{"layer":"coastline"},"geometry":{"type":"LineString","coordinates":[[15.0005,68.36506],[15.00392,68.37763],[15.01417,68.3793],[15.01881,68.37653],[15.01417,68.35883],[15.03419,68.36347],[15.17237,68.45441],[15.06332,68.44872],[15.00978,68.42805],[14.92986,68.43732],[14.89747,68.4339],[14.88445,68.41983],[14.88038,68.38597],[14.78354,68.35415],[14.75408,68.35139],[14.75408,68.35883],[14.82195,68.38984],[14.82244,68.40973],[14.7964,68.4267],[14.76092,68.4339],[14.71412,68.42329],[14.70574,68.41348],[14.70753,68.37792],[14.67823,68.39566],[14.67164,68.4169],[14.65349,68.42853],[14.54176,68.40599],[14.55299,68.39403],[14.5818,68.38109],[14.58961,68.36506],[14.49342,68.38556],[14.38356,68.3725],[14.43816,68.35883],[14.4358,68.34431],[14.44402,68.33731],[14.46608,68.34455],[14.49643,68.31631],[14.49562,68.30606],[14.47291,68.30419],[14.44272,68.31843],[14.43165,68.30541],[14.41342,68.29731],[14.42506,68.29059],[14.42506,68.28315],[14.39527,68.28734],[14.35792,68.3205],[14.3283,68.32404],[14.3034,68.312],[14.29672,68.29316],[14.30592,68.27448],[14.3283,68.26264],[14.28883,68.26191],[14.25318,68.24958],[14.27418,68.23701],[14.35621,68.24213],[14.23487,68.22004],[14.1985,68.20116],[14.21974,68.17597],[14.1985,68.15278],[14.27703,68.16779],[14.31218,68.16804],[14.3283,68.17329],[14.32203,68.18692],[14.38356,68.18073],[14.40707,68.19245],[14.49822,68.19672],[14.57203,68.21988],[14.61492,68.22455],[14.67164,68.24958],[14.62379,68.26264],[14.63941,68.27245],[14.69386,68.2862],[14.70314,68.29682],[14.69207,68.31037],[14.71876,68.33763],[14.73365,68.33771],[14.7566,68.31737],[14.77459,68.31786],[14.72291,68.27961],[14.71998,68.26264],[14.73553,68.25495],[14.76319,68.25902],[14.93629,68.32787],[14.97934,68.33771],[14.94532,68.35139],[15.0005,68.36506]]}},{"type":"Feature","properties":{"layer":"coastline"},"geometry":{"type":"LineString","coordinates":[[16.42286,68.49193],[16.41212,68.51948],[16.35873,68.53486],[16.22169,68.52375],[16.19215,68.51496],[16.16896,68.49909],[16.13771,68.46869],[16.11769,68.4339],[16.17237,68.42772],[16.11541,68.41035],[16.0949,68.39753],[16.12355,68.37922],[16.17921,68.39981],[16.23072,68.40957],[16.39861,68.41348],[16.41407,68.4184],[16.40528,68.42943],[16.37159,68.44758],[16.46656,68.46869],[16.42286,68.49193]]}},{"type":"Feature","properties":{"layer":"coastline"},"geometry":{"type":"LineString","coordinates":[[17.05291,68.81753],[17.01564,68.86001],[17.00099,68.85859],[16.97429,68.84544],[16.91098,68.79707],[16.84425,68.77326],[16.83033,68.74714],[16.81666,68.73558],[16.84099,68.72541],[17.10499,68.75804],[17.14568,68.77033],[17.1316,68.78339],[17.05291,68.81753]]}},{"type":"Feature","properties":{"layer":"coastline"},"geometry":{"type":"LineString","coordinates":[[17.20639,68.89326],[17.22047,68.88223],[17.28224,68.85847],[17.25587,68.85541],[17.22592,68.8614],[17.1045,68.92503],[17.08351,68.91376],[17.08717,68.89851],[17.1587,68.86591],[17.17237,68.84797],[17.17823,68.81501],[17.22364,68.79304],[17.26222,68.79365],[17.29981,68.80366],[17.34897,68.83515],[17.44044,68.86591],[17.40553,68.89228],[17.36427,68.90933],[17.31967,68.91844],[17.22495,68.92113],[17.20533,68.91327],[17.20639,68.89326]]}},{"type":"Feature","properties":{"layer":"coastline"},"geometry":{"type":"LineString","coordinates":[[16.52858,68.72199],[16.5337,68.74112],[16.52613,68.76097],[16.55592,68.77033],[16.54672,68.78266],[16.53061,68.78901],[16.49448,68.79023],[16.50554,68.80317],[16.55592,68.82494],[16.45558,68.81533],[16.43979,68.82807],[16.43881,68.84955],[16.31463,68.8701],[16.25465,68.90323],[16.24684,68.89997],[16.24952,68.88418],[16.26246,68.86669],[16.29526,68.85493],[16.28403,68.84032],[16.26791,68.83861],[16.20704,68.85847],[16.09718,68.8312],[16.08888,68.81489],[16.09457,68.80166],[16.12387,68.784],[16.17888,68.77167],[16.20102,68.76073],[16.21323,68.73558],[16.10743,68.74071],[16.07618,68.73558],[16.03321,68.71137],[16.08106,68.67251],[16.09002,68.65619],[16.08302,68.63874],[16.06129,68.63032],[16.04542,68.64301],[16.02784,68.67414],[16.00514,68.67756],[15.85857,68.63418],[15.81674,68.61083],[15.81617,68.56428],[15.80291,68.55134],[15.74041,68.5301],[15.77784,68.56216],[15.78191,68.57856],[15.7658,68.61567],[15.77443,68.63255],[15.79331,68.64297],[15.87078,68.65302],[15.9048,68.67756],[15.93312,68.68415],[15.98365,68.74555],[15.98959,68.7635],[15.9769,68.78132],[15.95558,68.79165],[15.85353,68.74763],[15.76149,68.73558],[15.82399,68.75617],[15.87078,68.79023],[15.87818,68.81753],[15.92408,68.88642],[15.89796,68.91743],[15.90984,68.94977],[15.9074,68.95942],[15.85759,68.97016],[15.77849,68.95474],[15.67661,68.96271],[15.64479,68.95474],[15.59645,68.90693],[15.61411,68.90046],[15.62428,68.88581],[15.57569,68.88223],[15.55323,68.87226],[15.5486,68.85228],[15.56349,68.83918],[15.63795,68.82494],[15.61346,68.81778],[15.52866,68.82494],[15.49708,68.8039],[15.45232,68.81127],[15.45916,68.79613],[15.45558,68.76903],[15.45981,68.75605],[15.50123,68.74307],[15.63966,68.74323],[15.66578,68.73558],[15.67888,68.71507],[15.71363,68.7014],[15.60483,68.73574],[15.5691,68.7294],[15.44956,68.72915],[15.43873,68.70767],[15.44207,68.6822],[15.49773,68.64248],[15.51384,68.63618],[15.58277,68.63255],[15.61598,68.61286],[15.63054,68.61213],[15.58912,68.60643],[15.54884,68.62572],[15.43873,68.61953],[15.45232,68.5978],[15.39161,68.60521],[15.43963,68.57363],[15.45232,68.55744],[15.39471,68.58478],[15.30893,68.57856],[15.32325,68.56281],[15.3117,68.55882],[15.23878,68.56428],[15.2173,68.55687],[15.17856,68.52334],[15.27149,68.51586],[15.27491,68.49852],[15.28175,68.49543],[15.33693,68.48859],[15.24838,68.48623],[15.24073,68.47492],[15.2601,68.4665],[15.35678,68.46125],[15.26808,68.46125],[15.19256,68.43488],[15.12338,68.39301],[15.06813,68.3391],[15.00929,68.31367],[14.99537,68.2978],[15.00733,68.28315],[14.98683,68.26948],[15.0005,68.25332],[15.04086,68.25702],[15.08578,68.27123],[15.11378,68.28681],[15.13404,68.30805],[15.23325,68.33771],[15.22674,68.34882],[15.21485,68.35252],[15.18539,68.35139],[15.21176,68.36595],[15.27866,68.37324],[15.31625,68.39549],[15.36362,68.40599],[15.38404,68.42023],[15.41179,68.41348],[15.4393,68.4184],[15.55397,68.47533],[15.54176,68.50967],[15.55372,68.51118],[15.57277,68.50288],[15.58058,68.48745],[15.61134,68.47492],[15.57008,68.46304],[15.47291,68.40599],[15.40593,68.39191],[15.34254,68.34821],[15.3226,68.35139],[15.33839,68.33198],[15.37599,68.32758],[15.52768,68.33771],[15.57537,68.3194],[15.59645,68.31786],[15.59645,68.31037],[15.58277,68.30419],[15.62436,68.30048],[15.63795,68.30419],[15.64015,68.31745],[15.69125,68.343],[15.70631,68.35883],[15.65846,68.36506],[15.69142,68.37324],[15.72674,68.3725],[15.7199,68.39301],[15.73308,68.40131],[15.74789,68.42536],[15.76149,68.42402],[15.79274,68.39362],[15.81617,68.39301],[15.78045,68.41869],[15.77443,68.43085],[15.78102,68.43818],[15.82301,68.42402],[15.84929,68.43476],[15.86451,68.45441],[15.85857,68.48623],[15.87078,68.49543],[15.87062,68.47846],[15.88429,68.44416],[15.87078,68.40058],[15.87818,68.38556],[15.87623,68.36909],[15.94093,68.38032],[15.96632,68.39301],[16.01206,68.44697],[16.0534,68.46483],[16.09352,68.53351],[16.10597,68.53852],[16.14177,68.52334],[16.22218,68.54743],[16.34653,68.55952],[16.41944,68.55744],[16.48146,68.54751],[16.49757,68.55402],[16.50603,68.56818],[16.48707,68.59467],[16.49106,68.60578],[16.52467,68.62263],[16.55893,68.65522],[16.56088,68.6717],[16.53484,68.68098],[16.577,68.70767],[16.52858,68.72199]]}},{"type":"Feature","properties":{"layer":"coastline"},"geometry":{"type":"LineString","coordinates":[[16.56617,68.96833],[16.46681,68.96214],[16.35939,68.99014],[16.30633,68.99531],[16.26173,68.96833],[16.28517,68.95209],[16.3436,68.93374],[16.39487,68.902],[16.47625,68.88581],[16.56707,68.8874],[16.58717,68.89745],[16.58326,68.92113],[16.6019,68.93122],[16.59946,68.94717],[16.58465,68.96186],[16.56617,68.96833]]}},{"type":"Feature","properties":{"layer":"coastline"},"geometry":{"type":"LineString","coordinates":[[14.39723,68.66047],[14.42091,68.67251],[14.4319,68.66669],[14.4192,68.65485],[14.41326,68.63642],[14.41725,68.61953],[14.43507,68.61213],[14.52068,68.60904],[14.55828,68.62726],[14.62257,68.62885],[14.63063,68.65302],[14.67408,68.68696],[14.67897,68.70767],[14.69606,68.68757],[14.72193,68.67304],[14.75034,68.66747],[14.77459,68.67414],[14.80502,68.71137],[14.81512,68.71475],[14.82154,68.70722],[14.82065,68.69408],[14.80877,68.68098],[14.82781,68.67349],[14.86199,68.68989],[14.90089,68.6813],[14.9253,68.69501],[14.95883,68.7294],[14.9629,68.71906],[14.95883,68.70767],[14.98601,68.70254],[15.01954,68.71214],[15.05014,68.7298],[15.0687,68.7486],[14.99366,68.76288],[15.02605,68.77119],[15.15138,68.75605],[15.14674,68.72553],[15.16505,68.7014],[15.14088,68.69501],[15.08888,68.69501],[15.06251,68.6872],[15.03468,68.66669],[14.94874,68.66413],[14.87696,68.64619],[14.83367,68.64448],[14.81593,68.63776],[14.80641,68.61595],[14.86329,68.60521],[14.84278,68.59154],[14.87322,68.58446],[15.06267,68.57852],[15.33619,68.6529],[15.37525,68.66991],[15.39772,68.694],[15.39422,68.73111],[15.35841,68.74628],[15.27491,68.76288],[15.30274,68.77656],[15.27491,68.79707],[15.28443,68.80353],[15.32976,68.79707],[15.35076,68.80292],[15.38404,68.85228],[15.34783,68.84691],[15.32586,68.85871],[15.30209,68.843],[15.24073,68.82494],[15.28175,68.86591],[15.29526,68.90693],[15.27149,68.91975],[15.21437,68.88166],[15.18539,68.88581],[15.19557,68.89692],[15.24073,68.91376],[15.21852,68.92438],[15.19288,68.9274],[15.19288,68.93423],[15.20655,68.94038],[15.15138,68.96214],[15.17066,68.97378],[15.16822,68.98827],[15.13771,69.01309],[15.08448,69.01122],[15.00766,68.98102],[15.00929,68.96332],[15.02784,68.93423],[15.0652,68.91315],[15.07667,68.89899],[15.0687,68.87897],[15.14568,68.84252],[15.15887,68.81753],[15.04982,68.85277],[15.02101,68.82494],[15.0276,68.8144],[15.00603,68.79385],[14.99366,68.81753],[14.99106,68.84203],[14.95265,68.86591],[14.90431,68.84544],[14.95265,68.81753],[14.94223,68.80146],[14.94532,68.784],[14.92897,68.77904],[14.90707,68.76024],[14.89405,68.75605],[14.87233,68.76923],[14.87289,68.78046],[14.8838,68.79023],[14.8436,68.79629],[14.68653,68.75747],[14.6797,68.76732],[14.69207,68.81127],[14.67897,68.81753],[14.6858,68.82494],[14.64869,68.83295],[14.62843,68.8299],[14.61354,68.82123],[14.60759,68.80728],[14.64422,68.79023],[14.60865,68.77806],[14.58961,68.7486],[14.62379,68.73558],[14.60499,68.73517],[14.57228,68.74632],[14.55502,68.77041],[14.54803,68.8039],[14.52394,68.80707],[14.48846,68.79536],[14.45533,68.77603],[14.43816,68.75605],[14.54176,68.74242],[14.54176,68.73558],[14.46412,68.72451],[14.42628,68.71442],[14.42506,68.7014],[14.38111,68.69766],[14.36988,68.6872],[14.38209,68.66938],[14.39723,68.66047]]}},{"type":"Feature","properties":{"layer":"coastline"},"geometry":{"type":"LineString","coordinates":[[15.52866,68.91376],[15.56967,68.96214],[15.5691,68.97773],[15.56007,68.99014],[15.52866,69.00934],[15.54908,69.01626],[15.56674,69.01268],[15.59645,68.99567],[15.63217,68.98664],[15.76043,69.00568],[15.84791,69.02924],[15.87078,69.04409],[15.87713,69.06224],[15.91481,69.07514],[15.94646,69.10187],[16.07618,69.15396],[16.0892,69.17145],[16.09897,69.21109],[16.14674,69.26923],[16.14991,69.29084],[16.13152,69.31098],[16.10157,69.31525],[15.97511,69.28718],[15.93214,69.26313],[15.86451,69.2495],[15.87078,69.22907],[15.84311,69.22028],[15.79135,69.16128],[15.75807,69.14712],[15.65992,69.1385],[15.61069,69.12568],[15.56967,69.10554],[15.51759,69.05394],[15.45981,69.01309],[15.42506,68.96214],[15.42799,68.92463],[15.41879,68.91376],[15.43149,68.88422],[15.46404,68.88207],[15.50147,68.89582],[15.52866,68.91376]]}},{"type":"Feature","properties":{"layer":"coastline"},"geometry":{"type":"LineString","coordinates":[[18.07081,69.43793],[18.02467,69.44086],[18.01002,69.43305],[18.0158,69.42084],[18.00229,69.40998],[17.94068,69.42829],[17.98439,69.44961],[17.99391,69.46284],[17.98227,69.48225],[18.02117,69.48102],[18.03907,69.48477],[18.05055,69.49592],[17.9441,69.52326],[17.91774,69.50593],[17.89137,69.49872],[17.85768,69.45234],[17.84498,69.44522],[17.83082,69.44815],[17.82277,69.45751],[17.82472,69.46577],[17.84457,69.50251],[17.89283,69.53685],[17.87387,69.57315],[17.85914,69.58674],[17.83741,69.59211],[17.81772,69.5871],[17.77223,69.5478],[17.7531,69.54059],[17.68775,69.59951],[17.65895,69.59955],[17.65301,69.59414],[17.66578,69.54059],[17.67009,69.53197],[17.68922,69.52969],[17.69361,69.52017],[17.68263,69.50926],[17.65789,69.50849],[17.61793,69.51704],[17.55397,69.57486],[17.51686,69.59699],[17.46762,69.59955],[17.47364,69.58661],[17.46022,69.57168],[17.47478,69.55297],[17.49513,69.54059],[17.56642,69.52326],[17.59067,69.48969],[17.64527,69.46865],[17.64527,69.46182],[17.58302,69.46796],[17.53093,69.49014],[17.47804,69.49921],[17.45037,69.51704],[17.34327,69.53754],[17.31715,69.53498],[17.30323,69.52326],[17.32667,69.51773],[17.3921,69.48225],[17.37273,69.47663],[17.30323,69.48225],[17.31625,69.46182],[17.26344,69.47842],[17.24643,69.49604],[17.18653,69.50275],[17.24293,69.45474],[17.32545,69.43944],[17.49578,69.42829],[17.44663,69.41429],[17.28224,69.41401],[17.33058,69.39354],[17.38941,69.38044],[17.39943,69.3662],[17.36842,69.36689],[17.27605,69.39354],[17.14194,69.40034],[17.07667,69.38605],[17.02174,69.40034],[16.99822,69.38605],[16.94988,69.39802],[16.92652,69.39354],[16.93393,69.37987],[16.90724,69.3686],[16.87867,69.3662],[16.87867,69.35936],[17.08465,69.36176],[17.11085,69.35252],[17.042,69.34512],[17.0774,69.33051],[17.11769,69.33145],[17.10402,69.32526],[17.13185,69.31098],[16.91529,69.31757],[16.89763,69.31171],[16.90602,69.29792],[16.92555,69.29344],[17.00782,69.29792],[16.98113,69.28368],[16.98113,69.2768],[17.04038,69.26826],[17.07057,69.26805],[17.08888,69.28954],[17.10971,69.26821],[17.1089,69.25178],[17.14568,69.25633],[17.08676,69.22895],[16.94484,69.23652],[16.87867,69.22215],[16.91912,69.2154],[16.9087,69.20319],[16.89861,69.20112],[16.89861,69.19489],[16.97429,69.19489],[17.04949,69.18061],[17.08237,69.18159],[17.17237,69.20112],[17.14454,69.18407],[17.05633,69.16014],[17.06984,69.14712],[17.056,69.13288],[16.98854,69.13963],[16.89234,69.12665],[16.89625,69.10423],[16.87241,69.1044],[16.81666,69.11921],[16.78647,69.10814],[16.77312,69.0882],[16.77963,69.07014],[16.80983,69.0646],[16.82325,69.05443],[17.10987,69.0847],[17.13803,69.07201],[17.09156,69.06171],[17.08351,69.05028],[17.09718,69.04409],[17.05828,69.03921],[17.04347,69.03071],[17.042,69.01679],[17.07301,69.00812],[17.1294,69.01154],[17.18507,69.0244],[17.21388,69.04409],[17.1587,69.05028],[17.18832,69.08348],[17.23463,69.10619],[17.37843,69.15396],[17.41993,69.18061],[17.47218,69.20014],[17.5298,69.20112],[17.49391,69.16889],[17.48829,69.15396],[17.61109,69.15396],[17.7072,69.17292],[17.82065,69.1695],[17.98845,69.18744],[18.00896,69.20112],[17.94907,69.20515],[17.93247,69.22724],[17.87867,69.24266],[17.87867,69.2495],[17.95069,69.2508],[17.96746,69.26313],[17.92644,69.28368],[17.91912,69.31232],[17.90593,69.31843],[17.92311,69.33234],[18.0158,69.35252],[18.07081,69.34907],[18.09099,69.35834],[18.09864,69.37613],[18.08106,69.38764],[18.07862,69.42499],[18.07081,69.43793]]}},{"type":"Feature","properties":{"layer":"coastline"},"geometry":{"type":"LineString","coordinates":[[18.99903,69.8286],[18.89845,69.84809],[18.83766,69.8454],[18.85816,69.86587],[18.82203,69.88605],[18.80152,69.8874],[18.78297,69.87954],[18.79664,69.87328],[18.76384,69.86982],[18.67888,69.88605],[18.66684,69.85969],[18.67408,69.84715],[18.78981,69.78388],[18.75668,69.7519],[18.73683,69.706],[18.7422,69.69457],[18.76246,69.68773],[18.70737,69.68684],[18.66326,69.71296],[18.64129,69.7556],[18.65317,69.80439],[18.58513,69.80329],[18.5569,69.79637],[18.53321,69.7805],[18.51368,69.7541],[18.50245,69.74982],[18.48308,69.75096],[18.48194,69.77709],[18.43653,69.77631],[18.38234,69.79759],[18.33473,69.78095],[18.32691,69.76545],[18.34474,69.74982],[18.35182,69.72993],[18.38917,69.71992],[18.59392,69.71092],[18.63282,69.70197],[18.61085,69.69282],[18.47853,69.70881],[18.3532,69.70482],[18.21437,69.71418],[18.18653,69.70881],[18.29103,69.63898],[18.32423,69.63312],[18.40008,69.64057],[18.34352,69.61884],[18.32228,69.61835],[18.32423,69.61262],[18.29021,69.59211],[18.27809,69.59443],[18.28272,69.60578],[18.26905,69.61738],[18.23683,69.6293],[18.13502,69.63695],[18.0809,69.62275],[18.02947,69.63312],[18.03745,69.61945],[17.99537,69.59211],[18.02084,69.57665],[18.10524,69.57168],[18.12827,69.56493],[18.19402,69.53071],[18.26197,69.53059],[18.48561,69.55858],[18.56039,69.55805],[18.62599,69.57787],[18.73194,69.56533],[18.7693,69.57168],[18.82293,69.59073],[18.83644,69.60431],[18.82781,69.62287],[18.77703,69.63544],[18.7693,69.64672],[18.79412,69.67561],[18.83855,69.6894],[18.91456,69.69904],[18.9699,69.73347],[19.03346,69.74372],[19.05738,69.76341],[19.0608,69.78705],[18.99903,69.8286]]}},{"type":"Feature","properties":{"layer":"coastline"},"geometry":{"type":"LineString","coordinates":[[21.66798,69.94839],[21.67791,69.93439],[21.69581,69.92792],[21.72975,69.93846],[21.73618,69.94839],[21.702,69.95478],[21.66798,69.94839]]}},{"type":"Feature","properties":{"layer":"coastline"},"geometry":{"type":"LineString","coordinates":[[19.90016,70.01675],[19.94996,70.00971],[19.99586,70.01675],[19.94793,70.0268],[19.90016,70.01675]]}},{"type":"Feature","properties":{"layer":"coastline"},"geometry":{"type":"LineString","coordinates":[[20.95883,70.00308],[20.93531,70.00943],[20.88624,70.03758],[20.85987,70.04401],[20.80201,70.0375],[20.76051,69.99966],[20.76173,69.98762],[20.80519,69.94839],[20.84262,69.93781],[20.89194,69.93797],[20.94044,69.94697],[20.97535,69.96271],[20.98072,69.98163],[21.09938,70.01048],[20.95883,70.00308]]}},{"type":"Feature","properties":{"layer":"coastline"},"geometry":{"type":"LineString","coordinates":[[21.04103,70.06135],[21.02052,70.06354],[20.99187,70.05146],[20.95533,70.02411],[21.02003,70.02814],[21.04664,70.03913],[21.04103,70.06135]]}},{"type":"Feature","properties":{"layer":"coastline"},"geometry":{"type":"LineString","coordinates":[[19.61915,70.01675],[19.58229,69.99323],[19.5713,70.00308],[19.58253,70.03384],[19.57496,70.04776],[19.5569,70.05707],[19.53565,70.05732],[19.46811,70.04662],[19.43849,70.03339],[19.41863,70.01366],[19.42042,69.98941],[19.39259,69.99189],[19.33969,70.01773],[19.29233,70.03119],[19.2942,70.04755],[19.32488,70.0788],[19.29908,70.08584],[19.25587,70.06733],[19.23487,70.06513],[19.2234,70.07368],[19.22674,70.09357],[19.20818,70.09858],[19.11866,70.07274],[19.0853,70.07225],[19.06422,70.0788],[19.06756,70.06147],[19.1194,70.03034],[19.0739,70.01626],[19.05738,70.01675],[19.04347,70.03408],[19.03004,70.03718],[18.98561,70.02411],[18.93377,70.03034],[18.8449,70.01504],[18.83139,69.99966],[18.84474,69.98212],[18.87566,69.97313],[18.93377,69.96955],[18.88364,69.94538],[18.86525,69.94221],[18.7693,69.95527],[18.72885,69.94782],[18.73341,69.93134],[18.76433,69.91494],[18.84303,69.90331],[19.04363,69.83857],[19.08839,69.80101],[19.12159,69.78783],[19.334,69.81265],[19.37477,69.82331],[19.40675,69.83857],[19.43409,69.86957],[19.50864,69.90778],[19.54021,69.95161],[19.64747,69.96996],[19.68312,69.98579],[19.68483,70.00678],[19.66944,70.01732],[19.6526,70.02143],[19.61915,70.01675]]}},{"type":"Feature","properties":{"layer":"coastline"},"geometry":{"type":"LineString","coordinates":[[20.79152,70.09243],[20.77101,70.11555],[20.78077,70.14248],[20.82423,70.19457],[20.82439,70.20987],[20.80885,70.22036],[20.7339,70.23672],[20.56137,70.23322],[20.5477,70.2248],[20.54461,70.20848],[20.43775,70.18667],[20.4157,70.17154],[20.39967,70.15038],[20.3899,70.10269],[20.39991,70.0856],[20.43165,70.06806],[20.50668,70.05834],[20.52084,70.06232],[20.51783,70.0788],[20.56495,70.0788],[20.55958,70.09374],[20.56471,70.10472],[20.57691,70.10957],[20.5923,70.10602],[20.60255,70.08637],[20.58815,70.04597],[20.60255,70.04401],[20.66041,70.05459],[20.67514,70.06826],[20.68849,70.07136],[20.74733,70.05598],[20.77101,70.0576],[20.7942,70.06782],[20.79152,70.09243]]}},{"type":"Feature","properties":{"layer":"coastline"},"geometry":{"type":"LineString","coordinates":[[19.98219,70.14704],[19.93816,70.16376],[19.93051,70.1767],[19.94117,70.19546],[19.89137,70.21385],[19.87289,70.21589],[19.84498,70.17495],[19.8156,70.16975],[19.79054,70.2106],[19.77019,70.22211],[19.73325,70.22993],[19.70151,70.25007],[19.68971,70.28535],[19.67775,70.29043],[19.61557,70.27924],[19.58839,70.26838],[19.59164,70.25007],[19.54933,70.25654],[19.53712,70.25007],[19.55934,70.23119],[19.63307,70.21931],[19.69215,70.18863],[19.72584,70.15046],[19.74757,70.13593],[19.74936,70.0856],[19.77613,70.06733],[19.81951,70.06025],[19.9782,70.06013],[20.03102,70.07538],[20.03639,70.08307],[20.02369,70.09243],[20.05421,70.10151],[20.15406,70.11286],[20.15406,70.12035],[20.11158,70.12019],[19.98219,70.14704]]}},{"type":"Feature","properties":{"layer":"coastline"},"geometry":{"type":"LineString","coordinates":[[22.92237,70.30467],[22.93735,70.31879],[22.95639,70.32514],[22.82797,70.33373],[22.80568,70.34223],[22.79859,70.36685],[22.78053,70.38622],[22.75636,70.39496],[22.73048,70.38719],[22.73715,70.36506],[22.72975,70.34463],[22.71437,70.33698],[22.69646,70.35309],[22.69451,70.38556],[22.68897,70.39411],[22.67465,70.39887],[22.65089,70.3863],[22.64812,70.37299],[22.64112,70.37299],[22.63299,70.3854],[22.61891,70.38703],[22.60572,70.38007],[22.60027,70.36677],[22.57521,70.38202],[22.5298,70.3642],[22.48512,70.38447],[22.47364,70.38028],[22.4699,70.35309],[22.50465,70.32514],[22.42107,70.36176],[22.37867,70.34699],[22.37371,70.33198],[22.44516,70.29145],[22.7317,70.2569],[23.00147,70.24917],[23.01629,70.2543],[23.01905,70.26496],[23.00831,70.28075],[22.98854,70.29296],[22.92237,70.30467]]}},{"type":"Feature","properties":{"layer":"coastline"},"geometry":{"type":"LineString","coordinates":[[23.65602,70.50332],[23.59164,70.51642],[23.58033,70.53124],[23.58074,70.54296],[23.60133,70.57905],[23.55983,70.60635],[23.5735,70.61319],[23.55665,70.61888],[23.51881,70.61054],[23.48455,70.62466],[23.39096,70.61799],[23.45737,70.60635],[23.43629,70.58527],[23.48927,70.57087],[23.53932,70.54487],[23.50375,70.54499],[23.41261,70.56171],[23.38787,70.54487],[23.40838,70.53124],[23.38697,70.5329],[23.33326,70.5517],[23.30763,70.55044],[23.29835,70.54316],[23.3047,70.5351],[23.32643,70.53124],[23.3108,70.51874],[23.29127,70.48383],[23.27858,70.47663],[23.26092,70.4809],[23.27174,70.5207],[23.26206,70.53612],[23.21437,70.55044],[23.17555,70.54759],[23.181,70.53852],[23.2234,70.52383],[23.2234,70.51765],[23.15105,70.49836],[23.14145,70.51415],[23.12428,70.52057],[23.01856,70.49706],[22.99806,70.47663],[22.96388,70.47663],[22.95297,70.46296],[22.89723,70.451],[22.89536,70.44611],[22.9087,70.435],[22.96388,70.42137],[22.94011,70.40705],[22.88087,70.41413],[22.85402,70.4077],[22.94956,70.35932],[22.99537,70.35716],[23.03891,70.34097],[23.07504,70.36005],[23.13461,70.41454],[23.13543,70.38532],[23.08741,70.32836],[23.08204,70.30166],[23.10467,70.28327],[23.15504,70.27733],[23.21632,70.28278],[23.3816,70.31834],[23.33904,70.33088],[23.29225,70.33198],[23.31902,70.34211],[23.40838,70.35309],[23.59254,70.41527],[23.63413,70.43749],[23.66228,70.46979],[23.6281,70.48965],[23.65602,70.50332]]}},{"type":"Feature","properties":{"layer":"coastline"},"geometry":{"type":"LineString","coordinates":[[24.0669,70.66096],[24.04347,70.6835],[23.97779,70.70694],[23.86769,70.70938],[23.83188,70.70336],[23.81918,70.70938],[23.84718,70.72305],[23.82838,70.73029],[23.84034,70.74356],[23.81568,70.75117],[23.70924,70.7486],[23.64015,70.70222],[23.63551,70.69204],[23.6902,70.66779],[23.68434,70.65892],[23.65602,70.64794],[23.67954,70.6363],[23.68068,70.62494],[23.64177,70.59951],[23.68678,70.59951],[23.69703,70.5716],[23.75099,70.52383],[23.80421,70.51333],[23.86793,70.5124],[23.92897,70.52326],[24.01222,70.56778],[24.10157,70.58869],[24.12843,70.62002],[24.0652,70.64594],[24.0669,70.66096]]}},{"type":"Feature","properties":{"layer":"coastline"},"geometry":{"type":"LineString","coordinates":[[22.42213,70.51073],[22.46843,70.49486],[22.48927,70.53193],[22.51677,70.52782],[22.56609,70.50332],[22.58481,70.51472],[22.58961,70.52863],[22.6316,70.52631],[22.63543,70.53262],[22.6268,70.54487],[22.64381,70.56415],[22.77833,70.5517],[22.76515,70.53107],[22.78859,70.52383],[22.83326,70.5517],[22.88819,70.53807],[22.91383,70.54377],[22.93605,70.55854],[22.88087,70.5716],[22.88087,70.57905],[22.9769,70.56538],[22.99781,70.57282],[23.00815,70.58515],[23.00473,70.59614],[22.98455,70.59951],[23.01832,70.60395],[23.08888,70.58625],[23.11411,70.61319],[23.05942,70.62621],[23.07887,70.62987],[23.12037,70.62401],[23.15187,70.63227],[23.18238,70.65412],[23.14283,70.659],[23.13461,70.66779],[23.15309,70.67817],[23.15854,70.69416],[23.27174,70.68146],[23.25131,70.69514],[23.29754,70.7104],[23.31959,70.70938],[23.33326,70.75039],[23.34897,70.75312],[23.40211,70.74356],[23.41578,70.76398],[23.45737,70.77082],[23.42066,70.77387],[23.38787,70.78449],[23.41236,70.7919],[23.46046,70.79084],[23.48414,70.79877],[23.45493,70.80484],[23.44313,70.82884],[23.34254,70.86603],[23.313,70.86164],[23.32228,70.83812],[23.32097,70.81851],[23.34034,70.79849],[23.3401,70.78449],[23.32895,70.77928],[23.27174,70.77705],[23.16188,70.82543],[23.16188,70.81802],[23.18767,70.80219],[23.18214,70.79499],[23.16188,70.79133],[23.09254,70.81367],[23.06625,70.81244],[23.1006,70.79877],[23.04859,70.79719],[23.02996,70.79084],[23.05275,70.77391],[23.12843,70.7578],[23.13543,70.74551],[23.18238,70.73603],[23.16538,70.73029],[23.10141,70.73603],[23.09311,70.73212],[23.12094,70.70938],[23.0254,70.72305],[23.03272,70.70136],[23.01987,70.69208],[22.9769,70.68146],[22.99073,70.66779],[22.96909,70.6612],[22.89503,70.69514],[22.93149,70.71662],[22.92384,70.7248],[22.85402,70.72305],[22.85402,70.72988],[22.8672,70.72988],[22.85109,70.74189],[22.792,70.75039],[22.80568,70.76398],[22.72299,70.74848],[22.72022,70.74356],[22.73048,70.72988],[22.79249,70.69359],[22.78517,70.67463],[22.82618,70.64794],[22.74789,70.64741],[22.73666,70.63711],[22.73211,70.61115],[22.72486,70.60358],[22.71315,70.60977],[22.70289,70.65152],[22.68897,70.66096],[22.67042,70.65786],[22.63087,70.63593],[22.60646,70.64053],[22.59498,70.65253],[22.64112,70.67121],[22.65626,70.68171],[22.65154,70.68769],[22.54103,70.71747],[22.50147,70.70807],[22.4948,70.6988],[22.49789,70.68936],[22.51149,70.68146],[22.49269,70.67573],[22.44858,70.68252],[22.41456,70.70795],[22.38453,70.70938],[22.37387,70.69819],[22.41521,70.62621],[22.26588,70.67499],[22.22975,70.67463],[22.24448,70.66836],[22.25034,70.6494],[22.22153,70.6319],[22.19532,70.63182],[22.0442,70.65986],[21.9865,70.66254],[21.95037,70.64794],[22.0088,70.63349],[22.07203,70.63369],[22.02508,70.61188],[22.01124,70.59951],[22.0407,70.59357],[22.06861,70.59272],[22.09995,70.60635],[22.33334,70.61319],[22.23707,70.57905],[22.26441,70.5716],[22.24545,70.55671],[22.18556,70.53465],[22.14088,70.48286],[22.15447,70.47232],[22.18653,70.47313],[22.24334,70.48965],[22.26808,70.529],[22.28565,70.54157],[22.31284,70.53124],[22.29282,70.51447],[22.30893,70.50336],[22.3423,70.49921],[22.39869,70.51398],[22.42213,70.51073]]}},{"type":"Feature","properties":{"layer":"coastline"},"geometry":{"type":"LineString","coordinates":[[24.07309,70.96259],[24.08741,70.96882],[24.07309,70.9831],[24.1067,70.99388],[24.18784,70.98932],[24.22462,70.99677],[24.18767,71.00507],[24.10922,71.00214],[24.07309,71.01105],[24.08741,71.02411],[23.96013,71.02863],[23.92286,71.01728],[23.95021,71.00422],[23.89503,71.00226],[23.88575,70.99616],[23.90935,70.9831],[23.94215,70.97761],[24.00709,70.9831],[24.03891,70.97626],[24.00856,70.9665],[23.9402,70.96406],[23.90935,70.9558],[23.9865,70.94229],[24.00571,70.92284],[24.04314,70.91413],[24.0796,70.91462],[24.10792,70.93529],[24.15992,70.92805],[24.17677,70.93529],[24.16928,70.94213],[24.21079,70.94599],[24.21079,70.9558],[24.24513,70.9558],[24.21022,70.96699],[24.07309,70.96259]]}},{"type":"Feature","properties":{"layer":"coastline"},"geometry":{"type":"LineString","coordinates":[[26.136,71.03775],[26.05372,71.00422],[25.95639,71.00202],[25.93019,71.01105],[25.96437,71.01728],[25.96437,71.03775],[25.92514,71.0397],[25.88982,71.05199],[25.99098,71.06704],[26.0337,71.08723],[26.0298,71.11652],[26.00636,71.12519],[25.96046,71.10749],[25.93702,71.10969],[25.87965,71.09683],[25.88307,71.11347],[25.85914,71.11335],[25.80568,71.09585],[25.7837,71.10293],[25.78395,71.11221],[25.80738,71.15445],[25.68409,71.14472],[25.67701,71.16059],[25.66733,71.16527],[25.60711,71.14501],[25.56528,71.15217],[25.5534,71.14077],[25.70094,71.08393],[25.71323,71.07071],[25.71852,71.05199],[25.70867,71.06208],[25.63478,71.08039],[25.59205,71.07811],[25.55388,71.0926],[25.47169,71.10261],[25.45729,71.09296],[25.47836,71.07868],[25.45883,71.07201],[25.39918,71.08613],[25.35515,71.08348],[25.31381,71.07246],[25.34799,71.06566],[25.29331,71.04515],[25.29249,71.02814],[25.30698,71.01105],[25.32553,71.00739],[25.45436,71.02997],[25.5608,71.01728],[25.5381,71.00336],[25.41627,70.9831],[25.49195,70.95917],[25.53354,70.93183],[25.5534,70.92788],[25.66814,70.94538],[25.75327,70.94213],[25.75327,70.94961],[25.71852,70.9558],[25.73113,70.97541],[25.75294,70.97651],[25.80055,70.96259],[25.90024,70.96133],[25.9686,70.97773],[26.0726,70.97517],[26.11354,70.99535],[26.17994,71.00267],[26.20655,71.01325],[26.21811,71.03156],[26.20851,71.04963],[26.18523,71.04987],[26.136,71.03775]]}},{"type":"Feature","properties":{"layer":"coastline"},"geometry":{"type":"LineString","coordinates":[[23.94337,58.11319],[23.97071,58.0996],[24.00245,58.10855],[24.02215,58.12987],[24.01336,58.15351],[23.98422,58.15713],[23.95533,58.1518],[23.938,58.13727],[23.94337,58.11319]]}},{"type":"Feature","properties":{"layer":"coastline"},"geometry":{"type":"LineString","coordinates":[[23.23064,58.50483],[23.14829,58.52155],[23.12582,58.5351],[23.09108,58.57095],[22.92205,58.61742],[22.89967,58.62027],[22.84636,58.61343],[22.81137,58.62295],[22.75799,58.59292],[22.73634,58.58808],[22.68214,58.60033],[22.64812,58.58674],[22.61264,58.6057],[22.58318,58.63451],[22.5503,58.62958],[22.46306,58.59292],[22.32195,58.58478],[22.28834,58.56932],[22.28289,58.52204],[22.2732,58.50202],[22.22885,58.51056],[22.2129,58.54637],[22.18775,58.54287],[22.17189,58.52155],[22.11362,58.49799],[22.10369,58.48721],[22.09311,58.44953],[22.09848,58.42609],[22.08937,58.42219],[22.07358,58.42691],[22.06422,58.45669],[22.02076,58.49925],[21.99562,58.51252],[21.92848,58.51838],[21.91627,58.50117],[21.90138,58.49799],[21.83237,58.51097],[21.90113,58.46841],[21.94597,58.43228],[21.99008,58.38695],[22.01124,58.35395],[21.96803,58.35456],[21.95493,58.34406],[21.96339,58.32661],[21.94459,58.31875],[21.89454,58.3465],[21.8733,58.34162],[21.90821,58.29873],[21.85564,58.30687],[21.84327,58.30215],[21.84376,58.29361],[21.86785,58.26459],[21.8965,58.25072],[21.99383,58.2447],[22.01686,58.23387],[22.05299,58.18659],[22.07228,58.17585],[22.14186,58.1695],[22.18035,58.16083],[22.20297,58.14789],[22.16505,58.11689],[22.14772,58.07958],[22.13551,58.07673],[22.0962,58.08641],[22.0857,58.08259],[22.02133,58.02123],[21.99757,57.98404],[21.96339,57.98404],[21.96412,57.97138],[21.99073,57.95824],[21.99008,57.93561],[22.01686,57.9145],[22.04835,57.91511],[22.20297,57.99396],[22.19988,58.02603],[22.22926,58.05219],[22.25685,58.09325],[22.26987,58.13703],[22.27174,58.17426],[22.29509,58.19286],[22.38795,58.22675],[22.42164,58.22163],[22.47682,58.2451],[22.49098,58.2447],[22.49724,58.22305],[22.50416,58.22354],[22.51759,58.23041],[22.535,58.25406],[22.56495,58.23517],[22.58619,58.24779],[22.62135,58.25275],[22.65496,58.2447],[22.6692,58.2215],[22.72315,58.22541],[22.75668,58.24226],[22.71013,58.25776],[22.7212,58.27033],[22.81121,58.27342],[22.85402,58.29873],[22.90268,58.31184],[22.96949,58.36017],[22.94752,58.37263],[22.95484,58.38105],[22.97755,58.38166],[23.02198,58.36323],[23.04249,58.37149],[23.08676,58.39496],[23.08058,58.41852],[23.08424,58.42963],[23.10865,58.42902],[23.13038,58.43952],[23.1565,58.47752],[23.1819,58.47468],[23.19606,58.45637],[23.23487,58.43989],[23.27801,58.43651],[23.26173,58.45161],[23.23764,58.45637],[23.2614,58.46589],[23.32496,58.44229],[23.33326,58.45637],[23.31837,58.47248],[23.28859,58.48819],[23.23064,58.50483]]}},{"type":"Feature","properties":{"layer":"coastline"},"geometry":{"type":"LineString","coordinates":[[23.3816,58.5799],[23.3475,58.60716],[23.34913,58.63508],[23.33025,58.65306],[23.28834,58.66649],[23.19777,58.68061],[23.15463,58.67593],[23.13461,58.66181],[23.12094,58.62832],[23.10613,58.62421],[23.07545,58.62983],[23.06284,58.62458],[23.05934,58.60346],[23.08326,58.59052],[23.13461,58.5799],[23.23487,58.53465],[23.27858,58.54637],[23.31373,58.54466],[23.36215,58.53246],[23.40024,58.55541],[23.3816,58.5799]]}},{"type":"Feature","properties":{"layer":"coastline"},"geometry":{"type":"LineString","coordinates":[[23.36402,59.02896],[23.34425,59.03929],[23.27801,59.03238],[23.17018,59.04588],[23.13136,59.04072],[23.11891,59.03352],[23.11411,59.0218],[23.14829,58.97403],[23.16326,58.96894],[23.21079,58.97297],[23.2234,58.98395],[23.29908,58.97089],[23.3401,58.98395],[23.37428,58.97553],[23.38478,58.98054],[23.39373,58.99624],[23.38966,59.00751],[23.36402,59.02896]]}},{"type":"Feature","properties":{"layer":"coastline"},"geometry":{"type":"LineString","coordinates":[[22.29176,58.89521],[22.35475,58.89208],[22.38209,58.88227],[22.42994,58.85244],[22.43979,58.84138],[22.44947,58.78681],[22.49724,58.73754],[22.46306,58.71646],[22.50172,58.69477],[22.55568,58.687],[22.61118,58.6905],[22.65496,58.70279],[22.681,58.72407],[22.71518,58.78205],[22.73666,58.80646],[22.7776,58.82437],[22.81935,58.82966],[22.82691,58.81916],[22.77833,58.79218],[22.79005,58.78099],[22.84539,58.77652],[22.88673,58.79047],[22.88697,58.81184],[22.8672,58.82005],[22.87957,58.83271],[22.92921,58.83999],[22.94223,58.83422],[22.9568,58.8474],[23.01905,58.82909],[23.03354,58.83031],[23.04054,58.84077],[23.03907,58.86103],[23.02174,58.86408],[23.01515,58.89179],[22.94956,58.93618],[22.94956,58.97089],[22.93409,58.98404],[22.83717,59.00861],[22.73666,59.00507],[22.70134,59.02497],[22.69158,59.04116],[22.71412,59.06957],[22.66668,59.08491],[22.58717,59.08698],[22.5783,59.07844],[22.57293,59.0528],[22.55926,59.0384],[22.48756,59.01642],[22.48845,58.98115],[22.44207,58.98469],[22.44353,58.97773],[22.46306,58.97089],[22.16822,58.95038],[22.09425,58.95604],[22.05551,58.9527],[22.04469,58.93618],[22.06251,58.92585],[22.195,58.88801],[22.29176,58.89521]]}},{"type":"Feature","properties":{"layer":"coastline"},"geometry":{"type":"LineString","coordinates":[[18.48536,59.09756],[18.47934,59.11664],[18.46599,59.11726],[18.37477,59.07836],[18.37631,59.06379],[18.35109,59.05683],[18.36158,59.03921],[18.34132,59.03343],[18.34441,59.0257],[18.37672,59.0069],[18.41359,59.01166],[18.4275,59.0257],[18.43588,59.04975],[18.45606,59.0572],[18.48731,59.08503],[18.48536,59.09756]]}},{"type":"Feature","properties":{"layer":"coastline"},"geometry":{"type":"LineString","coordinates":[[18.71583,59.20881],[18.69093,59.20881],[18.65968,59.17691],[18.66847,59.17426],[18.75001,59.20515],[18.71583,59.20881]]}},{"type":"Feature","properties":{"layer":"coastline"},"geometry":{"type":"LineString","coordinates":[[18.79705,59.29487],[18.75766,59.29458],[18.72462,59.27265],[18.72267,59.2624],[18.77516,59.25218],[18.8108,59.28925],[18.79705,59.29487]]}},{"type":"Feature","properties":{"layer":"coastline"},"geometry":{"type":"LineString","coordinates":[[18.67604,59.34028],[18.6858,59.31647],[18.67311,59.3039],[18.6775,59.29955],[18.72657,59.312],[18.74138,59.32001],[18.74708,59.33185],[18.74171,59.35077],[18.7059,59.37124],[18.63803,59.36799],[18.67604,59.34028]]}},{"type":"Feature","properties":{"layer":"coastline"},"geometry":{"type":"LineString","coordinates":[[18.1067,59.38495],[18.10532,59.37763],[18.12281,59.35676],[18.16554,59.34064],[18.21209,59.3415],[18.22242,59.35179],[18.20395,59.36591],[18.24928,59.36668],[18.12273,59.38911],[18.1067,59.38495]]}},{"type":"Feature","properties":{"layer":"coastline"},"geometry":{"type":"LineString","coordinates":[[18.85426,59.40253],[18.84767,59.38935],[18.85572,59.38593],[18.86948,59.39346],[18.85426,59.40253]]}},{"type":"Feature","properties":{"layer":"coastline"},"geometry":{"type":"LineString","coordinates":[[18.94239,59.39362],[18.92156,59.40591],[18.89943,59.4007],[18.89991,59.39374],[18.93767,59.37324],[18.94825,59.37873],[18.94239,59.39362]]}},{"type":"Feature","properties":{"layer":"coastline"},"geometry":{"type":"LineString","coordinates":[[18.92579,59.43403],[18.91635,59.44619],[18.89861,59.4457],[18.87355,59.43977],[18.86061,59.42451],[18.87233,59.40864],[18.89389,59.40717],[18.92579,59.43403]]}},{"type":"Feature","properties":{"layer":"coastline"},"geometry":{"type":"LineString","coordinates":[[18.65659,59.50674],[18.68141,59.52131],[18.73748,59.53514],[18.73911,59.54043],[18.68897,59.53339],[18.67449,59.54564],[18.65431,59.55004],[18.60971,59.54564],[18.55112,59.51008],[18.54811,59.49897],[18.57765,59.49506],[18.55958,59.49144],[18.55738,59.482],[18.54884,59.49299],[18.5381,59.49555],[18.51441,59.49095],[18.51051,59.48314],[18.54542,59.42853],[18.55641,59.42231],[18.5809,59.43073],[18.57846,59.46393],[18.59116,59.45246],[18.60182,59.45612],[18.60532,59.46678],[18.59441,59.48688],[18.60841,59.49364],[18.63299,59.48965],[18.63771,59.49921],[18.65659,59.50674]]}},{"type":"Feature","properties":{"layer":"coastline"},"geometry":{"type":"LineString","coordinates":[[24.51588,59.59809],[24.5005,59.59626],[24.48731,59.57852],[24.48911,59.55964],[24.51629,59.54426],[24.54282,59.5478],[24.55006,59.55777],[24.51588,59.59809]]}},{"type":"Feature","properties":{"layer":"coastline"},"geometry":{"type":"LineString","coordinates":[[18.97771,59.63386],[18.95248,59.65298],[18.93775,59.64908],[18.85857,59.59577],[18.86345,59.58397],[18.88559,59.5786],[18.90528,59.58324],[18.9275,59.62246],[18.96803,59.61937],[18.98463,59.62434],[18.97771,59.63386]]}},{"type":"Feature","properties":{"layer":"coastline"},"geometry":{"type":"LineString","coordinates":[[18.85426,59.60114],[18.92416,59.64826],[18.92433,59.65693],[18.86476,59.63247],[18.79615,59.5893],[18.75685,59.57266],[18.8239,59.58389],[18.85426,59.60114]]}},{"type":"Feature","properties":{"layer":"coastline"},"geometry":{"type":"LineString","coordinates":[[18.99635,59.80976],[18.9922,59.80752],[18.99545,59.8395],[18.98797,59.85053],[18.95916,59.86371],[18.88575,59.79393],[18.89129,59.78559],[18.92628,59.78685],[18.93556,59.79267],[18.97202,59.78661],[18.99781,59.79462],[19.00229,59.80573],[18.99635,59.80976]]}},{"type":"Feature","properties":{"layer":"coastline"},"geometry":{"type":"LineString","coordinates":[[20.87525,59.91413],[20.91236,59.90449],[20.92018,59.90925],[20.89747,59.94013],[20.87086,59.93675],[20.86207,59.92817],[20.87525,59.91413]]}},{"type":"Feature","properties":{"layer":"coastline"},"geometry":{"type":"LineString","coordinates":[[20.98357,59.94278],[20.99659,59.94501],[20.99586,59.9499],[20.93474,59.95799],[20.91326,59.94843],[20.93214,59.93586],[20.98276,59.92154],[20.99122,59.92674],[20.96925,59.94208],[20.98357,59.94278]]}},{"type":"Feature","properties":{"layer":"coastline"},"geometry":{"type":"LineString","coordinates":[[23.91521,59.97346],[23.87029,59.97281],[23.84742,59.95466],[23.87078,59.94672],[23.89422,59.94969],[23.92042,59.95942],[23.92351,59.96931],[23.91521,59.97346]]}},{"type":"Feature","properties":{"layer":"coastline"},"geometry":{"type":"LineString","coordinates":[[29.79135,59.99486],[29.71355,60.02188],[29.6574,60.02546],[29.78688,59.97508],[29.80055,59.98554],[29.79135,59.99486]]}},{"type":"Feature","properties":{"layer":"coastline"},"geometry":{"type":"LineString","coordinates":[[27.88502,60.01105],[27.82008,60.03083],[27.80258,59.99934],[27.80486,59.98949],[27.82049,59.98273],[27.89234,59.99502],[27.88502,60.01105]]}},{"type":"Feature","properties":{"layer":"coastline"},"geometry":{"type":"LineString","coordinates":[[20.61012,60.04499],[20.60499,60.05207],[20.5879,60.05195],[20.58286,60.05915],[20.54493,60.0561],[20.50554,60.02424],[20.50082,60.01268],[20.52703,60.00507],[20.55047,60.01887],[20.57748,60.00666],[20.58717,60.00812],[20.60629,60.02265],[20.60825,60.03596],[20.60092,60.03921],[20.61793,60.04222],[20.61012,60.04499]]}},{"type":"Feature","properties":{"layer":"coastline"},"geometry":{"type":"LineString","coordinates":[[20.42408,60.05524],[20.39015,60.02822],[20.40235,60.02131],[20.43214,60.02509],[20.45102,60.04011],[20.46258,60.0668],[20.42408,60.05524]]}},{"type":"Feature","properties":{"layer":"coastline"},"geometry":{"type":"LineString","coordinates":[[22.88738,60.06778],[22.85515,60.05557],[22.8838,60.04808],[22.88331,60.04312],[22.85572,60.04133],[22.85109,60.0279],[22.85955,60.01142],[22.87224,60.00605],[22.8934,60.03315],[22.91098,60.04157],[22.92661,60.06538],[22.88738,60.06778]]}},{"type":"Feature","properties":{"layer":"coastline"},"geometry":{"type":"LineString","coordinates":[[20.52117,60.04804],[20.54184,60.07099],[20.53338,60.07364],[20.51645,60.06696],[20.5254,60.0655],[20.46974,60.05736],[20.47136,60.04133],[20.50034,60.03636],[20.52117,60.04804]]}},{"type":"Feature","properties":{"layer":"coastline"},"geometry":{"type":"LineString","coordinates":[[27.02223,60.04218],[26.96412,60.09943],[26.95004,60.09956],[26.94451,60.09138],[26.98471,60.01773],[27.02068,60.01756],[27.02735,60.02676],[27.02223,60.04218]]}},{"type":"Feature","properties":{"layer":"coastline"},"geometry":{"type":"LineString","coordinates":[[22.95753,60.11078],[22.93767,60.12434],[22.89161,60.11909],[22.8733,60.10985],[22.84547,60.08222],[22.89894,60.081],[22.92791,60.08991],[22.94679,60.0847],[22.96315,60.09687],[22.95753,60.11078]]}},{"type":"Feature","properties":{"layer":"coastline"},"geometry":{"type":"LineString","coordinates":[[21.99155,60.12995],[21.96209,60.13788],[21.92994,60.12458],[21.94386,60.11347],[21.97136,60.1114],[22.00734,60.11547],[22.01238,60.12275],[21.99155,60.12995]]}},{"type":"Feature","properties":{"layer":"coastline"},"geometry":{"type":"LineString","coordinates":[[20.68336,60.13052],[20.65992,60.14973],[20.63551,60.14395],[20.63868,60.13133],[20.67156,60.1092],[20.68824,60.11701],[20.68336,60.13052]]}},{"type":"Feature","properties":{"layer":"coastline"},"geometry":{"type":"LineString","coordinates":[[22.31316,60.19196],[22.29933,60.1822],[22.28834,60.14985],[22.33693,60.14851],[22.32,60.16405],[22.36793,60.17739],[22.38559,60.19526],[22.37501,60.20405],[22.31316,60.19196]]}},{"type":"Feature","properties":{"layer":"coastline"},"geometry":{"type":"LineString","coordinates":[[18.72397,60.1966],[18.71306,60.18256],[18.72438,60.15546],[18.761,60.15005],[18.8069,60.16059],[18.8003,60.17642],[18.78443,60.17512],[18.78826,60.18415],[18.7531,60.20917],[18.71852,60.21646],[18.71225,60.21214],[18.72877,60.20043],[18.72397,60.1966]]}},{"type":"Feature","properties":{"layer":"coastline"},"geometry":{"type":"LineString","coordinates":[[20.68377,60.2294],[20.66847,60.22671],[20.66342,60.21638],[20.67066,60.1992],[20.68678,60.19457],[20.70769,60.19965],[20.71632,60.2093],[20.68377,60.2294]]}},{"type":"Feature","properties":{"layer":"coastline"},"geometry":{"type":"LineString","coordinates":[[21.98316,60.28498],[22.00831,60.29731],[21.97291,60.28535],[21.98316,60.28498]]}},{"type":"Feature","properties":{"layer":"coastline"},"geometry":{"type":"LineString","coordinates":[[21.95688,60.2814],[21.97535,60.30256],[21.97381,60.30931],[21.92547,60.31265],[21.87973,60.31053],[21.87534,60.30488],[21.88494,60.2895],[21.89601,60.2897],[21.90968,60.2801],[21.95688,60.2814]]}},{"type":"Feature","properties":{"layer":"coastline"},"geometry":{"type":"LineString","coordinates":[[28.71176,60.29499],[28.68295,60.29951],[28.61231,60.33731],[28.58693,60.34003],[28.58033,60.34894],[28.5687,60.34333],[28.54135,60.34736],[28.55104,60.30272],[28.6242,60.27021],[28.69459,60.26114],[28.70314,60.28001],[28.72136,60.28754],[28.71176,60.29499]]}},{"type":"Feature","properties":{"layer":"coastline"},"geometry":{"type":"LineString","coordinates":[[28.51686,60.33771],[28.5031,60.35407],[28.48487,60.36188],[28.4546,60.36685],[28.42799,60.36591],[28.42555,60.36078],[28.44239,60.34431],[28.50367,60.31102],[28.51832,60.31293],[28.52426,60.33137],[28.51686,60.33771]]}},{"type":"Feature","properties":{"layer":"coastline"},"geometry":{"type":"LineString","coordinates":[[20.77735,60.32648],[20.7894,60.34272],[20.78736,60.36196],[20.75717,60.36612],[20.73268,60.33275],[20.73268,60.31436],[20.77735,60.32648]]}},{"type":"Feature","properties":{"layer":"coastline"},"geometry":{"type":"LineString","coordinates":[[22.29965,60.36758],[22.28492,60.37499],[22.25571,60.37417],[22.16424,60.36164],[22.15724,60.35187],[22.19109,60.34174],[22.28956,60.35798],[22.29965,60.36758]]}},{"type":"Feature","properties":{"layer":"coastline"},"geometry":{"type":"LineString","coordinates":[[22.20623,60.38255],[22.13787,60.3791],[22.10426,60.35415],[22.20753,60.37556],[22.20623,60.38255]]}},{"type":"Feature","properties":{"layer":"coastline"},"geometry":{"type":"LineString","coordinates":[[21.33806,60.38337],[21.31984,60.39151],[21.30779,60.38959],[21.29444,60.37051],[21.30388,60.36424],[21.33106,60.36518],[21.33839,60.3531],[21.35532,60.35179],[21.35231,60.37043],[21.33806,60.38337]]}},{"type":"Feature","properties":{"layer":"coastline"},"geometry":{"type":"LineString","coordinates":[[26.60206,60.44652],[26.58497,60.44107],[26.57472,60.42178],[26.51344,60.41128],[26.50717,60.40347],[26.52613,60.38516],[26.54859,60.37836],[26.55893,60.39741],[26.57309,60.40534],[26.63649,60.41486],[26.6526,60.42691],[26.60206,60.44652]]}},{"type":"Feature","properties":{"layer":"coastline"},"geometry":{"type":"LineString","coordinates":[[12.87534,66.28563],[12.8672,66.29169],[12.81218,66.2967],[12.79998,66.31196],[12.79379,66.31122],[12.79282,66.29499],[12.71469,66.2591],[12.70021,66.24323],[12.74098,66.24165],[12.76075,66.22191],[12.78728,66.21727],[12.81023,66.22358],[12.82496,66.21589],[12.87924,66.24339],[12.88689,66.2569],[12.87534,66.28563]]}},{"type":"Feature","properties":{"layer":"coastline"},"geometry":{"type":"LineString","coordinates":[[12.94077,66.46019],[12.92888,66.45783],[12.92823,66.44204],[12.91944,66.43159],[12.91245,66.43138],[12.89674,66.4562],[12.81723,66.44257],[12.85027,66.40961],[12.84311,66.39842],[12.80079,66.38471],[12.89894,66.35505],[12.88136,66.39057],[12.89967,66.41608],[12.9074,66.39891],[12.931,66.38935],[12.93849,66.39444],[12.96648,66.45311],[12.9607,66.45946],[12.94077,66.46019]]}},{"type":"Feature","properties":{"layer":"coastline"},"geometry":{"type":"LineString","coordinates":[[32.386,67.13231],[32.35613,67.13907],[32.34148,67.13605],[32.33766,67.1249],[32.34425,67.11685],[32.39373,67.10033],[32.40707,67.10712],[32.40756,67.12043],[32.386,67.13231]]}},{"type":"Feature","properties":{"layer":"coastline"},"geometry":{"type":"LineString","coordinates":[[15.29566,67.94526],[15.26271,67.93256],[15.25709,67.9405],[15.23129,67.94188],[15.2116,67.95124],[15.1399,67.95844],[15.1089,67.97622],[15.11362,67.99486],[15.10572,68.00072],[15.05209,67.96825],[14.97202,67.97004],[14.9769,67.95913],[14.9651,67.95258],[14.96119,67.9416],[14.97218,67.91649],[14.98024,67.91462],[15.02263,67.91889],[15.1631,67.91071],[15.25367,67.91657],[15.28924,67.92585],[15.30486,67.93769],[15.30397,67.94505],[15.29566,67.94526]]}},{"type":"Feature","properties":{"layer":"coastline"},"geometry":{"type":"LineString","coordinates":[[15.93019,68.00825],[15.85971,68.02749],[15.57407,68.02558],[15.5359,68.02082],[15.48243,68.00263],[15.52345,67.98998],[15.61736,67.98526],[15.66131,67.98859],[15.67937,67.9936],[15.70623,68.01236],[15.72877,68.01195],[15.78614,67.99315],[15.84116,67.98371],[15.88396,67.98412],[15.9336,67.99702],[15.93019,68.00825]]}},{"type":"Feature","properties":{"layer":"coastline"},"geometry":{"type":"LineString","coordinates":[[15.16619,67.98676],[15.18483,67.96678],[15.26824,67.96699],[15.28663,67.977],[15.27508,67.99543],[15.23032,68.03669],[15.22202,68.03726],[15.21144,68.02554],[15.17652,68.01154],[15.15968,67.99567],[15.16619,67.98676]]}},{"type":"Feature","properties":{"layer":"coastline"},"geometry":{"type":"LineString","coordinates":[[14.99659,68.9016],[14.98292,68.91779],[14.95867,68.92609],[14.89967,68.93085],[14.85727,68.92304],[14.8519,68.91877],[14.85524,68.90717],[14.8401,68.89167],[14.8436,68.88544],[14.89226,68.87336],[14.95834,68.87531],[14.98756,68.88467],[14.99659,68.9016]]}},{"type":"Feature","properties":{"layer":"coastline"},"geometry":{"type":"LineString","coordinates":[[20.70289,69.88882],[20.7225,69.89753],[20.72202,69.90412],[20.71315,69.90961],[20.59889,69.90461],[20.56275,69.89598],[20.52931,69.85419],[20.52263,69.83942],[20.5267,69.82111],[20.55397,69.80048],[20.60621,69.79377],[20.70672,69.81729],[20.72071,69.8371],[20.69663,69.87788],[20.70289,69.88882]]}},{"type":"Feature","properties":{"layer":"coastline"},"geometry":{"type":"LineString","coordinates":[[30.02117,69.83234],[30.02858,69.85285],[30.00074,69.86587],[29.99448,69.89378],[29.97104,69.90205],[29.87721,69.91425],[29.84246,69.90892],[29.81593,69.89106],[29.80836,69.86587],[29.83009,69.83857],[29.73536,69.79019],[29.71323,69.76341],[29.79575,69.75601],[29.84604,69.77973],[29.83009,69.79076],[29.84653,69.79658],[29.90504,69.77709],[29.97625,69.80028],[30.08766,69.81708],[30.10743,69.8286],[30.09986,69.83446],[30.02117,69.83234]]}},{"type":"Feature","properties":{"layer":"coastline"},"geometry":{"type":"LineString","coordinates":[[19.81332,70.00259],[19.77426,70.00483],[19.69264,69.96361],[19.54689,69.92548],[19.53297,69.91938],[19.50994,69.89374],[19.44272,69.85847],[19.43426,69.84052],[19.48365,69.83832],[19.67709,69.85521],[19.72055,69.86469],[19.79233,69.9252],[19.83473,69.94965],[19.85646,69.97313],[19.83424,69.99482],[19.81332,70.00259]]}},{"type":"Feature","properties":{"layer":"coastline"},"geometry":{"type":"LineString","coordinates":[[18.66676,70.02757],[18.68995,70.02644],[18.67042,70.01215],[18.67009,69.99901],[18.70167,69.98469],[18.76515,70.01919],[18.83668,70.0384],[18.91049,70.04556],[18.9756,70.07363],[18.96909,70.0843],[18.88982,70.10615],[18.80649,70.05931],[18.78126,70.102],[18.72136,70.11603],[18.7024,70.1114],[18.71241,70.08356],[18.65724,70.04833],[18.66676,70.02757]]}},{"type":"Feature","properties":{"layer":"coastline"},"geometry":{"type":"LineString","coordinates":[[20.89422,70.07958],[20.91521,70.09553],[20.91481,70.1079],[20.85694,70.14492],[20.8318,70.15095],[20.80747,70.14082],[20.79298,70.11904],[20.79884,70.09333],[20.80812,70.08055],[20.82553,70.07306],[20.86166,70.069],[20.89422,70.07958]]}},{"type":"Feature","properties":{"layer":"coastline"},"geometry":{"type":"LineString","coordinates":[[19.53875,70.09369],[19.56902,70.10139],[19.57325,70.11172],[19.44663,70.15542],[19.40797,70.16205],[19.36655,70.1542],[19.34059,70.14008],[19.33497,70.12792],[19.35865,70.11311],[19.49057,70.09394],[19.53875,70.09369]]}},{"type":"Feature","properties":{"layer":"coastline"},"geometry":{"type":"LineString","coordinates":[[19.24236,70.20087],[19.22771,70.21206],[19.23048,70.23436],[19.21144,70.25056],[19.19728,70.25702],[19.16831,70.25487],[19.15203,70.23745],[19.09148,70.23794],[19.0892,70.23359],[19.11036,70.22443],[19.11883,70.20881],[19.13803,70.20173],[19.09791,70.18586],[19.09864,70.1579],[19.08741,70.15746],[19.06446,70.17048],[19.00172,70.15835],[18.99586,70.15209],[19.10288,70.11689],[19.14064,70.11079],[19.17416,70.11514],[19.22682,70.13496],[19.22543,70.15388],[19.25017,70.17414],[19.25221,70.18667],[19.24236,70.20087]]}},{"type":"Feature","properties":{"layer":"coastline"},"geometry":{"type":"LineString","coordinates":[[21.73813,70.37824],[21.71225,70.38923],[21.68458,70.36384],[21.68881,70.33544],[21.67693,70.28482],[21.70314,70.26179],[21.71485,70.26],[21.74903,70.2744],[21.79371,70.32343],[21.79916,70.34711],[21.79274,70.35806],[21.73813,70.37824]]}},{"type":"Feature","properties":{"layer":"coastline"},"geometry":{"type":"LineString","coordinates":[[8.63453,54.54263],[8.60206,54.52977],[8.59588,54.51366],[8.61883,54.49262],[8.64129,54.49238],[8.66977,54.5019],[8.69288,54.52326],[8.70094,54.54776],[8.6989,54.55858],[8.63453,54.54263]]}},{"type":"Feature","properties":{"layer":"coastline"},"geometry":{"type":"LineString","coordinates":[[15.70533,56.1164],[15.66912,56.12393],[15.65496,56.11945],[15.64235,56.10464],[15.65113,56.08999],[15.69679,56.07429],[15.70362,56.08071],[15.70086,56.10566],[15.71437,56.107],[15.7269,56.11835],[15.70533,56.1164]]}},{"type":"Feature","properties":{"layer":"coastline"},"geometry":{"type":"LineString","coordinates":[[23.26051,57.81354],[23.22429,57.82372],[23.21778,57.80093],[23.25025,57.78437],[23.27019,57.78563],[23.27508,57.79873],[23.26051,57.81354]]}},{"type":"Feature","properties":{"layer":"coastline"},"geometry":{"type":"LineString","coordinates":[[16.86671,58.30459],[16.8449,58.31037],[16.83253,58.30418],[16.84742,58.27546],[16.86818,58.27265],[16.87908,58.28059],[16.88063,58.29328],[16.86671,58.30459]]}},{"type":"Feature","properties":{"layer":"coastline"},"geometry":{"type":"LineString","coordinates":[[16.89161,58.33373],[16.87029,58.33324],[16.83058,58.35594],[16.82748,58.36359],[16.84718,58.37214],[16.82879,58.38154],[16.85125,58.38337],[16.86158,58.392],[16.85971,58.40029],[16.80779,58.39423],[16.79005,58.38907],[16.78517,58.38007],[16.8274,58.32754],[16.84604,58.31981],[16.88185,58.31712],[16.91896,58.33637],[16.89161,58.33373]]}},{"type":"Feature","properties":{"layer":"coastline"},"geometry":{"type":"LineString","coordinates":[[18.32146,58.96914],[18.26189,58.95962],[18.22641,58.94473],[18.19557,58.92015],[18.19361,58.91132],[18.21632,58.90559],[18.31642,58.92695],[18.28981,58.94139],[18.33888,58.95791],[18.35385,58.96735],[18.35711,58.977],[18.32146,58.96914]]}},{"type":"Feature","properties":{"layer":"coastline"},"geometry":{"type":"LineString","coordinates":[[18.19825,59.00967],[18.17872,59.01142],[18.21656,59.02448],[18.10353,59.02265],[18.08286,59.00922],[18.08155,58.99673],[18.0586,58.98509],[18.05063,58.96092],[18.09897,58.97883],[18.11752,58.96735],[18.1447,58.96906],[18.15024,58.97687],[18.14584,59.00438],[18.1902,58.99388],[18.19825,59.00967]]}},{"type":"Feature","properties":{"layer":"coastline"},"geometry":{"type":"LineString","coordinates":[[17.70729,58.99335],[17.70094,59.02485],[17.6867,59.05036],[17.66896,59.05891],[17.6631,59.07197],[17.65219,59.07152],[17.64389,59.06135],[17.64812,59.01752],[17.6268,58.98139],[17.62428,58.96393],[17.64064,58.94766],[17.63917,58.93098],[17.64812,58.91893],[17.65707,58.91779],[17.65772,58.92267],[17.68483,58.90082],[17.69117,58.9018],[17.68068,58.92182],[17.69711,58.93549],[17.70411,58.95527],[17.70021,58.97675],[17.70729,58.99335]]}},{"type":"Feature","properties":{"layer":"coastline"},"geometry":{"type":"LineString","coordinates":[[11.07032,59.07933],[11.07049,59.0749],[11.04762,59.07319],[11.03981,59.07441],[11.03435,59.08893],[11.00327,59.08649],[10.99318,59.07665],[10.99147,59.0336],[11.00896,59.0292],[11.01824,59.01935],[11.0464,59.0268],[11.05486,59.03587],[11.05161,59.04613],[11.08237,59.06786],[11.08302,59.0773],[11.07032,59.07933]]}},{"type":"Feature","properties":{"layer":"coastline"},"geometry":{"type":"LineString","coordinates":[[10.91049,59.11644],[10.85727,59.09907],[10.86793,59.11327],[10.85548,59.11538],[10.82911,59.09943],[10.84571,59.07575],[10.8838,59.07217],[10.9144,59.10074],[10.91049,59.11644]]}},{"type":"Feature","properties":{"layer":"coastline"},"geometry":{"type":"LineString","coordinates":[[5.28972,60.07429],[5.27272,60.08373],[5.25953,60.07559],[5.24781,60.09854],[5.22202,60.11713],[5.20533,60.11738],[5.20493,60.10708],[5.22877,60.06733],[5.24659,60.05146],[5.2317,60.04051],[5.22389,60.0423],[5.20362,60.08828],[5.17986,60.06818],[5.17172,60.04946],[5.19793,60.03388],[5.20427,60.01606],[5.24545,60.0043],[5.25367,59.99311],[5.26881,59.99486],[5.29705,60.02753],[5.30006,60.05077],[5.28972,60.07429]]}},{"type":"Feature","properties":{"layer":"coastline"},"geometry":{"type":"LineString","coordinates":[[4.92237,60.8675],[4.92254,60.87812],[4.89723,60.90742],[4.87403,60.91767],[4.87086,60.92377],[4.88413,60.9256],[4.88282,60.93],[4.82488,60.93008],[4.84327,60.93887],[4.83676,60.94318],[4.79509,60.93887],[4.77687,60.93],[4.78159,60.91763],[4.80958,60.91185],[4.82521,60.92048],[4.83473,60.89521],[4.86101,60.88467],[4.86817,60.88776],[4.87875,60.86514],[4.92514,60.85554],[4.92937,60.86115],[4.92237,60.8675]]}},{"type":"Feature","properties":{"layer":"coastline"},"geometry":{"type":"LineString","coordinates":[[4.72145,61.04023],[4.71144,61.04828],[4.71461,61.06013],[4.70004,61.08222],[4.6797,61.07966],[4.64381,61.0576],[4.64877,61.05467],[4.64869,61.02643],[4.66489,61.0187],[4.68035,60.99714],[4.70867,61.01972],[4.70134,61.00161],[4.70688,60.98851],[4.73113,60.99994],[4.73902,61.01374],[4.73959,61.02766],[4.72145,61.04023]]}},{"type":"Feature","properties":{"layer":"coastline"},"geometry":{"type":"LineString","coordinates":[[5.12029,62.02578],[5.08904,62.01582],[5.07976,62.00641],[4.99293,62.03506],[4.98512,62.03388],[4.98422,62.00947],[4.99855,61.99624],[5.05437,61.97236],[5.05584,61.95897],[5.04835,61.95283],[5.03663,61.96149],[5.01612,61.95246],[5.02149,61.93887],[5.09523,61.92744],[5.12322,61.9488],[5.15211,61.99795],[5.13356,62.01984],[5.12029,62.02578]]}},{"type":"Feature","properties":{"layer":"coastline"},"geometry":{"type":"LineString","coordinates":[[5.636,62.31928],[5.66725,62.3299],[5.67457,62.32274],[5.69899,62.32136],[5.72853,62.32665],[5.73902,62.33242],[5.73374,62.33308],[5.74147,62.36066],[5.68531,62.36205],[5.67986,62.3465],[5.63014,62.34178],[5.60304,62.32876],[5.636,62.31928]]}},{"type":"Feature","properties":{"layer":"coastline"},"geometry":{"type":"LineString","coordinates":[[5.59392,62.33979],[5.59636,62.35448],[5.58172,62.35883],[5.52361,62.3697],[5.50994,62.364],[5.52133,62.33487],[5.54249,62.33173],[5.59392,62.33979]]}},{"type":"Feature","properties":{"layer":"coastline"},"geometry":{"type":"LineString","coordinates":[[18.12468,62.68793],[18.13006,62.69351],[18.11704,62.70173],[18.14698,62.70954],[18.15724,62.72541],[18.15984,62.74714],[18.1281,62.75165],[18.1032,62.74518],[18.0643,62.75788],[18.04103,62.75454],[18.02833,62.74518],[18.00611,62.70555],[18.02703,62.68452],[18.07895,62.67976],[18.12468,62.68793]]}},{"type":"Feature","properties":{"layer":"coastline"},"geometry":{"type":"LineString","coordinates":[[8.31479,63.18134],[8.23512,63.22223],[8.18816,63.22533],[8.16529,63.21345],[8.1819,63.20136],[8.19581,63.16718],[8.20981,63.16136],[8.32537,63.17137],[8.31479,63.18134]]}},{"type":"Feature","properties":{"layer":"coastline"},"geometry":{"type":"LineString","coordinates":[[22.02622,63.32221],[22.00758,63.3249],[22.02996,63.30842],[21.98902,63.31037],[21.97771,63.29865],[21.97828,63.28001],[21.98992,63.27757],[22.00457,63.29116],[22.01384,63.27774],[22.04664,63.28217],[22.0608,63.30215],[22.02622,63.32221]]}},{"type":"Feature","properties":{"layer":"coastline"},"geometry":{"type":"LineString","coordinates":[[22.14422,63.25141],[22.1631,63.26333],[22.15854,63.27408],[22.11443,63.28417],[22.1565,63.28856],[22.18727,63.27351],[22.20867,63.27326],[22.22267,63.27998],[22.24627,63.30707],[22.23129,63.33881],[22.22169,63.33857],[22.19565,63.30976],[22.16969,63.31916],[22.15821,63.31102],[22.13209,63.32591],[22.1102,63.32892],[22.06918,63.31855],[22.08888,63.29462],[22.0687,63.28388],[22.06707,63.279],[22.08318,63.27045],[22.07936,63.2663],[22.14422,63.25141]]}},{"type":"Feature","properties":{"layer":"coastline"},"geometry":{"type":"LineString","coordinates":[[21.9572,63.33161],[21.99708,63.34846],[22.01271,63.36371],[22.07618,63.36005],[22.08513,63.36701],[22.07944,63.37686],[22.09604,63.38349],[22.05983,63.38837],[21.99643,63.38471],[21.95134,63.34365],[21.94899,63.33381],[21.9572,63.33161]]}},{"type":"Feature","properties":{"layer":"coastline"},"geometry":{"type":"LineString","coordinates":[[9.16,63.64777],[9.1233,63.64985],[9.10759,63.65982],[9.05787,63.66108],[9.04152,63.65461],[9.03053,63.633],[9.01401,63.62669],[9.03012,63.61726],[9.07634,63.61298],[9.16212,63.63386],[9.17091,63.64142],[9.16,63.64777]]}},{"type":"Feature","properties":{"layer":"coastline"},"geometry":{"type":"LineString","coordinates":[[20.87086,63.66938],[20.86459,63.67674],[20.82765,63.65314],[20.82594,63.64362],[20.85613,63.65095],[20.87086,63.66938]]}},{"type":"Feature","properties":{"layer":"coastline"},"geometry":{"type":"LineString","coordinates":[[20.89812,63.7541],[20.88087,63.74238],[20.86207,63.69335],[20.86476,63.68309],[20.92311,63.70319],[20.93287,63.71528],[20.93287,63.74531],[20.9485,63.7746],[20.89812,63.7541]]}},{"type":"Feature","properties":{"layer":"coastline"},"geometry":{"type":"LineString","coordinates":[[22.80795,63.77953],[22.8003,63.77607],[22.78175,63.79043],[22.76384,63.79145],[22.68149,63.76341],[22.70289,63.7364],[22.73959,63.72053],[22.77605,63.72818],[22.78207,63.74482],[22.80209,63.73819],[22.82887,63.77631],[22.80795,63.77953]]}},{"type":"Feature","properties":{"layer":"coastline"},"geometry":{"type":"LineString","coordinates":[[9.93084,64.02753],[9.91969,64.02851],[9.91749,64.03718],[9.88852,64.04906],[9.87525,64.03832],[9.84376,64.03319],[9.84742,64.02631],[9.88111,64.01996],[9.85385,64.00894],[9.89226,63.99702],[9.94386,64.01146],[9.93084,64.02753]]}},{"type":"Feature","properties":{"layer":"coastline"},"geometry":{"type":"LineString","coordinates":[[11.46551,64.58784],[11.39308,64.62592],[11.39145,64.61103],[11.36647,64.63443],[11.36134,64.62775],[11.36883,64.59101],[11.35426,64.58735],[11.34449,64.57368],[11.35133,64.5644],[11.43287,64.54243],[11.43784,64.54987],[11.48024,64.55606],[11.4817,64.56342],[11.46551,64.58784]]}},{"type":"Feature","properties":{"layer":"coastline"},"geometry":{"type":"LineString","coordinates":[[11.35076,64.65156],[11.35572,64.6673],[11.34262,64.67768],[11.31642,64.68081],[11.31666,64.68976],[11.30397,64.69208],[11.18556,64.67381],[11.16798,64.65973],[11.18165,64.65754],[11.16993,64.6446],[11.17311,64.63736],[11.22047,64.63345],[11.24545,64.63939],[11.2798,64.61176],[11.31227,64.59968],[11.3401,64.62043],[11.35076,64.65156]]}},{"type":"Feature","properties":{"layer":"coastline"},"geometry":{"type":"LineString","coordinates":[[11.76173,65.11937],[11.72576,65.10663],[11.68897,65.11799],[11.58033,65.10969],[11.53102,65.08519],[11.52817,65.06379],[11.51881,65.05459],[11.5586,65.04206],[11.57985,65.04255],[11.65797,65.06468],[11.65219,65.06],[11.65187,65.04572],[11.66944,65.04491],[11.6985,65.05744],[11.70086,65.06476],[11.6736,65.07172],[11.77719,65.11005],[11.77687,65.11848],[11.76173,65.11937]]}},{"type":"Feature","properties":{"layer":"coastline"},"geometry":{"type":"LineString","coordinates":[[22.40805,65.45527],[22.37086,65.45946],[22.33253,65.44302],[22.30641,65.45539],[22.29477,65.45287],[22.28517,65.43163],[22.37566,65.43073],[22.41041,65.44131],[22.41782,65.44994],[22.40805,65.45527]]}},{"type":"Feature","properties":{"layer":"coastline"},"geometry":{"type":"LineString","coordinates":[[22.15358,65.43036],[22.2317,65.41812],[22.23316,65.4239],[22.22722,65.43667],[22.20655,65.45018],[22.21534,65.46003],[22.21022,65.46581],[22.174,65.47431],[22.14731,65.46865],[22.14259,65.44579],[22.15358,65.43036]]}},{"type":"Feature","properties":{"layer":"coastline"},"geometry":{"type":"LineString","coordinates":[[22.5949,65.52827],[22.55893,65.53827],[22.55299,65.5301],[22.56756,65.51691],[22.61427,65.51191],[22.6172,65.51748],[22.61052,65.52399],[22.5949,65.52827]]}},{"type":"Feature","properties":{"layer":"coastline"},"geometry":{"type":"LineString","coordinates":[[22.21876,65.50678],[22.28012,65.47822],[22.28549,65.47919],[22.27052,65.49689],[22.27052,65.50983],[22.27882,65.51325],[22.30779,65.50674],[22.33269,65.49165],[22.35825,65.49506],[22.35873,65.50397],[22.31861,65.52399],[22.3034,65.52302],[22.22641,65.54393],[22.18678,65.53783],[22.19321,65.52578],[22.21876,65.50678]]}},{"type":"Feature","properties":{"layer":"coastline"},"geometry":{"type":"LineString","coordinates":[[22.57797,65.58275],[22.5359,65.58137],[22.52914,65.57624],[22.53932,65.56367],[22.59742,65.55394],[22.61394,65.57144],[22.63746,65.57966],[22.64145,65.5891],[22.62582,65.59341],[22.57797,65.58275]]}},{"type":"Feature","properties":{"layer":"coastline"},"geometry":{"type":"LineString","coordinates":[[22.57016,65.59479],[22.58912,65.59374],[22.6045,65.60029],[22.59506,65.61298],[22.56813,65.61253],[22.55445,65.60537],[22.57016,65.59479]]}},{"type":"Feature","properties":{"layer":"coastline"},"geometry":{"type":"LineString","coordinates":[[22.96266,65.7163],[22.94484,65.72455],[22.95973,65.72533],[22.95623,65.73322],[22.93002,65.74189],[22.88624,65.73737],[22.88217,65.72044],[22.8991,65.7014],[22.92726,65.68452],[22.97193,65.66706],[22.96095,65.69013],[22.96404,65.69562],[22.98194,65.69359],[22.98512,65.70026],[22.96266,65.7163]]}},{"type":"Feature","properties":{"layer":"coastline"},"geometry":{"type":"LineString","coordinates":[[23.79721,65.75373],[23.78696,65.74364],[23.77516,65.74958],[23.75367,65.74128],[23.71355,65.7519],[23.70476,65.73599],[23.68963,65.74844],[23.68165,65.74307],[23.68149,65.72167],[23.69988,65.70746],[23.73829,65.69672],[23.78468,65.71821],[23.80275,65.74372],[23.79721,65.75373]]}},{"type":"Feature","properties":{"layer":"coastline"},"geometry":{"type":"LineString","coordinates":[[22.74106,65.71361],[22.80543,65.70523],[22.81137,65.7141],[22.79078,65.75031],[22.74684,65.77041],[22.73552,65.76634],[22.72625,65.72997],[22.72576,65.72403],[22.74106,65.71361]]}},{"type":"Feature","properties":{"layer":"coastline"},"geometry":{"type":"LineString","coordinates":[[17.54713,69.09211],[17.41969,69.07917],[17.36443,69.04711],[17.35255,69.03473],[17.34409,69.00324],[17.37664,68.98932],[17.40113,68.98932],[17.41896,68.9964],[17.45786,69.02717],[17.53891,69.05561],[17.55128,69.08124],[17.57211,69.08955],[17.54713,69.09211]]}},{"type":"Feature","properties":{"layer":"coastline"},"geometry":{"type":"LineString","coordinates":[[24.83693,71.09488],[24.8366,71.09955],[24.77931,71.09365],[24.74488,71.10879],[24.71258,71.10757],[24.70948,71.09772],[24.73911,71.07331],[24.73292,71.06859],[24.70484,71.06904],[24.70533,71.07852],[24.67164,71.08808],[24.61899,71.06932],[24.61427,71.05663],[24.72202,71.02656],[24.77003,71.02619],[24.78907,71.04707],[24.78907,71.05305],[24.77662,71.05923],[24.78761,71.06782],[24.82602,71.07685],[24.81235,71.07998],[24.83693,71.09488]]}},{"type":"Feature","properties":{"layer":"coastline"},"geometry":{"type":"LineString","coordinates":[[7.90414,54.18041],[7.89918,54.17817],[7.87989,54.19391],[7.89454,54.19465],[7.90414,54.18041]]}},{"type":"Feature","properties":{"layer":"coastline"},"geometry":{"type":"LineString","coordinates":[[7.91236,54.19229],[7.91765,54.187],[7.93344,54.18989],[7.92986,54.1953],[7.91236,54.19229]]}},{"type":"Feature","properties":{"layer":"coastline"},"geometry":{"type":"LineString","coordinates":[[5.76401,59.11787],[5.72096,59.12568],[5.69793,59.12018],[5.60792,59.13443],[5.57521,59.12401],[5.75074,59.07233],[5.77475,59.08055],[5.77589,59.11274],[5.76401,59.11787]]}},{"type":"Feature","properties":{"layer":"coastline"},"geometry":{"type":"LineString","coordinates":[[5.46209,59.21088],[5.43922,59.22993],[5.40382,59.24209],[5.3851,59.23412],[5.37534,59.21882],[5.38478,59.1953],[5.42742,59.17455],[5.43067,59.16474],[5.44321,59.15892],[5.46461,59.18309],[5.46811,59.19672],[5.46209,59.21088]]}},{"type":"Feature","properties":{"layer":"coastline"},"geometry":{"type":"LineString","coordinates":[[6.01637,59.29218],[5.95249,59.28392],[5.93246,59.26899],[5.92986,59.24348],[5.95818,59.22785],[6.05633,59.24071],[6.09181,59.26142],[6.09986,59.27656],[6.01637,59.29218]]}},{"type":"Feature","properties":{"layer":"coastline"},"geometry":{"type":"LineString","coordinates":[[22.49855,59.87763],[22.41383,59.86123],[22.41603,59.85293],[22.4437,59.85147],[22.51287,59.87373],[22.49855,59.87763]]}},{"type":"Feature","properties":{"layer":"coastline"},"geometry":{"type":"LineString","coordinates":[[20.28131,59.97662],[20.30191,59.99898],[20.33945,60.02011],[20.43675,60.00499],[20.44706,59.99518],[20.39858,59.98135],[20.32482,59.9772],[20.32237,59.96269],[20.30665,59.95362],[20.28371,59.95847],[20.28131,59.97662]]}},{"type":"Feature","properties":{"layer":"coastline"},"geometry":{"type":"LineString","coordinates":[[20.03365,60.06363],[20.06819,60.07265],[20.10127,60.09497],[20.13004,60.08693],[20.16326,60.08785],[20.19319,60.06557],[20.22522,60.00548],[20.21179,59.99115],[20.17512,59.97144],[20.18404,59.99294],[20.1715,59.99875],[20.12318,59.98887],[20.10525,59.99647],[20.12132,60.01663],[20.10426,60.02825],[20.07826,60.02822],[20.05846,60.0394],[20.02526,60.04248],[20.03365,60.06363]]}},{"type":"Feature","properties":{"layer":"coastline"},"geometry":{"type":"LineString","coordinates":[[21.60043,60.25483],[21.60678,60.26069],[21.60467,60.26879],[21.58693,60.26935],[21.56227,60.23994],[21.56349,60.22622],[21.60174,60.22256],[21.62672,60.25259],[21.60043,60.25483]]}},{"type":"Feature","properties":{"layer":"coastline"},"geometry":{"type":"LineString","coordinates":[[21.08863,60.48013],[21.0643,60.47435],[21.05926,60.46674],[21.06495,60.45478],[21.07838,60.44896],[21.08823,60.45222],[21.09669,60.46345],[21.08863,60.48013]]}},{"type":"Feature","properties":{"layer":"coastline"},"geometry":{"type":"LineString","coordinates":[[4.84588,60.62812],[4.82732,60.63141],[4.83033,60.64004],[4.82057,60.65644],[4.80144,60.66718],[4.79127,60.66608],[4.78614,60.64842],[4.79493,60.61542],[4.78541,60.61579],[4.78891,60.59748],[4.77947,60.59854],[4.78289,60.59276],[4.82097,60.58442],[4.84392,60.58975],[4.84083,60.60676],[4.85182,60.6142],[4.84588,60.62812]]}},{"type":"Feature","properties":{"layer":"coastline"},"geometry":{"type":"LineString","coordinates":[[21.25953,60.8531],[21.24586,60.84602],[21.22657,60.84711],[21.22153,60.85895],[21.20655,60.86319],[21.18629,60.85651],[21.20533,60.84325],[21.26319,60.83027],[21.26734,60.85106],[21.25953,60.8531]]}},{"type":"Feature","properties":{"layer":"coastline"},"geometry":{"type":"LineString","coordinates":[[21.42189,61.17674],[21.38917,61.19221],[21.38575,61.20099],[21.39137,61.20962],[21.38006,61.21402],[21.36313,61.20856],[21.34295,61.19062],[21.35239,61.17601],[21.38884,61.18098],[21.43165,61.17145],[21.42189,61.17674]]}},{"type":"Feature","properties":{"layer":"coastline"},"geometry":{"type":"LineString","coordinates":[[21.52125,61.63398],[21.48455,61.64045],[21.45997,61.62934],[21.47836,61.62084],[21.50782,61.61807],[21.52613,61.6291],[21.52125,61.63398]]}},{"type":"Feature","properties":{"layer":"coastline"},"geometry":{"type":"LineString","coordinates":[[4.83627,61.67455],[4.86541,61.65937],[4.8921,61.66279],[4.90284,61.65249],[4.90349,61.67617],[4.87745,61.70099],[4.87989,61.71198],[4.87029,61.71467],[4.85825,61.70222],[4.83286,61.69579],[4.83627,61.67455]]}},{"type":"Feature","properties":{"layer":"coastline"},"geometry":{"type":"LineString","coordinates":[[21.20851,62.94623],[21.22193,62.95136],[21.2212,62.96137],[21.21599,62.97516],[21.19565,62.99437],[21.15162,63.01032],[21.13038,63.0008],[21.14039,62.98457],[21.15935,62.97541],[21.15056,62.96357],[21.13649,62.96723],[21.14666,62.95327],[21.16814,62.94599],[21.19142,62.95392],[21.20851,62.94623]]}},{"type":"Feature","properties":{"layer":"coastline"},"geometry":{"type":"LineString","coordinates":[[14.40846,67.42577],[14.39918,67.42182],[14.40065,67.43659],[14.37176,67.44111],[14.30942,67.42308],[14.25912,67.39549],[14.24887,67.39533],[14.24855,67.3889],[14.22902,67.38418],[14.22674,67.37735],[14.25611,67.37385],[14.36647,67.39094],[14.3921,67.39851],[14.41285,67.41307],[14.4192,67.42341],[14.40846,67.42577]]}},{"type":"Feature","properties":{"layer":"city","name":"Aalborg","name_sv":"Aalborg","population":122219,"capital":false,"strategic_label":false},"geometry":{"type":"Point","coordinates":[9.91659,57.03371]}},{"type":"Feature","properties":{"layer":"city","name":"Assen","name_sv":"Assen","population":62237,"capital":false,"strategic_label":false},"geometry":{"type":"Point","coordinates":[6.55,53.0]}},{"type":"Feature","properties":{"layer":"city","name":"Babruysk","name_sv":"Babruysk","population":220517,"capital":false,"strategic_label":false},"geometry":{"type":"Point","coordinates":[29.19278,53.12656]}},{"type":"Feature","properties":{"layer":"city","name":"Baranavichy","name_sv":"Baranavichy","population":168772,"capital":false,"strategic_label":false},"geometry":{"type":"Point","coordinates":[26.01344,53.13685]}},{"type":"Feature","properties":{"layer":"city","name":"Barysaw","name_sv":"Barysaw","population":155389,"capital":false,"strategic_label":false},"geometry":{"type":"Point","coordinates":[28.49215,54.226]}},{"type":"Feature","properties":{"layer":"city","name":"Bergen","name_sv":"Bergen","population":213585,"capital":false,"strategic_label":false},"geometry":{"type":"Point","coordinates":[5.32452,60.391]}},{"type":"Feature","properties":{"layer":"city","name":"Białystok","name_sv":"Białystok","population":291855,"capital":false,"strategic_label":false},"geometry":{"type":"Point","coordinates":[23.18232,53.1317]}},{"type":"Feature","properties":{"layer":"city","name":"Borås","name_sv":"Borås","population":65008,"capital":false,"strategic_label":false},"geometry":{"type":"Point","coordinates":[12.93925,57.71776]}},{"type":"Feature","properties":{"layer":"city","name":"Bremen","name_sv":"Bremen","population":724909,"capital":false,"strategic_label":false},"geometry":{"type":"Point","coordinates":[8.80002,53.08]}},{"type":"Feature","properties":{"layer":"city","name":"Bremerhaven","name_sv":"Bremerhaven","population":137751,"capital":false,"strategic_label":false},"geometry":{"type":"Point","coordinates":[8.57998,53.55044]}},{"type":"Feature","properties":{"layer":"city","name":"Bydgoszcz","name_sv":"Bydgoszcz","population":366452,"capital":false,"strategic_label":false},"geometry":{"type":"Point","coordinates":[18.01,53.12041]}},{"type":"Feature","properties":{"layer":"city","name":"Bærum","name_sv":"Bærum","population":113659,"capital":false,"strategic_label":false},"geometry":{"type":"Point","coordinates":[11.34724,59.91349]}},{"type":"Feature","properties":{"layer":"city","name":"Daugavpils","name_sv":"Daugavpils","population":111564,"capital":false,"strategic_label":false},"geometry":{"type":"Point","coordinates":[26.51,55.87996]}},{"type":"Feature","properties":{"layer":"city","name":"Drammen","name_sv":"Drammen","population":90722,"capital":false,"strategic_label":false},"geometry":{"type":"Point","coordinates":[10.19923,59.73848]}},{"type":"Feature","properties":{"layer":"city","name":"Elbląg","name_sv":"Elbląg","population":127558,"capital":false,"strategic_label":false},"geometry":{"type":"Point","coordinates":[19.40319,54.15392]}},{"type":"Feature","properties":{"layer":"city","name":"Emden","name_sv":"Emden","population":51526,"capital":false,"strategic_label":false},"geometry":{"type":"Point","coordinates":[7.21666,53.36668]}},{"type":"Feature","properties":{"layer":"city","name":"Esbjerg","name_sv":"Esbjerg","population":72205,"capital":false,"strategic_label":false},"geometry":{"type":"Point","coordinates":[8.45002,55.46704]}},{"type":"Feature","properties":{"layer":"city","name":"Ełk","name_sv":"Ełk","population":55769,"capital":false,"strategic_label":false},"geometry":{"type":"Point","coordinates":[22.34999,53.8337]}},{"type":"Feature","properties":{"layer":"city","name":"Flensburg","name_sv":"Flensburg","population":97930,"capital":false,"strategic_label":false},"geometry":{"type":"Point","coordinates":[9.43332,54.78375]}},{"type":"Feature","properties":{"layer":"city","name":"Gatchina","name_sv":"Gatchina","population":90486,"capital":false,"strategic_label":false},"geometry":{"type":"Point","coordinates":[30.13334,59.57066]}},{"type":"Feature","properties":{"layer":"city","name":"Gdańsk","name_sv":"Gdańsk","population":740000,"capital":false,"strategic_label":false},"geometry":{"type":"Point","coordinates":[18.64004,54.35997]}},{"type":"Feature","properties":{"layer":"city","name":"Gdynia","name_sv":"Gdynia","population":314664,"capital":false,"strategic_label":false},"geometry":{"type":"Point","coordinates":[18.53002,54.52038]}},{"type":"Feature","properties":{"layer":"city","name":"Groningen","name_sv":"Groningen","population":216688,"capital":false,"strategic_label":false},"geometry":{"type":"Point","coordinates":[6.58,53.22041]}},{"type":"Feature","properties":{"layer":"city","name":"Grudziądz","name_sv":"Grudziądz","population":102443,"capital":false,"strategic_label":false},"geometry":{"type":"Point","coordinates":[18.75001,53.48039]}},{"type":"Feature","properties":{"layer":"city","name":"Gävle","name_sv":"Gävle","population":68635,"capital":false,"strategic_label":false},"geometry":{"type":"Point","coordinates":[17.16664,60.66698]}},{"type":"Feature","properties":{"layer":"city","name":"Göteborg","name_sv":"Göteborg","population":537797,"capital":false,"strategic_label":false},"geometry":{"type":"Point","coordinates":[11.97863,57.70915]}},{"type":"Feature","properties":{"layer":"city","name":"Halmstad","name_sv":"Halmstad","population":55657,"capital":false,"strategic_label":false},"geometry":{"type":"Point","coordinates":[12.85559,56.67177]}},{"type":"Feature","properties":{"layer":"city","name":"Hamburg","name_sv":"Hamburg","population":1757000,"capital":false,"strategic_label":false},"geometry":{"type":"Point","coordinates":[9.99805,53.55197]}},{"type":"Feature","properties":{"layer":"city","name":"Helsingborg","name_sv":"Helsingborg","population":91304,"capital":false,"strategic_label":false},"geometry":{"type":"Point","coordinates":[12.72327,56.04129]}},{"type":"Feature","properties":{"layer":"city","name":"Helsinki","name_sv":"Helsinki","population":1115000,"capital":true,"strategic_label":false},"geometry":{"type":"Point","coordinates":[24.93246,60.1638]}},{"type":"Feature","properties":{"layer":"city","name":"Hrodna","name_sv":"Hrodna","population":317365,"capital":false,"strategic_label":false},"geometry":{"type":"Point","coordinates":[23.83409,53.67787]}},{"type":"Feature","properties":{"layer":"city","name":"Jelgava","name_sv":"Jelgava","population":67207,"capital":false,"strategic_label":false},"geometry":{"type":"Point","coordinates":[23.71281,56.6527]}},{"type":"Feature","properties":{"layer":"city","name":"Joensuu","name_sv":"Joensuu","population":53388,"capital":false,"strategic_label":false},"geometry":{"type":"Point","coordinates":[29.76665,62.59999]}},{"type":"Feature","properties":{"layer":"city","name":"Jyväskylä","name_sv":"Jyväskylä","population":98136,"capital":false,"strategic_label":false},"geometry":{"type":"Point","coordinates":[25.74999,62.26035]}},{"type":"Feature","properties":{"layer":"city","name":"Jönköping","name_sv":"Jönköping","population":89780,"capital":false,"strategic_label":false},"geometry":{"type":"Point","coordinates":[14.16502,57.77134]}},{"type":"Feature","properties":{"layer":"city","name":"Kaliningrad","name_sv":"Kaliningrad","population":434954,"capital":false,"strategic_label":true},"geometry":{"type":"Point","coordinates":[20.49734,54.70001]}},{"type":"Feature","properties":{"layer":"city","name":"Karlstad","name_sv":"Karlstad","population":74141,"capital":false,"strategic_label":false},"geometry":{"type":"Point","coordinates":[13.49994,59.36714]}},{"type":"Feature","properties":{"layer":"city","name":"Kaunas","name_sv":"Kaunas","population":374643,"capital":false,"strategic_label":false},"geometry":{"type":"Point","coordinates":[23.88003,54.9504]}},{"type":"Feature","properties":{"layer":"city","name":"Kiel","name_sv":"Kiel","population":269427,"capital":false,"strategic_label":false},"geometry":{"type":"Point","coordinates":[10.13002,54.33039]}},{"type":"Feature","properties":{"layer":"city","name":"Kiruna","name_sv":"Kiruna","population":18154,"capital":false,"strategic_label":true},"geometry":{"type":"Point","coordinates":[20.21664,67.85]}},{"type":"Feature","properties":{"layer":"city","name":"Klaipėda","name_sv":"Klaipėda","population":192307,"capital":false,"strategic_label":false},"geometry":{"type":"Point","coordinates":[21.11994,55.72041]}},{"type":"Feature","properties":{"layer":"city","name":"Kolpino","name_sv":"Kolpino","population":225801,"capital":false,"strategic_label":false},"geometry":{"type":"Point","coordinates":[30.65001,59.73001]}},{"type":"Feature","properties":{"layer":"city","name":"Koszalin","name_sv":"Koszalin","population":107450,"capital":false,"strategic_label":false},"geometry":{"type":"Point","coordinates":[16.18333,54.2]}},{"type":"Feature","properties":{"layer":"city","name":"Kristiansand","name_sv":"Kristiansand","population":63814,"capital":false,"strategic_label":false},"geometry":{"type":"Point","coordinates":[7.97498,58.14562]}},{"type":"Feature","properties":{"layer":"city","name":"Kuopio","name_sv":"Kuopio","population":91900,"capital":false,"strategic_label":false},"geometry":{"type":"Point","coordinates":[27.69494,62.89429]}},{"type":"Feature","properties":{"layer":"city","name":"København","name_sv":"København","population":1085000,"capital":true,"strategic_label":false},"geometry":{"type":"Point","coordinates":[12.56154,55.68051]}},{"type":"Feature","properties":{"layer":"city","name":"Lahti","name_sv":"Lahti","population":98826,"capital":false,"strategic_label":false},"geometry":{"type":"Point","coordinates":[25.66493,60.99386]}},{"type":"Feature","properties":{"layer":"city","name":"Lappeenranta","name_sv":"Lappeenranta","population":59276,"capital":false,"strategic_label":false},"geometry":{"type":"Point","coordinates":[28.18333,61.06706]}},{"type":"Feature","properties":{"layer":"city","name":"Leeuwarden","name_sv":"Leeuwarden","population":125778,"capital":false,"strategic_label":false},"geometry":{"type":"Point","coordinates":[5.78336,53.25038]}},{"type":"Feature","properties":{"layer":"city","name":"Lida","name_sv":"Lida","population":100216,"capital":false,"strategic_label":false},"geometry":{"type":"Point","coordinates":[25.28465,53.88848]}},{"type":"Feature","properties":{"layer":"city","name":"Liepaga","name_sv":"Liepaga","population":85132,"capital":false,"strategic_label":false},"geometry":{"type":"Point","coordinates":[21.01002,56.50997]}},{"type":"Feature","properties":{"layer":"city","name":"Linköping","name_sv":"Linköping","population":96732,"capital":false,"strategic_label":false},"geometry":{"type":"Point","coordinates":[15.62994,58.41001]}},{"type":"Feature","properties":{"layer":"city","name":"Luleå","name_sv":"Luleå","population":48638,"capital":false,"strategic_label":true},"geometry":{"type":"Point","coordinates":[22.15838,65.59664]}},{"type":"Feature","properties":{"layer":"city","name":"Lübeck","name_sv":"Lübeck","population":235390,"capital":false,"strategic_label":false},"geometry":{"type":"Point","coordinates":[10.66998,53.87039]}},{"type":"Feature","properties":{"layer":"city","name":"Mahilyow","name_sv":"Mahilyow","population":369200,"capital":false,"strategic_label":false},"geometry":{"type":"Point","coordinates":[30.32465,53.89851]}},{"type":"Feature","properties":{"layer":"city","name":"Maladzyechna","name_sv":"Maladzyechna","population":101300,"capital":false,"strategic_label":false},"geometry":{"type":"Point","coordinates":[26.86533,54.31879]}},{"type":"Feature","properties":{"layer":"city","name":"Malmö","name_sv":"Malmö","population":269349,"capital":false,"strategic_label":false},"geometry":{"type":"Point","coordinates":[13.02306,55.59942]}},{"type":"Feature","properties":{"layer":"city","name":"Mariehamn","name_sv":"Mariehamn","population":10682,"capital":false,"strategic_label":true},"geometry":{"type":"Point","coordinates":[19.949,60.097]}},{"type":"Feature","properties":{"layer":"city","name":"Minsk","name_sv":"Minsk","population":1805000,"capital":true,"strategic_label":false},"geometry":{"type":"Point","coordinates":[27.56468,53.90192]}},{"type":"Feature","properties":{"layer":"city","name":"Narva","name_sv":"Narva","population":66980,"capital":false,"strategic_label":false},"geometry":{"type":"Point","coordinates":[28.16029,59.37763]}},{"type":"Feature","properties":{"layer":"city","name":"Norrköping","name_sv":"Norrköping","population":88639,"capital":false,"strategic_label":false},"geometry":{"type":"Point","coordinates":[16.17869,58.59543]}},{"type":"Feature","properties":{"layer":"city","name":"Odense","name_sv":"Odense","population":158222,"capital":false,"strategic_label":false},"geometry":{"type":"Point","coordinates":[10.38334,55.40038]}},{"type":"Feature","properties":{"layer":"city","name":"Oldenburg","name_sv":"Oldenburg","population":167458,"capital":false,"strategic_label":false},"geometry":{"type":"Point","coordinates":[8.22,53.13]}},{"type":"Feature","properties":{"layer":"city","name":"Olsztyn","name_sv":"Olsztyn","population":186670,"capital":false,"strategic_label":false},"geometry":{"type":"Point","coordinates":[20.48556,53.77258]}},{"type":"Feature","properties":{"layer":"city","name":"Orsha","name_sv":"Orsha","population":135206,"capital":false,"strategic_label":false},"geometry":{"type":"Point","coordinates":[30.42154,54.51532]}},{"type":"Feature","properties":{"layer":"city","name":"Oslo","name_sv":"Oslo","population":835000,"capital":true,"strategic_label":false},"geometry":{"type":"Point","coordinates":[10.74803,59.91864]}},{"type":"Feature","properties":{"layer":"city","name":"Oulu","name_sv":"Oulu","population":136752,"capital":false,"strategic_label":false},"geometry":{"type":"Point","coordinates":[25.47001,65.0]}},{"type":"Feature","properties":{"layer":"city","name":"Panevežys","name_sv":"Panevežys","population":127405,"capital":false,"strategic_label":false},"geometry":{"type":"Point","coordinates":[24.37003,55.74002]}},{"type":"Feature","properties":{"layer":"city","name":"Polatsk","name_sv":"Polatsk","population":82258,"capital":false,"strategic_label":false},"geometry":{"type":"Point","coordinates":[28.78598,55.48939]}},{"type":"Feature","properties":{"layer":"city","name":"Pori","name_sv":"Pori","population":76772,"capital":false,"strategic_label":false},"geometry":{"type":"Point","coordinates":[21.77494,61.4789]}},{"type":"Feature","properties":{"layer":"city","name":"Pskov","name_sv":"Pskov","population":201990,"capital":false,"strategic_label":false},"geometry":{"type":"Point","coordinates":[28.32994,57.83]}},{"type":"Feature","properties":{"layer":"city","name":"Riga","name_sv":"Riga","population":742572,"capital":true,"strategic_label":false},"geometry":{"type":"Point","coordinates":[24.09997,56.95002]}},{"type":"Feature","properties":{"layer":"city","name":"Roslavl","name_sv":"Roslavl","population":56971,"capital":false,"strategic_label":false},"geometry":{"type":"Point","coordinates":[32.86041,53.9509]}},{"type":"Feature","properties":{"layer":"city","name":"Rostock","name_sv":"Rostock","population":203080,"capital":false,"strategic_label":false},"geometry":{"type":"Point","coordinates":[12.15,54.07038]}},{"type":"Feature","properties":{"layer":"city","name":"Schwerin","name_sv":"Schwerin","population":96641,"capital":false,"strategic_label":false},"geometry":{"type":"Point","coordinates":[11.4167,53.6333]}},{"type":"Feature","properties":{"layer":"city","name":"Skien","name_sv":"Skien","population":73330,"capital":false,"strategic_label":false},"geometry":{"type":"Point","coordinates":[9.60002,59.19999]}},{"type":"Feature","properties":{"layer":"city","name":"Smolensk","name_sv":"Smolensk","population":320991,"capital":false,"strategic_label":false},"geometry":{"type":"Point","coordinates":[32.04734,54.78269]}},{"type":"Feature","properties":{"layer":"city","name":"St.  Petersburg","name_sv":"St.  Petersburg","population":4553000,"capital":false,"strategic_label":false},"geometry":{"type":"Point","coordinates":[30.31407,59.94096]}},{"type":"Feature","properties":{"layer":"city","name":"Stavanger","name_sv":"Stavanger","population":173132,"capital":false,"strategic_label":false},"geometry":{"type":"Point","coordinates":[5.68,58.97]}},{"type":"Feature","properties":{"layer":"city","name":"Stockholm","name_sv":"Stockholm","population":1264000,"capital":true,"strategic_label":false},"geometry":{"type":"Point","coordinates":[18.0663,59.32413]}},{"type":"Feature","properties":{"layer":"city","name":"Stralsund","name_sv":"Stralsund","population":61368,"capital":false,"strategic_label":false},"geometry":{"type":"Point","coordinates":[13.10002,54.30042]}},{"type":"Feature","properties":{"layer":"city","name":"Sundsvall","name_sv":"Sundsvall","population":73389,"capital":false,"strategic_label":false},"geometry":{"type":"Point","coordinates":[17.31666,62.40005]}},{"type":"Feature","properties":{"layer":"city","name":"Szczecin","name_sv":"Szczecin","population":407811,"capital":false,"strategic_label":false},"geometry":{"type":"Point","coordinates":[14.53001,53.42039]}},{"type":"Feature","properties":{"layer":"city","name":"Tallinn","name_sv":"Tallinn","population":394024,"capital":true,"strategic_label":false},"geometry":{"type":"Point","coordinates":[24.72804,59.43388]}},{"type":"Feature","properties":{"layer":"city","name":"Tampere","name_sv":"Tampere","population":259279,"capital":false,"strategic_label":false},"geometry":{"type":"Point","coordinates":[23.75001,61.50001]}},{"type":"Feature","properties":{"layer":"city","name":"Tartu","name_sv":"Tartu","population":101092,"capital":false,"strategic_label":false},"geometry":{"type":"Point","coordinates":[26.70988,58.38394]}},{"type":"Feature","properties":{"layer":"city","name":"Tromsø","name_sv":"Tromsø","population":52436,"capital":false,"strategic_label":false},"geometry":{"type":"Point","coordinates":[18.99203,69.63508]}},{"type":"Feature","properties":{"layer":"city","name":"Trondheim","name_sv":"Trondheim","population":147139,"capital":false,"strategic_label":false},"geometry":{"type":"Point","coordinates":[10.41667,63.41666]}},{"type":"Feature","properties":{"layer":"city","name":"Turku","name_sv":"Turku","population":175945,"capital":false,"strategic_label":false},"geometry":{"type":"Point","coordinates":[22.25496,60.45387]}},{"type":"Feature","properties":{"layer":"city","name":"Umeå","name_sv":"Umeå","population":78197,"capital":false,"strategic_label":false},"geometry":{"type":"Point","coordinates":[20.23999,63.82999]}},{"type":"Feature","properties":{"layer":"city","name":"Uppsala","name_sv":"Uppsala","population":133117,"capital":false,"strategic_label":false},"geometry":{"type":"Point","coordinates":[17.64,59.86005]}},{"type":"Feature","properties":{"layer":"city","name":"Vaasa","name_sv":"Vaasa","population":57014,"capital":false,"strategic_label":false},"geometry":{"type":"Point","coordinates":[21.60001,63.09998]}},{"type":"Feature","properties":{"layer":"city","name":"Vejle","name_sv":"Vejle","population":51177,"capital":false,"strategic_label":false},"geometry":{"type":"Point","coordinates":[9.535,55.709]}},{"type":"Feature","properties":{"layer":"city","name":"Velikiy Novgorod","name_sv":"Velikiy Novgorod","population":218717,"capital":false,"strategic_label":false},"geometry":{"type":"Point","coordinates":[31.33001,58.49998]}},{"type":"Feature","properties":{"layer":"city","name":"Velikiye Luki","name_sv":"Velikiye Luki","population":103149,"capital":false,"strategic_label":false},"geometry":{"type":"Point","coordinates":[30.52004,56.31996]}},{"type":"Feature","properties":{"layer":"city","name":"Vilnius","name_sv":"Vilnius","population":542366,"capital":true,"strategic_label":false},"geometry":{"type":"Point","coordinates":[25.31664,54.68337]}},{"type":"Feature","properties":{"layer":"city","name":"Visby","name_sv":"Visby","population":22593,"capital":false,"strategic_label":true},"geometry":{"type":"Point","coordinates":[18.30001,57.63365]}},{"type":"Feature","properties":{"layer":"city","name":"Vitsyebsk","name_sv":"Vitsyebsk","population":342700,"capital":false,"strategic_label":false},"geometry":{"type":"Point","coordinates":[30.18533,55.18871]}},{"type":"Feature","properties":{"layer":"city","name":"Vyborg","name_sv":"Vyborg","population":117201,"capital":false,"strategic_label":false},"geometry":{"type":"Point","coordinates":[28.75493,60.70388]}},{"type":"Feature","properties":{"layer":"city","name":"Västerås","name_sv":"Västerås","population":107194,"capital":false,"strategic_label":false},"geometry":{"type":"Point","coordinates":[16.55768,59.60908]}},{"type":"Feature","properties":{"layer":"city","name":"Växjö","name_sv":"Växjö","population":59600,"capital":false,"strategic_label":false},"geometry":{"type":"Point","coordinates":[14.81671,56.8837]}},{"type":"Feature","properties":{"layer":"city","name":"Århus","name_sv":"Århus","population":237551,"capital":false,"strategic_label":false},"geometry":{"type":"Point","coordinates":[10.21068,56.1572]}},{"type":"Feature","properties":{"layer":"city","name":"Örebro","name_sv":"Örebro","population":98573,"capital":false,"strategic_label":false},"geometry":{"type":"Point","coordinates":[15.21999,59.28035]}},{"type":"Feature","properties":{"layer":"city","name":"Šiauliai","name_sv":"Šiauliai","population":133528,"capital":false,"strategic_label":false},"geometry":{"type":"Point","coordinates":[23.32503,55.93864]}}]}
